UNITID,INSTNM,STABBR,name_of_state,institution_cat,year,tuition,enrollment,core_revenue,core_expense,pct_tuition_fee,pct_state_app,pct_local_app,pct_gov_grants,pct_private_grants,pct_investment_return,pct_other_revenue,pct_instruction,pct_research,pct_public_service,pct_academic_support,pct_student_services,pct_institutional_support,pct_other_expense
102553,University of Alaska Anchorage,AK,Alaska,"Degree-granting, primarily baccalaureate or above",2015,5545,1869,337457344,287008058,22,41,0,13,3,0,21,46,6,7,11,12,12,5
102553,University of Alaska Anchorage,AK,Alaska,"Degree-granting, primarily baccalaureate or above",2016,5784,1744,330696593,295728099,23,40,0,13,3,0,20,45,7,7,11,12,13,5
102553,University of Alaska Anchorage,AK,Alaska,"Degree-granting, primarily baccalaureate or above",2017,6690,1877,272837372,295216701,28,45,0,15,4,0,7,43,7,6,10,11,11,11
102553,University of Alaska Anchorage,AK,Alaska,"Degree-granting, primarily baccalaureate or above",2018,8580,1606,269788030,283196552,29,45,0,16,5,0,5,45,7,7,10,12,12,7
102553,University of Alaska Anchorage,AK,Alaska,"Degree-granting, primarily baccalaureate or above",2019,8103,1356,278353796,279269809,28,45,0,16,5,0,7,46,8,7,12,12,12,4
102553,University of Alaska Anchorage,AK,Alaska,"Degree-granting, primarily baccalaureate or above",2020,8622,1057,252387296,249201927,28,45,0,19,4,0,4,44,10,7,12,12,13,2
102553,University of Alaska Anchorage,AK,Alaska,"Degree-granting, primarily baccalaureate or above",2021,8622,990,253573094,249702447,25,41,0,26,3,0,4,41,8,10,11,10,14,5
102553,University of Alaska Anchorage,AK,Alaska,"Degree-granting, primarily baccalaureate or above",2022,7508,1072,253257757,258584750,23,42,0,27,4,0,4,39,8,10,11,11,15,5
102614,University of Alaska Fairbanks,AK,Alaska,"Degree-granting, primarily baccalaureate or above",2015,5674,798,448638454,389824828,9,41,0,26,6,0,18,28,36,8,10,7,9,2
102614,University of Alaska Fairbanks,AK,Alaska,"Degree-granting, primarily baccalaureate or above",2016,5976,775,414345079,400385649,11,42,0,29,6,0,12,27,37,9,10,6,9,2
102614,University of Alaska Fairbanks,AK,Alaska,"Degree-granting, primarily baccalaureate or above",2017,6262,804,381151597,388352645,12,43,0,32,7,0,6,24,36,10,10,6,8,7
102614,University of Alaska Fairbanks,AK,Alaska,"Degree-granting, primarily baccalaureate or above",2018,6657,746,397994430,372736722,11,40,0,28,7,0,14,25,38,10,10,6,8,3
102614,University of Alaska Fairbanks,AK,Alaska,"Degree-granting, primarily baccalaureate or above",2019,7080,686,395019006,376279770,11,42,0,29,7,0,12,25,40,8,10,7,9,1
102614,University of Alaska Fairbanks,AK,Alaska,"Degree-granting, primarily baccalaureate or above",2020,7176,668,367917731,342583711,11,41,0,33,8,0,7,25,42,9,10,7,9,-2
102614,University of Alaska Fairbanks,AK,Alaska,"Degree-granting, primarily baccalaureate or above",2021,7248,678,386369878,378547947,11,36,0,42,8,0,4,22,43,8,9,6,10,2
102632,University of Alaska Southeast,AK,Alaska,"Degree-granting, not primarily baccalaureate or above",2015,6132,196,56423207,47416892,20,53,0,14,1,0,12,51,3,1,15,10,16,3
102632,University of Alaska Southeast,AK,Alaska,"Degree-granting, not primarily baccalaureate or above",2016,6732,162,54368248,48872793,21,52,0,12,1,0,14,48,3,1,14,10,20,3
102632,University of Alaska Southeast,AK,Alaska,"Degree-granting, not primarily baccalaureate or above",2017,6828,193,50152491,48204751,23,51,0,14,1,0,11,47,3,1,13,11,20,5
102632,University of Alaska Southeast,AK,Alaska,"Degree-granting, not primarily baccalaureate or above",2018,7092,219,52890050,45987760,21,48,0,11,1,0,20,47,3,1,13,11,20,6
102632,University of Alaska Southeast,AK,Alaska,"Degree-granting, not primarily baccalaureate or above",2019,6696,172,46954092,45122388,24,56,0,10,2,0,7,50,3,0,15,11,21,0
102632,University of Alaska Southeast,AK,Alaska,"Degree-granting, not primarily baccalaureate or above",2020,6960,155,44467226,40944609,24,59,0,12,2,0,2,50,3,1,15,11,23,-2
102632,University of Alaska Southeast,AK,Alaska,"Degree-granting, not primarily baccalaureate or above",2021,6960,149,46128590,39932946,23,57,0,14,2,1,2,47,3,1,14,12,21,2
102632,University of Alaska Southeast,AK,Alaska,"Degree-granting, not primarily baccalaureate or above",2022,6960,165,45521733,39388313,22,58,0,15,3,0,2,51,4,1,14,12,20,-1
100654,Alabama A & M University,AL,Alabama,"Degree-granting, primarily baccalaureate or above",2015,9366,1461,142036645,139489776,31,28,0,28,2,0,10,26,6,13,5,12,23,14
100654,Alabama A & M University,AL,Alabama,"Degree-granting, primarily baccalaureate or above",2016,9366,1568,136330100,132815280,34,30,0,30,2,0,4,21,5,10,4,12,17,30
100654,Alabama A & M University,AL,Alabama,"Degree-granting, primarily baccalaureate or above",2017,9857,1294,139935686,137637826,33,29,0,29,2,0,6,27,7,12,6,15,20,14
100654,Alabama A & M University,AL,Alabama,"Degree-granting, primarily baccalaureate or above",2018,9744,1529,138305413,137569681,30,30,0,30,2,0,8,22,9,9,5,12,13,31
100654,Alabama A & M University,AL,Alabama,"Degree-granting, primarily baccalaureate or above",2019,10024,1710,143112797,146878227,33,30,0,30,2,0,6,22,9,9,6,14,11,29
100654,Alabama A & M University,AL,Alabama,"Degree-granting, primarily baccalaureate or above",2020,10024,1664,156401753,149484912,32,30,0,33,1,0,4,20,6,8,5,18,7,36
100654,Alabama A & M University,AL,Alabama,"Degree-granting, primarily baccalaureate or above",2021,10024,1534,315163286,205837393,16,15,0,34,1,0,35,20,6,8,4,15,5,41
100654,Alabama A & M University,AL,Alabama,"Degree-granting, primarily baccalaureate or above",2022,10024,1724,187449331,197667444,28,29,0,38,2,0,4,18,7,7,3,28,12,25
100724,Alabama State University,AL,Alabama,"Degree-granting, primarily baccalaureate or above",2015,8970,1021,125940253,132799940,33,33,0,24,2,0,8,32,2,5,9,13,24,15
100724,Alabama State University,AL,Alabama,"Degree-granting, primarily baccalaureate or above",2016,9220,1172,130600011,129169849,33,32,0,24,2,1,7,32,2,4,10,13,23,16
100724,Alabama State University,AL,Alabama,"Degree-granting, primarily baccalaureate or above",2017,11068,967,134555678,129038612,34,32,0,24,2,1,8,31,3,4,9,13,25,14
100724,Alabama State University,AL,Alabama,"Degree-granting, primarily baccalaureate or above",2018,11068,1038,136358750,135343719,34,32,0,24,3,1,7,29,3,5,9,13,30,12
100724,Alabama State University,AL,Alabama,"Degree-granting, primarily baccalaureate or above",2019,11068,1023,134993142,134888910,30,35,0,25,2,1,7,29,3,4,9,12,27,16
100724,Alabama State University,AL,Alabama,"Degree-granting, primarily baccalaureate or above",2020,11068,975,145518903,132681074,25,34,0,32,2,0,6,29,3,4,10,12,30,13
100724,Alabama State University,AL,Alabama,"Degree-granting, primarily baccalaureate or above",2021,11068,890,289098859,125091678,12,18,0,21,1,1,48,30,3,3,10,12,27,15
100724,Alabama State University,AL,Alabama,"Degree-granting, primarily baccalaureate or above",2022,11068,943,160173542,150220501,22,34,0,35,2,-2,8,24,3,3,12,14,27,17
100858,Auburn University,AL,Alabama,"Degree-granting, primarily baccalaureate or above",2015,10424,4902,846178010,713358897,43,26,0,12,7,3,9,39,18,15,11,5,10,2
100858,Auburn University,AL,Alabama,"Degree-granting, primarily baccalaureate or above",2016,10696,4529,903523466,812546191,42,25,0,12,7,4,10,31,15,12,7,3,9,23
100858,Auburn University,AL,Alabama,"Degree-granting, primarily baccalaureate or above",2017,10968,4836,954934130,830632492,44,24,0,12,6,4,10,39,20,14,10,5,10,2
100858,Auburn University,AL,Alabama,"Degree-granting, primarily baccalaureate or above",2018,11276,4783,1001708038,892070563,46,23,0,12,6,3,10,36,22,13,12,5,11,2
100858,Auburn University,AL,Alabama,"Degree-granting, primarily baccalaureate or above",2019,11492,4808,1076976817,949547458,45,23,0,12,6,6,9,27,22,11,14,4,9,12
100858,Auburn University,AL,Alabama,"Degree-granting, primarily baccalaureate or above",2020,11796,4914,1105920736,953491329,45,24,0,14,6,5,7,26,23,11,15,4,10,11
100858,Auburn University,AL,Alabama,"Degree-granting, primarily baccalaureate or above",2021,11826,5311,1265511164,1026211258,40,21,0,18,5,6,9,24,23,10,14,4,11,14
100858,Auburn University,AL,Alabama,"Degree-granting, primarily baccalaureate or above",2022,12176,5303,1003476546,1036268551,51,29,0,18,7,-13,9,24,25,11,15,4,11,9
100830,Auburn University at Montgomery,AL,Alabama,"Degree-granting, primarily baccalaureate or above",2015,9350,620,80645171,82284490,40,28,0,22,1,2,6,34,1,16,6,9,15,21
100830,Auburn University at Montgomery,AL,Alabama,"Degree-granting, primarily baccalaureate or above",2016,9640,594,80805445,84283576,40,28,0,22,5,-1,5,34,0,15,6,9,16,20
100830,Auburn University at Montgomery,AL,Alabama,"Degree-granting, primarily baccalaureate or above",2017,8020,652,83561573,81692439,41,28,0,21,2,5,4,36,1,13,6,8,13,23
100830,Auburn University at Montgomery,AL,Alabama,"Degree-granting, primarily baccalaureate or above",2018,8404,757,84749133,81510486,42,28,0,20,2,3,5,37,1,9,5,8,15,25
100830,Auburn University at Montgomery,AL,Alabama,"Degree-granting, primarily baccalaureate or above",2019,8620,626,85599451,82632452,46,30,0,18,1,1,4,37,1,5,5,9,17,25
100830,Auburn University at Montgomery,AL,Alabama,"Degree-granting, primarily baccalaureate or above",2020,8860,674,89554986,83237889,43,30,0,21,1,3,2,36,0,6,6,9,17,27
100830,Auburn University at Montgomery,AL,Alabama,"Degree-granting, primarily baccalaureate or above",2021,8860,539,109423951,95406075,34,25,0,27,1,10,2,35,1,5,6,9,16,29
100830,Auburn University at Montgomery,AL,Alabama,"Degree-granting, primarily baccalaureate or above",2022,9100,407,113742937,99021909,35,38,0,24,1,0,2,38,1,3,6,10,12,31
101480,Jacksonville State University,AL,Alabama,"Degree-granting, primarily baccalaureate or above",2015,7500,1049,107303304,108918211,42,34,0,21,0,0,3,48,3,3,7,14,13,12
101480,Jacksonville State University,AL,Alabama,"Degree-granting, primarily baccalaureate or above",2016,7500,1320,108950313,112041212,41,34,0,21,0,1,3,46,3,2,7,16,15,11
101480,Jacksonville State University,AL,Alabama,"Degree-granting, primarily baccalaureate or above",2017,8166,1147,112776000,117774679,42,34,0,20,0,1,3,45,3,2,7,15,16,11
101480,Jacksonville State University,AL,Alabama,"Degree-granting, primarily baccalaureate or above",2018,8760,1073,187209000,152196834,25,21,0,13,0,1,40,45,3,2,7,16,18,8
101480,Jacksonville State University,AL,Alabama,"Degree-granting, primarily baccalaureate or above",2019,11120,1493,168110000,126762482,31,25,0,29,0,1,14,38,2,2,6,17,17,19
101480,Jacksonville State University,AL,Alabama,"Degree-granting, primarily baccalaureate or above",2020,11120,1313,160371000,152479392,39,28,0,24,0,0,9,37,1,2,6,15,17,22
101480,Jacksonville State University,AL,Alabama,"Degree-granting, primarily baccalaureate or above",2021,11120,1818,146556692,152289428,35,30,0,28,0,1,6,39,0,1,6,14,18,21
101480,Jacksonville State University,AL,Alabama,"Degree-granting, primarily baccalaureate or above",2022,11952,1941,163423508,153353420,34,29,0,27,0,0,10,35,0,2,6,20,21,15
101648,Marion Military Institute,AL,Alabama,"Degree-granting, associate's and certificates  ",2015,8778,275,9769480,10470951,13,65,0,10,10,0,2,22,0,0,9,36,32,1
101648,Marion Military Institute,AL,Alabama,"Degree-granting, associate's and certificates  ",2016,9418,275,9684098,10791805,14,71,0,9,5,0,1,23,0,0,10,38,28,0
101648,Marion Military Institute,AL,Alabama,"Degree-granting, associate's and certificates  ",2017,9418,281,11595005,11780395,9,68,0,11,10,0,1,16,0,0,10,28,20,27
101648,Marion Military Institute,AL,Alabama,"Degree-granting, associate's and certificates  ",2018,9418,230,12526632,11877986,8,63,0,10,18,0,1,15,0,0,10,28,21,26
101648,Marion Military Institute,AL,Alabama,"Degree-granting, associate's and certificates  ",2019,9418,292,11622590,12447453,8,64,0,10,8,0,10,14,0,0,10,26,19,31
101648,Marion Military Institute,AL,Alabama,"Degree-granting, associate's and certificates  ",2020,9418,255,13284215,12706678,8,68,0,14,8,0,2,13,0,0,6,25,17,39
101648,Marion Military Institute,AL,Alabama,"Degree-granting, associate's and certificates  ",2021,9218,181,16474614,15458263,7,55,0,33,4,0,1,11,0,0,7,23,16,44
101648,Marion Military Institute,AL,Alabama,"Degree-granting, associate's and certificates  ",2022,9538,195,15273980,13302004,6,70,0,21,3,0,0,12,0,0,5,26,16,41
100751,The University of Alabama,AL,Alabama,"Degree-granting, primarily baccalaureate or above",2015,10170,7211,836040319,737948200,54,17,0,13,7,-5,13,47,8,7,12,8,14,4
100751,The University of Alabama,AL,Alabama,"Degree-granting, primarily baccalaureate or above",2016,10470,7559,953505593,798334742,50,16,0,11,6,6,12,46,8,7,12,8,15,5
100751,The University of Alabama,AL,Alabama,"Degree-granting, primarily baccalaureate or above",2017,10780,7407,1080469582,834166134,45,14,0,10,6,15,11,46,8,7,12,8,15,3
100751,The University of Alabama,AL,Alabama,"Degree-granting, primarily baccalaureate or above",2018,10780,6663,1094684351,879898796,47,14,0,10,5,8,15,43,9,6,13,8,15,6
100751,The University of Alabama,AL,Alabama,"Degree-granting, primarily baccalaureate or above",2019,10780,6764,1005287458,916583661,53,17,0,12,4,1,13,39,9,6,12,7,13,13
100751,The University of Alabama,AL,Alabama,"Degree-granting, primarily baccalaureate or above",2020,11620,6507,1092564831,885772847,48,17,0,13,5,-1,17,39,10,6,12,7,13,14
100751,The University of Alabama,AL,Alabama,"Degree-granting, primarily baccalaureate or above",2021,11620,7593,1504833530,954420360,32,13,0,15,5,27,9,33,12,6,12,6,14,17
100751,The University of Alabama,AL,Alabama,"Degree-granting, primarily baccalaureate or above",2022,11940,8037,833649318,943961972,58,23,0,19,6,-34,27,33,18,7,12,8,13,10
102368,Troy University,AL,Alabama,"Degree-granting, primarily baccalaureate or above",2015,7924,2084,231810437,234289070,54,20,0,20,0,0,6,37,0,8,7,12,24,12
102368,Troy University,AL,Alabama,"Degree-granting, primarily baccalaureate or above",2016,8260,1960,232936761,241508267,53,20,0,19,0,2,5,37,0,9,7,17,17,12
102368,Troy University,AL,Alabama,"Degree-granting, primarily baccalaureate or above",2017,8692,2160,243143049,246083171,52,20,0,19,0,3,5,37,0,9,7,16,18,13
102368,Troy University,AL,Alabama,"Degree-granting, primarily baccalaureate or above",2018,8908,1929,248036627,248776142,51,20,0,19,0,3,6,35,0,9,7,16,19,13
102368,Troy University,AL,Alabama,"Degree-granting, primarily baccalaureate or above",2019,8908,1679,248136314,246503396,50,23,0,20,0,2,6,37,0,9,8,17,17,12
102368,Troy University,AL,Alabama,"Degree-granting, primarily baccalaureate or above",2020,8908,1857,275875190,235860787,45,22,0,20,0,6,6,38,0,10,8,17,17,11
102368,Troy University,AL,Alabama,"Degree-granting, primarily baccalaureate or above",2021,9312,1596,296544774,254278607,41,21,0,28,0,7,4,34,1,9,7,16,16,18
102368,Troy University,AL,Alabama,"Degree-granting, primarily baccalaureate or above",2022,9312,1683,242542462,242982811,45,28,0,27,0,-10,9,36,1,10,8,18,17,11
100663,University of Alabama at Birmingham,AL,Alabama,"Degree-granting, primarily baccalaureate or above",2015,7766,1621,991814428,1073678297,17,27,0,38,11,-7,14,27,25,14,16,3,13,2
100663,University of Alabama at Birmingham,AL,Alabama,"Degree-granting, primarily baccalaureate or above",2016,8040,2021,1214467153,1103350993,15,22,0,32,8,10,14,26,24,14,16,4,13,2
100663,University of Alabama at Birmingham,AL,Alabama,"Degree-granting, primarily baccalaureate or above",2017,8328,2299,1323611211,1187059435,16,21,0,30,8,12,14,26,25,15,16,4,12,2
100663,University of Alabama at Birmingham,AL,Alabama,"Degree-granting, primarily baccalaureate or above",2018,8568,2299,1314092979,1233738975,19,21,0,32,9,7,13,26,25,16,15,4,12,2
100663,University of Alabama at Birmingham,AL,Alabama,"Degree-granting, primarily baccalaureate or above",2019,8568,2346,1322109926,1319446832,18,22,0,34,10,2,14,23,23,14,13,3,12,12
100663,University of Alabama at Birmingham,AL,Alabama,"Degree-granting, primarily baccalaureate or above",2020,8568,2154,1324458159,1345037147,18,23,0,35,7,0,16,22,23,14,13,3,16,9
100663,University of Alabama at Birmingham,AL,Alabama,"Degree-granting, primarily baccalaureate or above",2021,8568,2415,1978187971,1480478437,12,16,0,28,7,28,9,20,23,14,11,3,15,14
100663,University of Alabama at Birmingham,AL,Alabama,"Degree-granting, primarily baccalaureate or above",2022,8832,2217,930723633,1489302294,26,36,0,58,14,-56,22,21,24,15,14,3,16,7
100706,University of Alabama in Huntsville,AL,Alabama,"Degree-granting, primarily baccalaureate or above",2015,9128,1038,185408281,200210672,29,24,0,43,4,-3,2,32,37,3,7,9,12,1
100706,University of Alabama in Huntsville,AL,Alabama,"Degree-granting, primarily baccalaureate or above",2016,9842,1213,209779451,206922253,28,21,0,40,4,4,2,33,37,2,6,9,12,1
100706,University of Alabama in Huntsville,AL,Alabama,"Degree-granting, primarily baccalaureate or above",2017,10280,1352,216235941,217001439,29,22,0,39,3,5,3,32,34,4,6,10,11,3
100706,University of Alabama in Huntsville,AL,Alabama,"Degree-granting, primarily baccalaureate or above",2018,10714,1435,223933000,225712309,30,22,0,40,2,2,4,32,36,3,6,9,11,3
100706,University of Alabama in Huntsville,AL,Alabama,"Degree-granting, primarily baccalaureate or above",2019,11122,1497,235838480,238772587,29,22,0,43,2,0,3,30,35,3,5,9,9,8
100706,University of Alabama in Huntsville,AL,Alabama,"Degree-granting, primarily baccalaureate or above",2020,11338,1345,258665913,253345512,28,21,0,48,2,0,2,28,39,4,5,8,8,7
100706,University of Alabama in Huntsville,AL,Alabama,"Degree-granting, primarily baccalaureate or above",2021,11488,1204,321723248,284730826,22,18,0,48,3,7,2,25,39,4,5,7,7,13
100706,University of Alabama in Huntsville,AL,Alabama,"Degree-granting, primarily baccalaureate or above",2022,11878,1172,314260558,291899988,24,19,0,51,2,-5,10,25,44,2,5,8,7,9
101709,University of Montevallo,AL,Alabama,"Degree-granting, primarily baccalaureate or above",2015,11410,505,54237664,55864326,41,33,0,21,0,0,5,43,0,1,13,20,17,7
101709,University of Montevallo,AL,Alabama,"Degree-granting, primarily baccalaureate or above",2016,12040,477,57499280,61084905,39,31,0,24,0,0,6,45,0,1,13,19,17,6
101709,University of Montevallo,AL,Alabama,"Degree-granting, primarily baccalaureate or above",2017,12400,487,54100712,62889040,39,35,0,21,0,0,5,44,0,1,12,20,18,5
101709,University of Montevallo,AL,Alabama,"Degree-granting, primarily baccalaureate or above",2018,12760,490,55100375,65891077,37,34,0,22,0,1,6,46,0,1,12,20,16,5
101709,University of Montevallo,AL,Alabama,"Degree-granting, primarily baccalaureate or above",2019,13708,493,59135373,66599642,32,35,0,22,0,2,9,43,0,1,12,20,16,8
101709,University of Montevallo,AL,Alabama,"Degree-granting, primarily baccalaureate or above",2020,13710,471,69352749,69762747,31,32,0,27,0,0,10,46,0,1,12,19,18,4
101709,University of Montevallo,AL,Alabama,"Degree-granting, primarily baccalaureate or above",2021,13710,493,72247494,72076100,30,32,0,32,0,0,7,41,0,1,10,18,24,7
101709,University of Montevallo,AL,Alabama,"Degree-granting, primarily baccalaureate or above",2022,13710,544,71178948,72902066,28,35,0,29,0,-1,9,36,0,1,8,17,31,7
101879,University of North Alabama,AL,Alabama,"Degree-granting, primarily baccalaureate or above",2015,7774,1173,85216594,84093044,46,32,0,17,0,0,5,49,0,7,6,10,18,10
101879,University of North Alabama,AL,Alabama,"Degree-granting, primarily baccalaureate or above",2016,8114,1196,87325469,88724462,45,32,0,18,0,1,4,50,0,8,7,10,19,7
101879,University of North Alabama,AL,Alabama,"Degree-granting, primarily baccalaureate or above",2017,8480,1128,93769058,94698311,46,31,0,18,0,1,3,51,0,7,6,10,17,8
101879,University of North Alabama,AL,Alabama,"Degree-granting, primarily baccalaureate or above",2018,10142,1005,102923735,98979700,45,29,0,16,0,1,9,49,0,6,6,11,19,8
101879,University of North Alabama,AL,Alabama,"Degree-granting, primarily baccalaureate or above",2019,10620,1030,112444753,107048684,44,32,0,14,0,0,10,42,0,5,6,11,18,18
101879,University of North Alabama,AL,Alabama,"Degree-granting, primarily baccalaureate or above",2020,10620,924,115337133,112057268,47,31,0,17,0,1,4,48,0,4,6,11,13,17
101879,University of North Alabama,AL,Alabama,"Degree-granting, primarily baccalaureate or above",2021,10620,1013,131637582,121111849,39,29,0,27,0,1,4,47,0,5,6,12,12,18
101879,University of North Alabama,AL,Alabama,"Degree-granting, primarily baccalaureate or above",2022,11220,1140,131416351,134698629,43,37,0,17,0,-1,4,43,0,4,5,12,13,23
102094,University of South Alabama,AL,Alabama,"Degree-granting, primarily baccalaureate or above",2015,7332,2105,410963000,354306000,29,25,0,11,18,0,16,44,8,16,7,12,10,2
102094,University of South Alabama,AL,Alabama,"Degree-granting, primarily baccalaureate or above",2016,7548,1997,391227000,298371000,35,27,0,12,6,1,19,48,11,2,9,15,10,5
102094,University of South Alabama,AL,Alabama,"Degree-granting, primarily baccalaureate or above",2017,7812,1886,410523000,309235000,35,26,0,12,5,4,18,45,11,1,10,15,15,4
102094,University of South Alabama,AL,Alabama,"Degree-granting, primarily baccalaureate or above",2018,8396,1910,402077000,329863000,34,27,0,14,3,4,18,43,10,3,10,14,16,4
102094,University of South Alabama,AL,Alabama,"Degree-granting, primarily baccalaureate or above",2019,8396,1617,409599000,330625000,34,28,0,14,3,2,19,42,11,3,10,15,15,4
102094,University of South Alabama,AL,Alabama,"Degree-granting, primarily baccalaureate or above",2020,8396,1578,431741000,306839000,30,29,0,14,3,5,19,44,13,3,11,15,8,7
102094,University of South Alabama,AL,Alabama,"Degree-granting, primarily baccalaureate or above",2021,8756,1778,515059000,361860000,25,25,0,12,5,11,23,39,10,3,9,13,11,15
102094,University of South Alabama,AL,Alabama,"Degree-granting, primarily baccalaureate or above",2022,9116,1614,428499000,342418000,30,33,0,16,7,-12,26,43,11,5,10,15,10,6
101587,University of West Alabama,AL,Alabama,"Degree-granting, primarily baccalaureate or above",2015,8734,420,49377028,52329801,49,28,0,15,2,0,5,32,1,1,5,10,38,12
101587,University of West Alabama,AL,Alabama,"Degree-granting, primarily baccalaureate or above",2016,8876,377,50805818,54710417,48,28,0,17,3,0,4,46,1,1,8,16,12,15
101587,University of West Alabama,AL,Alabama,"Degree-granting, primarily baccalaureate or above",2017,9204,461,55491392,59488659,49,29,0,15,3,0,4,46,2,2,8,16,11,15
101587,University of West Alabama,AL,Alabama,"Degree-granting, primarily baccalaureate or above",2018,10040,415,61158008,63802049,53,27,0,15,0,0,5,45,1,2,8,15,12,17
101587,University of West Alabama,AL,Alabama,"Degree-granting, primarily baccalaureate or above",2019,10990,322,69673304,70139979,54,26,0,15,0,0,5,46,1,2,9,16,10,16
101587,University of West Alabama,AL,Alabama,"Degree-granting, primarily baccalaureate or above",2020,10990,257,77614567,70953027,53,26,0,17,0,0,4,47,1,2,8,13,11,18
101587,University of West Alabama,AL,Alabama,"Degree-granting, primarily baccalaureate or above",2021,10990,351,88188391,82172153,50,25,0,22,0,0,4,45,1,3,8,11,16,16
101587,University of West Alabama,AL,Alabama,"Degree-granting, primarily baccalaureate or above",2022,10990,311,89635634,80956663,44,27,0,21,0,0,8,46,0,5,9,13,8,18
106458,Arkansas State University,AR,Arkansas,"Degree-granting, primarily baccalaureate or above",2015,8050,1577,190537397,174559633,24,35,0,28,1,0,12,36,6,11,11,6,9,21
106458,Arkansas State University,AR,Arkansas,"Degree-granting, primarily baccalaureate or above",2016,8200,1644,192482996,173720406,25,34,0,28,1,0,12,40,6,12,11,7,9,15
106458,Arkansas State University,AR,Arkansas,"Degree-granting, primarily baccalaureate or above",2017,8478,1427,182481192,172657638,27,36,0,29,2,1,5,40,6,13,10,6,9,16
106458,Arkansas State University,AR,Arkansas,"Degree-granting, primarily baccalaureate or above",2018,8607,1565,187510920,186974248,28,35,0,28,2,1,5,39,6,12,10,7,8,18
106458,Arkansas State University,AR,Arkansas,"Degree-granting, primarily baccalaureate or above",2019,8900,1395,189106199,175055514,28,35,0,28,2,2,5,38,6,12,9,7,8,19
106458,Arkansas State University,AR,Arkansas,"Degree-granting, primarily baccalaureate or above",2020,7315,1293,202556454,186142473,26,33,0,25,2,1,12,38,6,11,9,6,8,21
106458,Arkansas State University,AR,Arkansas,"Degree-granting, primarily baccalaureate or above",2021,7130,1301,224310176,186808315,22,32,0,34,2,2,8,40,5,11,10,6,8,21
106458,Arkansas State University,AR,Arkansas,"Degree-granting, primarily baccalaureate or above",2022,7456,1325,212915680,199014197,23,33,0,30,2,0,12,36,5,12,9,5,8,25
106467,Arkansas Tech University,AR,Arkansas,"Degree-granting, not primarily baccalaureate or above",2015,6192,2013,118345976,105200009,30,30,0,31,5,0,4,43,1,0,8,8,18,21
106467,Arkansas Tech University,AR,Arkansas,"Degree-granting, not primarily baccalaureate or above",2016,6624,1892,121098999,116918549,31,30,0,29,5,0,5,35,1,0,8,7,14,34
106467,Arkansas Tech University,AR,Arkansas,"Degree-granting, not primarily baccalaureate or above",2017,7104,1846,119368043,118523786,33,30,0,28,5,1,3,39,2,0,8,6,12,33
106467,Arkansas Tech University,AR,Arkansas,"Degree-granting, not primarily baccalaureate or above",2018,7254,1722,126034366,120566606,33,29,0,28,4,1,5,35,4,0,9,7,13,32
106467,Arkansas Tech University,AR,Arkansas,"Degree-granting, not primarily baccalaureate or above",2019,7668,2091,123136073,127484824,33,30,0,28,3,2,4,36,4,1,8,6,13,33
106467,Arkansas Tech University,AR,Arkansas,"Degree-granting, not primarily baccalaureate or above",2020,7668,1756,141867142,122373019,28,26,0,27,2,1,16,34,4,0,8,7,12,34
106467,Arkansas Tech University,AR,Arkansas,"Degree-granting, not primarily baccalaureate or above",2021,7900,1396,128993972,128335341,28,30,0,33,2,2,5,32,4,1,7,6,13,38
106467,Arkansas Tech University,AR,Arkansas,"Degree-granting, not primarily baccalaureate or above",2022,8071,1452,139896682,122491124,23,28,0,43,2,0,4,37,4,1,8,12,16,22
107071,Henderson State University,AR,Arkansas,"Degree-granting, primarily baccalaureate or above",2015,8100,770,50227168,47381620,22,42,0,31,2,0,3,50,0,2,8,11,20,9
107071,Henderson State University,AR,Arkansas,"Degree-granting, primarily baccalaureate or above",2016,8340,746,51157496,49052854,21,41,0,29,3,0,5,46,0,1,15,12,20,6
107071,Henderson State University,AR,Arkansas,"Degree-granting, primarily baccalaureate or above",2017,8530,617,51315444,49683526,24,41,0,28,1,0,6,46,0,1,16,13,19,5
107071,Henderson State University,AR,Arkansas,"Degree-granting, primarily baccalaureate or above",2018,8530,853,52667880,50705106,21,40,0,27,5,0,7,43,0,1,16,14,20,6
107071,Henderson State University,AR,Arkansas,"Degree-granting, primarily baccalaureate or above",2019,7149,791,51186218,50968411,22,42,0,29,2,0,5,40,0,1,13,14,24,8
107071,Henderson State University,AR,Arkansas,"Degree-granting, primarily baccalaureate or above",2020,7392,563,52483300,50096620,21,41,0,35,2,0,1,40,0,1,19,13,19,9
107071,Henderson State University,AR,Arkansas,"Degree-granting, primarily baccalaureate or above",2021,7560,418,53459618,50360796,17,40,0,32,0,0,11,27,0,1,15,10,15,33
107071,Henderson State University,AR,Arkansas,"Degree-granting, primarily baccalaureate or above",2022,7560,413,58150909,47096294,16,38,0,40,0,0,5,41,0,0,5,15,29,9
107983,Southern Arkansas University Main Campus,AR,Arkansas,"Degree-granting, primarily baccalaureate or above",2015,7961,797,46836680,41223012,27,36,0,28,5,0,4,50,1,5,9,12,11,13
107983,Southern Arkansas University Main Campus,AR,Arkansas,"Degree-granting, primarily baccalaureate or above",2016,8196,854,57427398,48037337,34,29,0,25,5,0,6,38,1,5,7,11,10,29
107983,Southern Arkansas University Main Campus,AR,Arkansas,"Degree-granting, primarily baccalaureate or above",2017,8346,870,61830756,52485328,37,27,0,23,5,1,7,43,1,5,9,11,13,18
107983,Southern Arkansas University Main Campus,AR,Arkansas,"Degree-granting, primarily baccalaureate or above",2018,8756,900,56628848,53214157,33,30,0,27,6,1,4,43,1,6,13,13,12,12
107983,Southern Arkansas University Main Campus,AR,Arkansas,"Degree-granting, primarily baccalaureate or above",2019,9080,833,55861327,52731958,30,31,0,28,6,1,3,46,1,6,10,13,14,9
107983,Southern Arkansas University Main Campus,AR,Arkansas,"Degree-granting, primarily baccalaureate or above",2020,9080,776,60571720,54278108,31,31,0,29,5,0,3,42,1,5,9,12,11,21
107983,Southern Arkansas University Main Campus,AR,Arkansas,"Degree-granting, primarily baccalaureate or above",2021,9410,632,66762826,54212302,32,28,0,29,5,3,4,36,0,5,7,10,11,30
107983,Southern Arkansas University Main Campus,AR,Arkansas,"Degree-granting, primarily baccalaureate or above",2022,9680,707,72576784,59866394,34,26,0,31,4,0,4,38,0,5,11,12,8,24
106397,University of Arkansas,AR,Arkansas,"Degree-granting, primarily baccalaureate or above",2015,8522,4915,690513283,631765165,27,30,0,18,14,1,10,36,21,16,8,5,10,4
106397,University of Arkansas,AR,Arkansas,"Degree-granting, primarily baccalaureate or above",2016,8820,4967,690785088,665626306,30,30,0,18,15,0,7,36,22,15,8,5,10,3
106397,University of Arkansas,AR,Arkansas,"Degree-granting, primarily baccalaureate or above",2017,9062,5066,757482547,692952211,30,27,0,19,15,2,8,36,22,14,8,5,10,5
106397,University of Arkansas,AR,Arkansas,"Degree-granting, primarily baccalaureate or above",2018,9130,5008,853801648,717846801,28,24,0,18,13,1,15,37,23,14,9,6,7,5
106397,University of Arkansas,AR,Arkansas,"Degree-granting, primarily baccalaureate or above",2019,9384,4605,842452100,749063449,30,25,0,20,12,2,11,38,23,14,9,6,7,4
106397,University of Arkansas,AR,Arkansas,"Degree-granting, primarily baccalaureate or above",2020,9384,4726,834868504,747936087,30,26,0,20,13,2,9,38,22,13,9,6,7,4
106397,University of Arkansas,AR,Arkansas,"Degree-granting, primarily baccalaureate or above",2021,9574,6065,840564876,737218470,30,26,0,22,12,4,6,38,23,12,8,5,7,6
106397,University of Arkansas,AR,Arkansas,"Degree-granting, primarily baccalaureate or above",2022,9656,7099,880870051,796709198,29,26,0,25,11,-3,12,35,23,11,11,6,7,7
106245,University of Arkansas at Little Rock,AR,Arkansas,"Degree-granting, primarily baccalaureate or above",2015,7624,859,177382381,175635121,27,39,0,26,5,0,3,39,8,13,15,6,10,9
106245,University of Arkansas at Little Rock,AR,Arkansas,"Degree-granting, primarily baccalaureate or above",2016,8061,805,177310856,176473234,27,39,0,26,5,0,3,31,6,10,12,5,8,28
106245,University of Arkansas at Little Rock,AR,Arkansas,"Degree-granting, primarily baccalaureate or above",2017,8998,742,199521060,176337639,25,34,0,25,3,1,11,37,7,16,14,6,12,8
106245,University of Arkansas at Little Rock,AR,Arkansas,"Degree-granting, primarily baccalaureate or above",2018,9544,575,175085196,177198120,26,39,0,28,4,1,3,37,8,18,14,6,12,5
106245,University of Arkansas at Little Rock,AR,Arkansas,"Degree-granting, primarily baccalaureate or above",2019,9544,584,172624742,166815566,25,40,0,27,5,1,3,37,9,16,15,6,12,6
106245,University of Arkansas at Little Rock,AR,Arkansas,"Degree-granting, primarily baccalaureate or above",2020,8366,516,180143514,162449663,25,38,0,29,3,1,3,35,9,18,13,6,12,8
106245,University of Arkansas at Little Rock,AR,Arkansas,"Degree-granting, primarily baccalaureate or above",2021,8366,481,189875456,159816091,19,36,0,35,6,2,1,35,8,17,12,6,16,6
106245,University of Arkansas at Little Rock,AR,Arkansas,"Degree-granting, primarily baccalaureate or above",2022,8366,549,175544988,163321846,20,40,0,34,6,-1,2,35,9,19,15,7,10,7
106412,University of Arkansas at Pine Bluff,AR,Arkansas,"Degree-granting, primarily baccalaureate or above",2015,6538,684,61307222,61606033,6,45,0,43,1,0,4,29,12,13,11,9,17,9
106412,University of Arkansas at Pine Bluff,AR,Arkansas,"Degree-granting, primarily baccalaureate or above",2016,6898,772,63135874,65358796,5,45,0,44,2,0,5,30,13,13,14,9,14,8
106412,University of Arkansas at Pine Bluff,AR,Arkansas,"Degree-granting, primarily baccalaureate or above",2017,7408,514,68717568,65058057,11,41,0,40,2,0,5,30,12,13,14,9,15,8
106412,University of Arkansas at Pine Bluff,AR,Arkansas,"Degree-granting, primarily baccalaureate or above",2018,8038,568,75672231,64218674,14,36,0,37,2,0,11,30,12,12,13,9,15,8
106412,University of Arkansas at Pine Bluff,AR,Arkansas,"Degree-granting, primarily baccalaureate or above",2019,8248,488,78909053,64054373,13,36,0,41,4,0,7,29,14,12,13,10,15,8
106412,University of Arkansas at Pine Bluff,AR,Arkansas,"Degree-granting, primarily baccalaureate or above",2020,8248,685,76472003,65183012,13,37,0,40,1,0,8,29,13,10,13,9,18,8
106412,University of Arkansas at Pine Bluff,AR,Arkansas,"Degree-granting, primarily baccalaureate or above",2021,8398,677,82429202,66205092,11,35,0,48,1,1,4,29,13,12,9,8,18,11
106412,University of Arkansas at Pine Bluff,AR,Arkansas,"Degree-granting, primarily baccalaureate or above",2022,8668,575,84288202,77986220,12,34,0,45,3,0,6,31,9,10,12,8,21,10
107585,University of Arkansas Community College-Morrilton,AR,Arkansas,"Degree-granting, associate's and certificates  ",2015,2732,558,16699452,15795512,18,38,4,37,1,0,2,40,0,0,10,8,13,29
107585,University of Arkansas Community College-Morrilton,AR,Arkansas,"Degree-granting, associate's and certificates  ",2016,2996,546,17219925,15770788,17,37,4,39,1,1,1,37,0,0,12,8,14,29
107585,University of Arkansas Community College-Morrilton,AR,Arkansas,"Degree-granting, associate's and certificates  ",2017,3092,521,18446717,17213294,19,34,4,36,1,0,6,36,0,0,11,8,13,32
107585,University of Arkansas Community College-Morrilton,AR,Arkansas,"Degree-granting, associate's and certificates  ",2018,3140,469,18255727,17734814,18,34,4,39,1,0,2,41,0,0,9,7,12,30
107585,University of Arkansas Community College-Morrilton,AR,Arkansas,"Degree-granting, associate's and certificates  ",2019,3216,487,18011673,17207766,18,35,4,38,1,1,3,39,0,0,9,8,11,34
107585,University of Arkansas Community College-Morrilton,AR,Arkansas,"Degree-granting, associate's and certificates  ",2020,3216,489,18532419,18308949,16,34,4,41,1,1,2,37,0,0,9,7,11,36
107585,University of Arkansas Community College-Morrilton,AR,Arkansas,"Degree-granting, associate's and certificates  ",2021,3216,479,22729159,19497093,13,29,4,51,1,0,2,37,0,0,11,6,11,35
107585,University of Arkansas Community College-Morrilton,AR,Arkansas,"Degree-granting, associate's and certificates  ",2022,3336,479,21593862,22025141,11,31,4,50,1,0,2,34,0,0,10,5,12,39
108092,University of Arkansas-Fort Smith,AR,Arkansas,"Degree-granting, not primarily baccalaureate or above",2015,5062,1084,89117954,69291680,16,27,7,29,3,0,19,46,0,2,15,10,18,9
106704,University of Central Arkansas,AR,Arkansas,"Degree-granting, primarily baccalaureate or above",2015,7889,2044,159484831,143153275,33,37,0,26,1,1,2,52,2,2,11,6,11,15
106704,University of Central Arkansas,AR,Arkansas,"Degree-granting, primarily baccalaureate or above",2016,8224,1880,166609256,151381557,33,35,0,26,1,1,4,51,2,4,11,5,11,15
106704,University of Central Arkansas,AR,Arkansas,"Degree-granting, primarily baccalaureate or above",2017,8524,1937,163620191,149874744,35,35,0,25,1,1,2,53,2,3,11,6,11,15
106704,University of Central Arkansas,AR,Arkansas,"Degree-granting, primarily baccalaureate or above",2018,8752,2033,165949589,159745418,34,35,0,26,1,1,3,52,3,2,12,6,11,15
106704,University of Central Arkansas,AR,Arkansas,"Degree-granting, primarily baccalaureate or above",2019,9188,1840,169151832,166793810,34,35,0,26,2,2,2,50,3,2,11,6,11,17
106704,University of Central Arkansas,AR,Arkansas,"Degree-granting, primarily baccalaureate or above",2020,9338,1715,193198898,159713937,29,31,0,26,1,1,12,50,2,2,10,6,11,19
106704,University of Central Arkansas,AR,Arkansas,"Degree-granting, primarily baccalaureate or above",2021,9563,1854,183556800,162217351,28,33,0,32,1,1,4,47,3,2,9,5,13,22
106704,University of Central Arkansas,AR,Arkansas,"Degree-granting, primarily baccalaureate or above",2022,9778,1803,187059383,162866209,28,33,0,35,1,0,2,49,3,2,9,5,12,19
104151,Arizona State University Campus Immersion,AZ,Arizona,"Degree-granting, primarily baccalaureate or above",2015,10158,8348,1222814840,1119976680,52,17,0,20,5,0,6,42,15,2,16,6,9,8
104151,Arizona State University Campus Immersion,AZ,Arizona,"Degree-granting, primarily baccalaureate or above",2016,10370,8230,1690042260,1606039980,54,13,0,20,7,0,6,37,13,2,13,5,8,22
104151,Arizona State University Campus Immersion,AZ,Arizona,"Degree-granting, primarily baccalaureate or above",2017,10792,7874,1755635420,1684510520,55,13,0,19,6,1,6,37,12,2,13,6,7,23
104151,Arizona State University Campus Immersion,AZ,Arizona,"Degree-granting, primarily baccalaureate or above",2018,10822,8861,1861647480,1737576610,55,13,0,20,6,1,6,43,15,2,16,7,8,10
104151,Arizona State University Campus Immersion,AZ,Arizona,"Degree-granting, primarily baccalaureate or above",2019,11338,10044,2071636750,1957585240,54,12,0,21,6,2,6,43,15,2,15,7,7,11
104151,Arizona State University Campus Immersion,AZ,Arizona,"Degree-granting, primarily baccalaureate or above",2020,11338,12677,2456212282,2379729894,55,12,0,20,6,2,5,41,14,2,15,7,7,14
104151,Arizona State University Campus Immersion,AZ,Arizona,"Degree-granting, primarily baccalaureate or above",2021,11348,14250,2778706120,2464187329,49,9,0,27,5,2,6,40,14,4,15,6,7,14
104151,Arizona State University Campus Immersion,AZ,Arizona,"Degree-granting, primarily baccalaureate or above",2022,11618,15151,2672773368,2426118032,52,12,0,25,5,-2,7,41,16,2,16,7,8,12
483124,Arizona State University Digital Immersion,AZ,Arizona,"Degree-granting, primarily baccalaureate or above",2015,8565,1614,295842300,270962100,52,17,0,20,5,0,6,42,15,2,16,6,9,8
483124,Arizona State University Digital Immersion,AZ,Arizona,"Degree-granting, primarily baccalaureate or above",2016,8234,1704,106964700,101648100,54,13,0,20,7,0,6,37,13,2,13,5,8,22
483124,Arizona State University Digital Immersion,AZ,Arizona,"Degree-granting, primarily baccalaureate or above",2017,10350,2059,136802760,131260560,55,13,0,19,6,1,6,37,12,2,13,6,7,23
483124,Arizona State University Digital Immersion,AZ,Arizona,"Degree-granting, primarily baccalaureate or above",2018,10317,2385,145063440,135395580,55,13,0,20,6,1,6,43,15,2,16,7,8,10
105330,Northern Arizona University,AZ,Arizona,"Degree-granting, primarily baccalaureate or above",2015,10358,5218,468628647,466640498,44,24,0,17,3,0,11,44,7,6,9,13,15,6
105330,Northern Arizona University,AZ,Arizona,"Degree-granting, primarily baccalaureate or above",2016,10764,5607,474789687,490359843,46,20,0,19,3,0,12,43,7,6,10,13,13,7
105330,Northern Arizona University,AZ,Arizona,"Degree-granting, primarily baccalaureate or above",2017,11059,5900,517685498,519144757,46,19,0,18,4,1,12,42,8,6,10,12,14,7
105330,Northern Arizona University,AZ,Arizona,"Degree-granting, primarily baccalaureate or above",2018,11564,5869,523816089,527477976,45,19,0,19,4,1,12,41,10,7,9,12,15,7
105330,Northern Arizona University,AZ,Arizona,"Degree-granting, primarily baccalaureate or above",2019,11896,5455,537474052,527722364,44,19,0,20,3,1,12,40,10,7,9,13,14,8
105330,Northern Arizona University,AZ,Arizona,"Degree-granting, primarily baccalaureate or above",2020,11896,5217,549166179,558599698,43,21,0,23,4,1,10,37,12,6,8,14,15,8
105330,Northern Arizona University,AZ,Arizona,"Degree-granting, primarily baccalaureate or above",2021,11896,5297,575081364,519187210,38,19,0,28,3,3,10,35,12,5,9,12,16,10
105330,Northern Arizona University,AZ,Arizona,"Degree-granting, primarily baccalaureate or above",2022,12274,5575,612791825,576012322,33,23,0,31,3,-2,12,33,11,6,9,11,16,13
104179,University of Arizona,AZ,Arizona,"Degree-granting, primarily baccalaureate or above",2015,11403,8037,1825342395,1564070689,30,16,0,21,14,0,18,29,30,5,18,3,10,4
104179,University of Arizona,AZ,Arizona,"Degree-granting, primarily baccalaureate or above",2016,11789,7753,1821328824,1655290287,33,14,0,21,18,1,13,30,27,5,22,3,9,3
104179,University of Arizona,AZ,Arizona,"Degree-granting, primarily baccalaureate or above",2017,11877,7360,1886375821,1670707407,34,14,0,21,15,2,14,30,27,6,20,4,10,3
104179,University of Arizona,AZ,Arizona,"Degree-granting, primarily baccalaureate or above",2018,12467,7750,1904525558,1756137505,34,15,0,22,14,2,14,32,28,5,19,4,10,1
104179,University of Arizona,AZ,Arizona,"Degree-granting, primarily baccalaureate or above",2019,12711,7683,1968326586,1854547653,33,14,0,24,13,2,13,32,28,5,18,5,10,2
104179,University of Arizona,AZ,Arizona,"Degree-granting, primarily baccalaureate or above",2020,12736,7334,2017859518,1984355297,32,15,0,23,13,1,18,30,27,5,15,6,11,6
104179,University of Arizona,AZ,Arizona,"Degree-granting, primarily baccalaureate or above",2021,12736,8436,2166181000,1960890000,29,13,0,29,12,4,12,29,27,5,15,5,11,7
104179,University of Arizona,AZ,Arizona,"Degree-granting, primarily baccalaureate or above",2022,13275,9027,2175689000,2033223000,31,16,0,29,12,-2,14,31,28,5,15,4,11,4
110422,California Polytechnic State University-San Luis Obispo,CA,California,"Degree-granting, primarily baccalaureate or above",2015,9001,4943,353356409,372377823,46,32,0,10,5,0,7,51,1,0,13,17,13,4
110422,California Polytechnic State University-San Luis Obispo,CA,California,"Degree-granting, primarily baccalaureate or above",2016,9075,4341,390440060,384014954,45,30,0,10,8,1,7,51,1,0,13,18,13,4
110422,California Polytechnic State University-San Luis Obispo,CA,California,"Degree-granting, primarily baccalaureate or above",2017,9432,5253,412263376,437090241,43,32,0,9,5,1,10,45,1,0,11,16,10,17
110422,California Polytechnic State University-San Luis Obispo,CA,California,"Degree-granting, primarily baccalaureate or above",2018,9816,4398,529743022,539854199,37,42,0,8,5,1,9,38,0,0,9,12,9,31
110422,California Polytechnic State University-San Luis Obispo,CA,California,"Degree-granting, primarily baccalaureate or above",2019,9943,4613,487022877,570953921,41,35,0,9,5,1,10,38,0,0,11,14,8,29
110422,California Polytechnic State University-San Luis Obispo,CA,California,"Degree-granting, primarily baccalaureate or above",2020,10071,4789,609101179,630374929,34,33,0,8,4,1,21,35,1,0,11,13,6,35
110422,California Polytechnic State University-San Luis Obispo,CA,California,"Degree-granting, primarily baccalaureate or above",2021,10195,4884,577593845,543164211,39,28,0,12,3,3,15,37,1,0,10,16,7,30
110422,California Polytechnic State University-San Luis Obispo,CA,California,"Degree-granting, primarily baccalaureate or above",2022,10319,5110,606460966,571346721,39,37,0,13,4,-3,10,38,1,0,12,17,6,26
115755,California State Polytechnic University-Humboldt,CA,California,"Degree-granting, primarily baccalaureate or above",2015,7195,1420,152532383,143181873,24,45,0,25,1,0,5,44,0,0,14,17,16,8
115755,California State Polytechnic University-Humboldt,CA,California,"Degree-granting, primarily baccalaureate or above",2016,7209,1295,164648659,151674842,22,43,0,24,1,0,9,44,0,0,15,17,14,9
115755,California State Polytechnic University-Humboldt,CA,California,"Degree-granting, primarily baccalaureate or above",2017,7493,1210,167472382,160788933,21,47,0,23,1,0,8,40,0,0,12,15,13,19
115755,California State Polytechnic University-Humboldt,CA,California,"Degree-granting, primarily baccalaureate or above",2018,7675,1051,204644137,203445339,16,54,0,19,1,0,10,32,0,0,10,12,10,35
115755,California State Polytechnic University-Humboldt,CA,California,"Degree-granting, primarily baccalaureate or above",2019,7864,823,203821937,185362459,16,49,0,18,1,1,15,35,0,0,11,14,12,27
115755,California State Polytechnic University-Humboldt,CA,California,"Degree-granting, primarily baccalaureate or above",2020,7858,546,220764617,195863507,12,52,0,17,1,0,17,33,0,0,10,13,12,30
115755,California State Polytechnic University-Humboldt,CA,California,"Degree-granting, primarily baccalaureate or above",2021,7864,629,197271092,187599883,12,48,0,22,1,3,13,33,0,0,11,14,13,29
115755,California State Polytechnic University-Humboldt,CA,California,"Degree-granting, primarily baccalaureate or above",2022,7864,961,285700326,185810051,9,63,0,20,0,-3,11,33,0,0,11,17,14,24
110529,California State Polytechnic University-Pomona,CA,California,"Degree-granting, primarily baccalaureate or above",2015,7016,2707,317002534,306147379,30,37,0,27,1,1,4,48,0,0,15,15,10,12
110529,California State Polytechnic University-Pomona,CA,California,"Degree-granting, primarily baccalaureate or above",2016,7067,4204,358350987,333221676,26,36,0,24,1,1,11,47,1,0,17,15,8,13
110529,California State Polytechnic University-Pomona,CA,California,"Degree-granting, primarily baccalaureate or above",2017,7339,3786,360758772,357503168,29,38,0,26,1,1,4,43,1,0,13,14,9,22
110529,California State Polytechnic University-Pomona,CA,California,"Degree-granting, primarily baccalaureate or above",2018,7353,3863,486891774,450329615,23,42,0,22,1,1,12,37,0,0,10,12,8,34
110529,California State Polytechnic University-Pomona,CA,California,"Degree-granting, primarily baccalaureate or above",2019,7396,3694,442829256,440587552,22,40,0,25,2,2,9,38,0,0,11,9,9,32
110529,California State Polytechnic University-Pomona,CA,California,"Degree-granting, primarily baccalaureate or above",2020,7438,4323,496043002,531999374,21,42,0,27,1,1,7,35,0,0,9,8,8,39
110529,California State Polytechnic University-Pomona,CA,California,"Degree-granting, primarily baccalaureate or above",2021,7439,3463,524508425,525994948,21,34,0,35,1,4,5,32,0,0,8,12,9,38
110529,California State Polytechnic University-Pomona,CA,California,"Degree-granting, primarily baccalaureate or above",2022,7439,3655,526419177,496344648,20,41,0,35,2,-4,7,38,0,0,9,14,9,29
111188,California State University Maritime Academy,CA,California,"Degree-granting, primarily baccalaureate or above",2015,6558,223,56996674,49600532,18,48,0,9,4,0,21,42,9,0,6,16,22,4
111188,California State University Maritime Academy,CA,California,"Degree-granting, primarily baccalaureate or above",2016,6808,241,50291284,53455504,21,57,0,7,7,1,7,44,7,0,6,16,24,3
111188,California State University Maritime Academy,CA,California,"Degree-granting, primarily baccalaureate or above",2017,7056,223,51260450,54389523,19,60,0,7,4,0,10,40,5,0,5,16,21,14
111188,California State University Maritime Academy,CA,California,"Degree-granting, primarily baccalaureate or above",2018,7056,216,63905272,66162035,15,66,0,7,6,0,5,33,4,0,4,14,17,28
111188,California State University Maritime Academy,CA,California,"Degree-granting, primarily baccalaureate or above",2019,7116,190,67458221,69421975,14,58,0,5,7,1,14,32,6,0,5,13,16,28
111188,California State University Maritime Academy,CA,California,"Degree-granting, primarily baccalaureate or above",2020,7160,186,66973030,79637738,9,65,0,6,6,1,13,25,4,0,6,14,20,31
111188,California State University Maritime Academy,CA,California,"Degree-granting, primarily baccalaureate or above",2021,7116,195,61802256,66535647,11,62,0,6,6,5,10,29,6,0,4,14,20,27
111188,California State University Maritime Academy,CA,California,"Degree-granting, primarily baccalaureate or above",2022,7116,145,86461965,61571096,10,55,0,8,1,1,26,42,2,0,6,20,20,9
110486,California State University-Bakersfield,CA,California,"Degree-granting, primarily baccalaureate or above",2015,6811,1464,132054818,132099870,18,45,0,32,1,0,3,40,0,0,15,17,12,16
110486,California State University-Bakersfield,CA,California,"Degree-granting, primarily baccalaureate or above",2016,6857,1362,149674954,142645896,18,41,0,29,2,1,9,39,1,0,15,17,12,15
110486,California State University-Bakersfield,CA,California,"Degree-granting, primarily baccalaureate or above",2017,7147,1436,163535947,165178905,18,42,0,29,1,0,9,33,1,0,14,15,11,26
110486,California State University-Bakersfield,CA,California,"Degree-granting, primarily baccalaureate or above",2018,7309,1494,201781032,205110785,15,50,0,27,1,0,7,29,0,0,11,12,10,38
110486,California State University-Bakersfield,CA,California,"Degree-granting, primarily baccalaureate or above",2019,7419,1561,195296582,212850187,18,44,0,30,1,1,6,30,1,0,10,11,10,38
110486,California State University-Bakersfield,CA,California,"Degree-granting, primarily baccalaureate or above",2020,7498,1416,231662621,234630145,16,45,0,30,1,1,7,29,0,0,9,11,10,41
110486,California State University-Bakersfield,CA,California,"Degree-granting, primarily baccalaureate or above",2021,7579,1165,231330712,239789435,18,39,0,36,1,3,3,28,0,0,9,13,9,41
110486,California State University-Bakersfield,CA,California,"Degree-granting, primarily baccalaureate or above",2022,7637,1107,273951138,244053257,14,44,0,36,1,-3,8,30,0,0,10,13,11,36
441937,California State University-Channel Islands,CA,California,"Degree-granting, primarily baccalaureate or above",2015,6547,905,132965017,127311511,23,49,0,20,1,0,7,40,1,0,18,14,16,11
441937,California State University-Channel Islands,CA,California,"Degree-granting, primarily baccalaureate or above",2016,6547,1010,151811279,142804005,20,47,0,19,0,1,13,32,0,1,25,18,13,10
441937,California State University-Channel Islands,CA,California,"Degree-granting, primarily baccalaureate or above",2017,6817,955,154928924,155438749,20,51,0,20,1,2,7,35,3,0,14,12,15,22
441937,California State University-Channel Islands,CA,California,"Degree-granting, primarily baccalaureate or above",2018,6817,970,178833464,182669763,17,60,0,19,1,1,2,30,2,0,14,10,12,31
441937,California State University-Channel Islands,CA,California,"Degree-granting, primarily baccalaureate or above",2019,6802,887,180723344,184981492,15,51,0,20,0,2,11,30,3,0,14,10,13,30
441937,California State University-Channel Islands,CA,California,"Degree-granting, primarily baccalaureate or above",2020,6802,632,208745488,210236350,13,52,0,21,0,1,12,28,2,0,12,9,13,36
441937,California State University-Channel Islands,CA,California,"Degree-granting, primarily baccalaureate or above",2021,6817,566,200584758,182499492,14,45,0,28,0,4,8,29,2,0,14,10,12,34
441937,California State University-Channel Islands,CA,California,"Degree-granting, primarily baccalaureate or above",2022,6817,635,208977715,170012213,14,55,0,26,0,-3,8,34,2,0,15,11,14,24
110538,California State University-Chico,CA,California,"Degree-granting, primarily baccalaureate or above",2015,7022,2699,246413868,234881897,31,39,0,23,1,0,6,47,1,1,14,13,12,14
110538,California State University-Chico,CA,California,"Degree-granting, primarily baccalaureate or above",2016,7040,2762,254156528,251423477,29,40,0,24,1,1,5,47,1,1,13,12,14,13
110538,California State University-Chico,CA,California,"Degree-granting, primarily baccalaureate or above",2017,7348,2805,273846768,276369052,26,42,0,23,1,0,8,41,0,0,12,11,11,23
110538,California State University-Chico,CA,California,"Degree-granting, primarily baccalaureate or above",2018,7608,2725,335710408,350266256,21,49,0,21,1,0,7,33,0,0,10,9,9,38
110538,California State University-Chico,CA,California,"Degree-granting, primarily baccalaureate or above",2019,7806,2561,318306554,327887677,22,44,0,22,1,1,9,35,0,0,10,10,9,34
110538,California State University-Chico,CA,California,"Degree-granting, primarily baccalaureate or above",2020,7864,2316,409991144,357508003,17,43,0,20,1,1,19,32,0,0,10,10,9,38
110538,California State University-Chico,CA,California,"Degree-granting, primarily baccalaureate or above",2021,7864,1929,384474932,345659470,20,39,0,28,1,3,9,32,0,0,10,13,9,35
110538,California State University-Chico,CA,California,"Degree-granting, primarily baccalaureate or above",2022,7972,2020,368085077,354401802,20,48,0,29,1,-4,5,33,0,0,11,13,11,31
110547,California State University-Dominguez Hills,CA,California,"Degree-granting, primarily baccalaureate or above",2015,6213,1305,185405797,188717766,28,36,0,32,1,0,3,39,0,0,12,13,13,23
110547,California State University-Dominguez Hills,CA,California,"Degree-granting, primarily baccalaureate or above",2016,6423,1299,198548442,203862527,28,37,0,29,1,0,5,41,0,0,11,13,14,21
110547,California State University-Dominguez Hills,CA,California,"Degree-granting, primarily baccalaureate or above",2017,6837,1678,202428295,212885309,23,42,0,29,1,0,5,39,0,0,11,12,11,27
110547,California State University-Dominguez Hills,CA,California,"Degree-granting, primarily baccalaureate or above",2018,6942,2047,274838107,259708275,18,45,0,24,0,0,12,33,0,0,9,10,9,38
110547,California State University-Dominguez Hills,CA,California,"Degree-granting, primarily baccalaureate or above",2019,6946,2533,298602947,279739477,17,39,0,24,0,1,18,33,0,0,10,10,10,36
110547,California State University-Dominguez Hills,CA,California,"Degree-granting, primarily baccalaureate or above",2020,6941,2254,339696221,314232581,16,43,0,27,0,1,13,33,0,0,10,9,9,39
110547,California State University-Dominguez Hills,CA,California,"Degree-granting, primarily baccalaureate or above",2021,7060,2048,341723161,330920380,17,36,0,33,0,2,12,29,0,0,8,9,10,43
110547,California State University-Dominguez Hills,CA,California,"Degree-granting, primarily baccalaureate or above",2022,7060,2062,427372975,345642127,12,49,0,35,0,-2,5,31,0,1,8,10,16,34
110574,California State University-East Bay,CA,California,"Degree-granting, primarily baccalaureate or above",2015,6564,1787,226200368,228455162,37,34,0,21,1,0,7,40,1,1,20,14,15,9
110574,California State University-East Bay,CA,California,"Degree-granting, primarily baccalaureate or above",2016,6564,1596,248176083,233633644,35,35,0,20,1,0,9,39,1,1,22,17,12,8
110574,California State University-East Bay,CA,California,"Degree-granting, primarily baccalaureate or above",2017,6834,1420,254590715,269508226,35,37,0,20,1,0,7,33,1,1,19,13,12,22
110574,California State University-East Bay,CA,California,"Degree-granting, primarily baccalaureate or above",2018,6983,1459,303057530,321769892,29,48,0,18,1,0,5,28,0,1,15,11,9,35
110574,California State University-East Bay,CA,California,"Degree-granting, primarily baccalaureate or above",2019,7000,1438,281615845,289457543,29,43,0,20,1,1,6,30,1,1,17,12,10,29
110574,California State University-East Bay,CA,California,"Degree-granting, primarily baccalaureate or above",2020,6890,1088,324884199,313900138,26,43,0,19,1,1,10,30,1,1,17,10,9,32
110574,California State University-East Bay,CA,California,"Degree-granting, primarily baccalaureate or above",2021,6995,941,340869206,283931634,24,34,0,24,1,3,15,31,1,1,17,11,11,28
110574,California State University-East Bay,CA,California,"Degree-granting, primarily baccalaureate or above",2022,6995,896,372670518,302295850,20,40,0,28,1,-3,14,32,1,1,16,12,11,28
110556,California State University-Fresno,CA,California,"Degree-granting, primarily baccalaureate or above",2015,6311,3672,343111088,313233367,22,36,0,29,1,1,11,42,2,1,12,15,10,18
110556,California State University-Fresno,CA,California,"Degree-granting, primarily baccalaureate or above",2016,6313,3302,357478719,349135874,22,37,0,30,1,1,9,41,1,2,12,16,11,17
110556,California State University-Fresno,CA,California,"Degree-granting, primarily baccalaureate or above",2017,6585,3446,360943302,387977363,22,41,0,30,1,1,5,38,1,1,10,14,10,26
110556,California State University-Fresno,CA,California,"Degree-granting, primarily baccalaureate or above",2018,6587,3574,448549106,479671617,18,49,0,26,1,1,4,32,1,1,9,12,8,37
110556,California State University-Fresno,CA,California,"Degree-granting, primarily baccalaureate or above",2019,6589,3334,419565917,485617345,18,45,0,29,1,1,5,33,1,1,9,13,8,36
110556,California State University-Fresno,CA,California,"Degree-granting, primarily baccalaureate or above",2020,6643,3693,464923357,512209889,15,48,0,31,1,1,4,31,1,1,8,12,8,39
110556,California State University-Fresno,CA,California,"Degree-granting, primarily baccalaureate or above",2021,6653,3451,491295009,482972432,15,38,0,40,1,2,3,31,1,1,8,12,9,38
110556,California State University-Fresno,CA,California,"Degree-granting, primarily baccalaureate or above",2022,6663,3458,569297495,497986563,14,46,0,36,1,-1,4,34,1,0,8,13,11,33
110565,California State University-Fullerton,CA,California,"Degree-granting, primarily baccalaureate or above",2015,6437,4401,473558669,491899031,37,32,0,26,0,0,6,48,0,2,8,10,16,17
110565,California State University-Fullerton,CA,California,"Degree-granting, primarily baccalaureate or above",2016,6560,4426,491728775,498369171,35,32,0,26,0,1,6,49,0,0,8,10,19,13
110565,California State University-Fullerton,CA,California,"Degree-granting, primarily baccalaureate or above",2017,6850,4437,537939938,544556119,34,34,0,25,0,0,7,42,0,0,8,9,17,24
110565,California State University-Fullerton,CA,California,"Degree-granting, primarily baccalaureate or above",2018,6886,4408,651117129,669714706,28,43,0,23,0,0,6,36,0,0,6,8,14,36
110565,California State University-Fullerton,CA,California,"Degree-granting, primarily baccalaureate or above",2019,6924,4778,613395729,641795768,28,38,0,26,0,1,6,38,0,0,7,8,15,32
110565,California State University-Fullerton,CA,California,"Degree-granting, primarily baccalaureate or above",2020,6953,5425,677177239,707631882,25,41,0,26,1,1,6,36,0,0,7,7,13,36
110565,California State University-Fullerton,CA,California,"Degree-granting, primarily baccalaureate or above",2021,6976,4219,710314933,655795850,27,33,0,33,0,3,5,36,0,0,7,10,13,33
110565,California State University-Fullerton,CA,California,"Degree-granting, primarily baccalaureate or above",2022,7007,5280,806146603,691990517,22,37,0,39,0,-3,4,37,0,1,6,11,14,32
110583,California State University-Long Beach,CA,California,"Degree-granting, primarily baccalaureate or above",2015,6452,4506,478736252,457528525,32,34,0,27,1,0,5,51,0,1,13,12,9,14
110583,California State University-Long Beach,CA,California,"Degree-granting, primarily baccalaureate or above",2016,6460,4253,501240382,494357840,31,35,0,27,2,1,5,50,0,1,12,13,11,13
110583,California State University-Long Beach,CA,California,"Degree-granting, primarily baccalaureate or above",2017,6730,4138,533618189,532586355,28,37,0,25,2,0,8,44,0,0,10,11,10,24
110583,California State University-Long Beach,CA,California,"Degree-granting, primarily baccalaureate or above",2018,6798,4912,664504281,666766911,22,44,0,22,1,0,10,37,0,0,9,9,8,36
110583,California State University-Long Beach,CA,California,"Degree-granting, primarily baccalaureate or above",2019,6834,5161,622580679,648118699,24,40,0,24,1,1,10,39,0,0,9,10,9,32
110583,California State University-Long Beach,CA,California,"Degree-granting, primarily baccalaureate or above",2020,6834,4908,696702501,700586896,21,44,0,26,1,1,6,37,1,0,9,9,9,35
110583,California State University-Long Beach,CA,California,"Degree-granting, primarily baccalaureate or above",2021,6846,4865,715260397,689988924,22,35,0,34,1,2,5,37,0,0,9,12,8,33
110583,California State University-Long Beach,CA,California,"Degree-granting, primarily baccalaureate or above",2022,6884,5365,813901482,786014467,20,38,0,38,1,-2,5,36,0,0,9,12,8,35
110592,California State University-Los Angeles,CA,California,"Degree-granting, primarily baccalaureate or above",2015,6355,3862,335525857,313237424,26,36,0,33,0,1,5,42,1,1,14,8,13,21
110592,California State University-Los Angeles,CA,California,"Degree-granting, primarily baccalaureate or above",2016,6383,3830,363760472,347439357,28,34,0,33,0,1,4,43,1,1,16,8,12,20
110592,California State University-Los Angeles,CA,California,"Degree-granting, primarily baccalaureate or above",2017,6639,3556,378626548,383571113,23,37,0,34,0,1,6,39,1,1,13,8,11,28
110592,California State University-Los Angeles,CA,California,"Degree-granting, primarily baccalaureate or above",2018,6749,3862,465901474,480860952,19,44,0,31,0,1,6,33,1,1,11,6,9,40
110592,California State University-Los Angeles,CA,California,"Degree-granting, primarily baccalaureate or above",2019,6768,3287,459931431,482773142,18,40,0,32,0,2,8,34,0,1,11,7,9,39
110592,California State University-Los Angeles,CA,California,"Degree-granting, primarily baccalaureate or above",2020,6781,4000,533780608,514332921,12,42,0,31,0,2,13,32,1,1,10,6,11,41
110592,California State University-Los Angeles,CA,California,"Degree-granting, primarily baccalaureate or above",2021,6785,4095,559865157,482754451,14,35,0,35,0,3,13,32,0,1,10,9,12,37
110592,California State University-Los Angeles,CA,California,"Degree-granting, primarily baccalaureate or above",2022,6805,3892,600217816,553150600,12,39,0,46,0,-3,5,29,0,1,8,9,19,34
409698,California State University-Monterey Bay,CA,California,"Degree-granting, primarily baccalaureate or above",2015,6119,1052,135065518,135248718,22,45,0,24,0,2,6,42,0,1,11,19,17,10
409698,California State University-Monterey Bay,CA,California,"Degree-granting, primarily baccalaureate or above",2016,6379,802,155248508,163459764,22,44,0,17,1,2,14,43,1,2,12,19,14,9
409698,California State University-Monterey Bay,CA,California,"Degree-granting, primarily baccalaureate or above",2017,7043,926,161601561,175918286,22,45,0,17,1,2,13,38,1,0,10,16,14,21
409698,California State University-Monterey Bay,CA,California,"Degree-granting, primarily baccalaureate or above",2018,7143,1000,200013059,197798408,19,51,0,15,1,1,14,30,1,1,9,15,12,32
409698,California State University-Monterey Bay,CA,California,"Degree-granting, primarily baccalaureate or above",2019,7143,1046,200953031,198958052,20,45,0,14,1,2,19,31,1,0,10,15,12,31
409698,California State University-Monterey Bay,CA,California,"Degree-granting, primarily baccalaureate or above",2020,7147,879,211723385,215814425,19,49,0,16,1,2,13,30,0,0,10,14,11,34
409698,California State University-Monterey Bay,CA,California,"Degree-granting, primarily baccalaureate or above",2021,7218,779,196627299,203201673,20,45,0,22,1,3,10,31,1,0,10,14,11,33
409698,California State University-Monterey Bay,CA,California,"Degree-granting, primarily baccalaureate or above",2022,7323,904,246866263,203140646,17,47,0,23,1,-2,15,34,1,0,10,16,13,25
110608,California State University-Northridge,CA,California,"Degree-granting, primarily baccalaureate or above",2015,6569,5637,522345805,492860761,35,31,0,28,1,0,5,42,1,0,12,17,10,16
110608,California State University-Northridge,CA,California,"Degree-granting, primarily baccalaureate or above",2016,6587,4499,548082147,533819582,33,31,0,29,1,1,5,44,2,0,11,17,9,16
110608,California State University-Northridge,CA,California,"Degree-granting, primarily baccalaureate or above",2017,6875,5227,563864413,575219602,29,34,0,28,1,0,7,38,1,0,10,15,9,26
110608,California State University-Northridge,CA,California,"Degree-granting, primarily baccalaureate or above",2018,6893,4804,711941288,694379222,22,42,0,25,1,0,10,33,1,0,9,13,7,36
110608,California State University-Northridge,CA,California,"Degree-granting, primarily baccalaureate or above",2019,6977,4792,622033913,686143654,24,40,0,29,1,1,5,34,1,0,9,14,8,34
110608,California State University-Northridge,CA,California,"Degree-granting, primarily baccalaureate or above",2020,7017,4016,692780212,701648780,21,42,0,29,1,1,6,32,1,0,9,14,7,36
110608,California State University-Northridge,CA,California,"Degree-granting, primarily baccalaureate or above",2021,7043,4716,723640604,683044974,20,35,0,37,1,4,3,32,1,0,10,14,8,36
110608,California State University-Northridge,CA,California,"Degree-granting, primarily baccalaureate or above",2022,7069,4972,828540863,739126414,19,40,0,40,1,-3,4,32,0,0,10,15,9,33
110617,California State University-Sacramento,CA,California,"Degree-granting, primarily baccalaureate or above",2015,6872,3781,395860925,386999971,31,33,0,31,0,1,5,46,0,2,10,12,12,17
110617,California State University-Sacramento,CA,California,"Degree-granting, primarily baccalaureate or above",2016,6900,3760,427360883,420853345,30,33,0,30,0,1,7,46,0,2,9,12,13,17
110617,California State University-Sacramento,CA,California,"Degree-granting, primarily baccalaureate or above",2017,7204,3590,456172958,453527389,28,35,0,29,0,1,7,40,0,2,9,11,11,26
110617,California State University-Sacramento,CA,California,"Degree-granting, primarily baccalaureate or above",2018,7310,3757,567264308,553418430,23,41,0,25,0,1,10,35,0,1,8,10,9,37
110617,California State University-Sacramento,CA,California,"Degree-granting, primarily baccalaureate or above",2019,7368,4175,564071563,577728648,26,36,0,25,0,1,13,36,0,1,8,10,9,35
110617,California State University-Sacramento,CA,California,"Degree-granting, primarily baccalaureate or above",2020,7418,3761,608492268,628541779,24,40,0,27,0,1,8,34,0,1,8,9,9,38
110617,California State University-Sacramento,CA,California,"Degree-granting, primarily baccalaureate or above",2021,7392,3581,610849914,646697931,25,35,0,34,0,2,4,31,0,0,9,12,8,39
110617,California State University-Sacramento,CA,California,"Degree-granting, primarily baccalaureate or above",2022,7484,3916,749922230,636227503,21,35,0,36,0,-2,9,35,1,0,8,13,10,33
110510,California State University-San Bernardino,CA,California,"Degree-granting, primarily baccalaureate or above",2015,6577,3005,258472970,251821474,24,35,0,31,0,0,9,44,0,0,11,13,17,14
110510,California State University-San Bernardino,CA,California,"Degree-granting, primarily baccalaureate or above",2016,6610,2791,274446588,267427062,25,35,0,32,0,0,7,43,1,1,11,12,18,15
110510,California State University-San Bernardino,CA,California,"Degree-granting, primarily baccalaureate or above",2017,6885,2517,305076377,291688688,22,36,0,32,0,0,10,40,0,0,9,11,14,26
110510,California State University-San Bernardino,CA,California,"Degree-granting, primarily baccalaureate or above",2018,6922,2682,371497260,354713164,17,45,0,27,0,0,10,35,0,0,7,9,12,36
110510,California State University-San Bernardino,CA,California,"Degree-granting, primarily baccalaureate or above",2019,6885,2885,327891531,351890550,19,42,0,31,0,1,6,35,0,0,8,10,14,32
110510,California State University-San Bernardino,CA,California,"Degree-granting, primarily baccalaureate or above",2020,6952,2286,374041730,412516450,16,44,0,31,0,1,8,32,0,0,7,8,13,40
110510,California State University-San Bernardino,CA,California,"Degree-granting, primarily baccalaureate or above",2021,7213,2001,369788588,374584922,15,39,0,37,1,2,5,34,0,0,7,11,13,34
110510,California State University-San Bernardino,CA,California,"Degree-granting, primarily baccalaureate or above",2022,7486,2324,431925522,396232604,10,43,0,46,0,-2,3,36,0,0,6,11,16,31
366711,California State University-San Marcos,CA,California,"Degree-granting, primarily baccalaureate or above",2015,7269,2202,193337242,198773710,36,33,0,23,1,1,5,41,0,0,16,11,15,17
366711,California State University-San Marcos,CA,California,"Degree-granting, primarily baccalaureate or above",2016,7383,2152,197648724,214360320,33,36,0,24,1,1,5,44,0,0,18,11,17,10
366711,California State University-San Marcos,CA,California,"Degree-granting, primarily baccalaureate or above",2017,7653,2499,218177148,234618934,33,37,0,23,1,1,6,40,1,0,15,10,12,23
366711,California State University-San Marcos,CA,California,"Degree-granting, primarily baccalaureate or above",2018,7713,2474,284209502,283552043,28,44,0,21,1,0,6,35,1,0,11,10,10,34
366711,California State University-San Marcos,CA,California,"Degree-granting, primarily baccalaureate or above",2019,7717,2245,261536936,301186986,31,39,0,23,1,1,5,34,1,0,11,10,10,35
366711,California State University-San Marcos,CA,California,"Degree-granting, primarily baccalaureate or above",2020,7712,2255,301640203,326160920,26,40,0,24,1,1,8,31,1,0,11,10,10,37
366711,California State University-San Marcos,CA,California,"Degree-granting, primarily baccalaureate or above",2021,7727,2413,294071926,298053706,28,37,0,29,1,3,3,33,1,0,11,11,12,33
366711,California State University-San Marcos,CA,California,"Degree-granting, primarily baccalaureate or above",2022,7733,2551,336105961,327515269,25,36,0,36,1,-2,3,35,0,0,10,12,14,28
110495,California State University-Stanislaus,CA,California,"Degree-granting, primarily baccalaureate or above",2015,6704,1270,144608773,139180113,24,38,0,32,1,0,5,45,1,1,11,13,11,18
110495,California State University-Stanislaus,CA,California,"Degree-granting, primarily baccalaureate or above",2016,6728,1389,160097552,149777528,23,37,0,29,1,1,9,46,1,1,10,13,12,17
110495,California State University-Stanislaus,CA,California,"Degree-granting, primarily baccalaureate or above",2017,7038,1421,168234277,170381709,24,38,0,29,1,0,7,41,1,0,9,11,11,27
110495,California State University-Stanislaus,CA,California,"Degree-granting, primarily baccalaureate or above",2018,7072,1570,214669664,211472027,20,46,0,26,1,0,7,34,1,0,8,9,10,38
110495,California State University-Stanislaus,CA,California,"Degree-granting, primarily baccalaureate or above",2019,7542,1568,207605094,220692498,21,42,0,28,1,2,6,35,0,0,8,9,10,37
110495,California State University-Stanislaus,CA,California,"Degree-granting, primarily baccalaureate or above",2020,7584,1238,257084403,245243953,15,46,0,28,1,1,9,33,1,0,7,10,10,40
110495,California State University-Stanislaus,CA,California,"Degree-granting, primarily baccalaureate or above",2021,7644,951,261640483,237834615,16,32,0,34,1,3,14,31,1,0,7,13,10,38
110495,California State University-Stanislaus,CA,California,"Degree-granting, primarily baccalaureate or above",2022,7734,1032,322447577,253412681,13,51,0,32,0,-3,7,33,1,0,7,14,13,32
122409,San Diego State University,CA,California,"Degree-granting, primarily baccalaureate or above",2015,6976,5229,533016713,499888327,40,30,0,17,5,0,9,42,1,1,15,19,9,14
122409,San Diego State University,CA,California,"Degree-granting, primarily baccalaureate or above",2016,7084,5077,583648454,517124013,39,29,0,15,3,1,14,40,2,1,14,19,10,13
122409,San Diego State University,CA,California,"Degree-granting, primarily baccalaureate or above",2017,7460,5366,583001338,523397614,37,32,0,15,3,1,13,41,1,1,13,18,7,19
122409,San Diego State University,CA,California,"Degree-granting, primarily baccalaureate or above",2018,7488,5750,699258835,645294288,31,41,0,13,3,1,12,35,1,1,11,15,7,30
122409,San Diego State University,CA,California,"Degree-granting, primarily baccalaureate or above",2019,7510,5275,658772396,627048828,33,36,0,14,3,2,12,40,1,1,12,17,7,23
122409,San Diego State University,CA,California,"Degree-granting, primarily baccalaureate or above",2020,7720,4852,731152074,780330425,30,40,0,16,2,1,11,33,1,1,10,13,7,36
122409,San Diego State University,CA,California,"Degree-granting, primarily baccalaureate or above",2021,8136,5269,719491665,749302816,32,32,0,20,3,4,9,33,1,1,10,15,8,33
122409,San Diego State University,CA,California,"Degree-granting, primarily baccalaureate or above",2022,8174,6573,861089630,780550587,32,34,0,25,2,-4,10,36,1,1,9,18,8,27
122597,San Francisco State University,CA,California,"Degree-granting, primarily baccalaureate or above",2015,6476,4276,410147960,416524529,33,34,0,28,1,0,4,48,4,1,13,9,12,12
122597,San Francisco State University,CA,California,"Degree-granting, primarily baccalaureate or above",2016,6484,3642,434982406,421691314,30,33,0,27,3,1,6,48,3,1,14,10,12,12
122597,San Francisco State University,CA,California,"Degree-granting, primarily baccalaureate or above",2017,7254,4323,434379755,457277857,30,38,0,26,1,0,5,43,4,1,11,9,11,22
122597,San Francisco State University,CA,California,"Degree-granting, primarily baccalaureate or above",2018,7260,4287,559278562,571325396,25,45,0,23,1,0,5,35,3,1,10,8,9,34
122597,San Francisco State University,CA,California,"Degree-granting, primarily baccalaureate or above",2019,7266,3694,512114523,560990536,27,40,0,26,1,1,5,38,4,1,11,9,11,27
122597,San Francisco State University,CA,California,"Degree-granting, primarily baccalaureate or above",2020,7006,2779,605387392,614514133,23,40,0,24,1,1,12,34,3,1,9,8,10,34
122597,San Francisco State University,CA,California,"Degree-granting, primarily baccalaureate or above",2021,7304,3149,566435618,560162522,22,36,0,27,1,2,12,35,3,1,9,10,9,33
122597,San Francisco State University,CA,California,"Degree-granting, primarily baccalaureate or above",2022,7524,3339,640884657,525994219,19,41,0,33,1,-2,7,41,4,1,9,11,11,23
122755,San Jose State University,CA,California,"Degree-granting, primarily baccalaureate or above",2015,7378,3461,443461520,392174495,43,29,0,20,0,0,7,51,0,0,12,17,10,11
122755,San Jose State University,CA,California,"Degree-granting, primarily baccalaureate or above",2016,7418,3208,468528887,414311870,41,29,0,19,0,1,10,50,0,1,12,18,10,10
122755,San Jose State University,CA,California,"Degree-granting, primarily baccalaureate or above",2017,7721,4490,498765483,473015906,38,31,0,17,1,1,12,46,0,0,11,15,10,17
122755,San Jose State University,CA,California,"Degree-granting, primarily baccalaureate or above",2018,7796,3774,579241973,600630009,32,42,0,17,1,1,7,39,0,1,9,12,8,32
122755,San Jose State University,CA,California,"Degree-granting, primarily baccalaureate or above",2019,7852,3964,555313826,583968507,34,36,0,18,1,2,9,42,0,1,9,13,9,26
122755,San Jose State University,CA,California,"Degree-granting, primarily baccalaureate or above",2020,7852,3328,682983093,681218201,29,36,0,17,1,1,16,36,0,1,8,12,8,36
122755,San Jose State University,CA,California,"Degree-granting, primarily baccalaureate or above",2021,7852,4222,673890432,689772885,32,29,0,24,2,3,10,33,0,0,7,14,11,34
122755,San Jose State University,CA,California,"Degree-granting, primarily baccalaureate or above",2022,7899,4037,703277123,678704815,31,36,0,27,1,-3,8,38,0,0,9,14,10,28
123572,Sonoma State University,CA,California,"Degree-granting, primarily baccalaureate or above",2015,7330,1893,160179363,159728516,33,35,0,19,4,0,9,40,1,12,12,16,12,8
123572,Sonoma State University,CA,California,"Degree-granting, primarily baccalaureate or above",2016,7388,1806,171354564,169282150,32,35,0,19,4,1,10,39,1,10,13,15,15,8
123572,Sonoma State University,CA,California,"Degree-granting, primarily baccalaureate or above",2017,7724,1831,175518276,180323856,29,38,0,19,3,0,10,35,1,10,11,14,11,18
123572,Sonoma State University,CA,California,"Degree-granting, primarily baccalaureate or above",2018,7798,1793,226448684,220960370,22,46,0,16,3,0,12,31,1,7,10,11,8,33
123572,Sonoma State University,CA,California,"Degree-granting, primarily baccalaureate or above",2019,7880,1551,217317026,218557401,23,43,0,17,3,1,12,31,1,8,10,12,10,27
123572,Sonoma State University,CA,California,"Degree-granting, primarily baccalaureate or above",2020,7952,913,248208786,252681652,19,41,0,17,3,1,20,27,1,7,9,11,9,36
123572,Sonoma State University,CA,California,"Degree-granting, primarily baccalaureate or above",2021,7988,822,233978716,221991926,18,35,0,28,3,3,13,29,1,5,8,10,9,37
123572,Sonoma State University,CA,California,"Degree-granting, primarily baccalaureate or above",2022,8060,967,258964976,168516524,15,40,0,19,3,-3,25,38,3,7,11,14,13,14
110635,University of California-Berkeley,CA,California,"Degree-granting, primarily baccalaureate or above",2015,13431,5550,2661895000,2411265715,27,13,0,21,15,3,21,36,28,3,9,9,9,6
110635,University of California-Berkeley,CA,California,"Degree-granting, primarily baccalaureate or above",2016,13509,6182,2477242000,2453776908,32,15,0,21,17,5,10,32,27,4,8,9,12,6
110635,University of California-Berkeley,CA,California,"Degree-granting, primarily baccalaureate or above",2017,14170,6379,2521065000,2615146538,33,16,0,20,18,5,8,32,26,4,8,9,11,12
110635,University of California-Berkeley,CA,California,"Degree-granting, primarily baccalaureate or above",2018,14184,6012,2871112000,2552320288,33,14,0,18,18,5,13,31,25,3,7,9,11,14
110635,University of California-Berkeley,CA,California,"Degree-granting, primarily baccalaureate or above",2019,14253,6455,2834468000,2638200573,34,16,0,18,19,5,8,32,25,3,7,10,11,12
110635,University of California-Berkeley,CA,California,"Degree-granting, primarily baccalaureate or above",2020,14312,6117,2961878000,2742869384,34,15,0,19,18,5,10,35,25,3,7,10,11,8
110635,University of California-Berkeley,CA,California,"Degree-granting, primarily baccalaureate or above",2021,14226,6931,2997555000,2689763127,31,12,0,20,9,3,25,35,26,3,7,10,11,7
110635,University of California-Berkeley,CA,California,"Degree-granting, primarily baccalaureate or above",2022,14395,6728,3188337000,3616171637,31,15,0,20,19,1,12,28,21,3,5,8,11,24
110644,University of California-Davis,CA,California,"Degree-granting, primarily baccalaureate or above",2015,13951,5369,2262686000,2135912156,20,17,0,25,9,2,27,37,29,4,14,7,6,3
110644,University of California-Davis,CA,California,"Degree-granting, primarily baccalaureate or above",2016,14046,5762,2392733000,2333561689,22,17,0,25,9,3,24,37,28,4,14,7,6,4
110644,University of California-Davis,CA,California,"Degree-granting, primarily baccalaureate or above",2017,14419,5868,2452346000,2475233390,23,18,0,24,9,3,23,37,26,4,13,7,7,5
110644,University of California-Davis,CA,California,"Degree-granting, primarily baccalaureate or above",2018,14402,6393,2531393000,2796317796,27,16,0,25,9,3,21,32,23,4,11,6,6,18
110644,University of California-Davis,CA,California,"Degree-granting, primarily baccalaureate or above",2019,14495,5957,2681719000,3405542063,26,16,0,24,8,4,21,26,19,3,9,5,6,33
110644,University of California-Davis,CA,California,"Degree-granting, primarily baccalaureate or above",2020,14597,6144,3040725000,2972618234,24,15,0,25,8,2,27,32,23,3,11,6,7,17
110644,University of California-Davis,CA,California,"Degree-granting, primarily baccalaureate or above",2021,14645,7482,3331789000,2804544415,22,12,0,24,5,4,32,36,25,4,12,6,7,8
110644,University of California-Davis,CA,California,"Degree-granting, primarily baccalaureate or above",2022,14858,6399,3282370000,3967744395,23,19,0,26,9,1,22,31,19,3,7,5,6,29
110653,University of California-Irvine,CA,California,"Degree-granting, primarily baccalaureate or above",2015,13252,5756,1449467000,1443052568,31,18,0,18,7,1,24,46,21,1,12,6,7,6
110653,University of California-Irvine,CA,California,"Degree-granting, primarily baccalaureate or above",2016,13360,6551,1720221000,1538244422,28,17,0,16,6,3,30,45,21,1,13,6,7,6
110653,University of California-Irvine,CA,California,"Degree-granting, primarily baccalaureate or above",2017,13738,6545,1711125000,1659699711,31,19,0,16,7,2,26,46,20,1,13,7,6,7
110653,University of California-Irvine,CA,California,"Degree-granting, primarily baccalaureate or above",2018,13700,5793,1936532000,1758259720,30,15,0,16,7,2,29,41,20,1,13,7,5,13
110653,University of California-Irvine,CA,California,"Degree-granting, primarily baccalaureate or above",2019,13727,6069,1920558000,1982063764,33,18,0,16,8,3,23,40,17,1,11,6,5,20
110653,University of California-Irvine,CA,California,"Degree-granting, primarily baccalaureate or above",2020,13753,5765,2166121000,2119430066,28,16,0,19,7,3,26,40,17,1,15,4,6,18
110653,University of California-Irvine,CA,California,"Degree-granting, primarily baccalaureate or above",2021,13775,6489,2639713000,2083346501,22,11,0,20,7,8,33,46,19,1,15,5,5,8
110653,University of California-Irvine,CA,California,"Degree-granting, primarily baccalaureate or above",2022,13939,5664,2433284000,2522691226,26,16,0,19,7,2,30,40,17,1,14,5,6,18
110662,University of California-Los Angeles,CA,California,"Degree-granting, primarily baccalaureate or above",2015,12763,5679,4088636000,3970542046,16,12,0,18,12,1,40,48,22,3,16,4,7,1
110662,University of California-Los Angeles,CA,California,"Degree-granting, primarily baccalaureate or above",2016,12920,6545,4291878000,4554220696,17,12,0,17,13,2,39,45,19,3,15,4,6,8
110662,University of California-Los Angeles,CA,California,"Degree-granting, primarily baccalaureate or above",2017,13261,6038,4640961000,4832928944,18,11,0,16,12,2,41,46,19,3,16,4,6,6
110662,University of California-Los Angeles,CA,California,"Degree-granting, primarily baccalaureate or above",2018,13226,6240,4829355000,5141468334,17,9,0,17,13,3,41,43,17,3,15,4,4,14
110662,University of California-Los Angeles,CA,California,"Degree-granting, primarily baccalaureate or above",2019,13240,5920,5290396000,5533925975,18,9,0,16,12,3,43,45,17,3,16,4,4,12
110662,University of California-Los Angeles,CA,California,"Degree-granting, primarily baccalaureate or above",2020,13249,6386,5754446000,5928940070,16,9,0,17,11,4,42,46,16,3,17,4,5,10
110662,University of California-Los Angeles,CA,California,"Degree-granting, primarily baccalaureate or above",2021,13258,6584,7060617000,5898077670,13,6,0,15,5,1,62,49,18,3,18,3,4,4
110662,University of California-Los Angeles,CA,California,"Degree-granting, primarily baccalaureate or above",2022,13401,6462,6870763000,7826979994,14,10,0,17,10,3,45,39,15,3,15,3,4,20
445188,University of California-Merced,CA,California,"Degree-granting, primarily baccalaureate or above",2015,13208,1788,287660000,239756607,22,41,0,12,2,1,22,25,14,2,13,12,28,7
445188,University of California-Merced,CA,California,"Degree-granting, primarily baccalaureate or above",2016,13262,2048,319670000,262953427,20,44,0,11,2,1,22,25,13,2,12,11,29,7
445188,University of California-Merced,CA,California,"Degree-granting, primarily baccalaureate or above",2017,13598,2293,342997000,272077142,20,46,0,12,2,1,19,26,14,3,13,12,25,7
445188,University of California-Merced,CA,California,"Degree-granting, primarily baccalaureate or above",2018,13538,2214,582178000,289899096,13,28,0,8,1,1,49,26,13,3,12,12,23,12
445188,University of California-Merced,CA,California,"Degree-granting, primarily baccalaureate or above",2019,13538,2105,564200000,311595707,15,30,0,9,1,1,44,28,15,3,12,12,23,7
445188,University of California-Merced,CA,California,"Degree-granting, primarily baccalaureate or above",2020,13538,1951,574071000,373851484,15,36,0,13,1,1,34,26,14,3,11,10,22,15
445188,University of California-Merced,CA,California,"Degree-granting, primarily baccalaureate or above",2021,13657,2410,529333000,393185978,17,31,0,20,1,1,30,28,16,4,11,10,23,9
445188,University of California-Merced,CA,California,"Degree-granting, primarily baccalaureate or above",2022,13791,2392,440435000,422041880,19,50,0,20,3,0,8,28,15,4,11,10,25,6
110671,University of California-Riverside,CA,California,"Degree-granting, primarily baccalaureate or above",2015,13527,4044,802173000,678790825,34,27,0,16,5,2,16,40,20,1,8,12,9,10
110671,University of California-Riverside,CA,California,"Degree-granting, primarily baccalaureate or above",2016,13581,5358,783380000,729256272,36,31,0,17,5,3,8,41,19,1,8,12,10,10
110671,University of California-Riverside,CA,California,"Degree-granting, primarily baccalaureate or above",2017,13917,4596,871487000,790730849,34,31,0,17,5,2,11,42,18,1,8,12,10,9
110671,University of California-Riverside,CA,California,"Degree-granting, primarily baccalaureate or above",2018,13827,4529,934034000,819926920,31,28,0,16,5,2,17,41,18,1,8,12,9,11
110671,University of California-Riverside,CA,California,"Degree-granting, primarily baccalaureate or above",2019,13853,4766,904605000,894526512,34,31,0,18,6,3,9,42,17,1,7,12,9,11
110671,University of California-Riverside,CA,California,"Degree-granting, primarily baccalaureate or above",2020,13742,4850,1138264000,926914549,29,25,0,19,4,2,21,42,18,1,7,11,11,10
110671,University of California-Riverside,CA,California,"Degree-granting, primarily baccalaureate or above",2021,13754,5203,1146112000,903675052,28,23,0,21,3,2,23,42,19,2,6,11,9,11
110671,University of California-Riverside,CA,California,"Degree-granting, primarily baccalaureate or above",2022,13874,5573,1217552000,986804489,27,32,0,24,5,2,11,42,19,2,6,11,9,11
110680,University of California-San Diego,CA,California,"Degree-granting, primarily baccalaureate or above",2015,13530,5292,2787633000,2483106640,18,11,0,27,12,1,31,32,36,1,15,5,7,3
110680,University of California-San Diego,CA,California,"Degree-granting, primarily baccalaureate or above",2016,13645,5748,2610395000,2666850722,22,13,0,28,11,1,25,32,33,1,18,5,7,4
110680,University of California-San Diego,CA,California,"Degree-granting, primarily baccalaureate or above",2017,14018,5699,3046599000,2877516339,21,12,0,25,11,1,31,33,32,1,18,5,8,3
110680,University of California-San Diego,CA,California,"Degree-granting, primarily baccalaureate or above",2018,14167,6707,3272433000,3128183295,20,10,0,24,11,2,33,25,28,1,23,4,6,12
110680,University of California-San Diego,CA,California,"Degree-granting, primarily baccalaureate or above",2019,14415,6015,3664041000,3484770541,20,10,0,24,11,2,34,23,26,1,22,4,6,17
110680,University of California-San Diego,CA,California,"Degree-granting, primarily baccalaureate or above",2020,14648,6447,3683507000,3841209911,21,11,0,28,13,2,26,23,24,1,22,4,7,19
110680,University of California-San Diego,CA,California,"Degree-granting, primarily baccalaureate or above",2021,14700,7544,3895279000,3652165816,20,8,0,23,10,1,38,25,26,1,26,4,8,10
110680,University of California-San Diego,CA,California,"Degree-granting, primarily baccalaureate or above",2022,14906,6546,4480612000,3930196008,19,11,0,25,11,1,33,27,32,1,19,5,5,11
110705,University of California-Santa Barbara,CA,California,"Degree-granting, primarily baccalaureate or above",2015,13968,4473,883731000,848250150,37,21,0,18,10,1,13,33,23,1,10,11,8,14
110705,University of California-Santa Barbara,CA,California,"Degree-granting, primarily baccalaureate or above",2016,14073,4996,992045000,815686902,35,21,0,17,10,2,15,35,25,2,7,12,9,11
110705,University of California-Santa Barbara,CA,California,"Degree-granting, primarily baccalaureate or above",2017,14451,4538,1060986000,893849382,35,21,0,15,10,1,18,35,23,2,9,12,9,10
110705,University of California-Santa Barbara,CA,California,"Degree-granting, primarily baccalaureate or above",2018,14391,5094,998432000,925503676,39,22,0,18,11,2,7,32,21,2,8,11,7,19
110705,University of California-Santa Barbara,CA,California,"Degree-granting, primarily baccalaureate or above",2019,14391,4935,1139143000,1039230591,41,21,0,16,15,2,5,36,20,2,8,11,8,14
110705,University of California-Santa Barbara,CA,California,"Degree-granting, primarily baccalaureate or above",2020,14406,4847,1134558000,1098326933,44,22,0,17,10,2,5,37,20,1,8,10,9,14
110705,University of California-Santa Barbara,CA,California,"Degree-granting, primarily baccalaureate or above",2021,14417,4900,1224606000,1008846316,37,16,0,19,5,2,20,39,22,2,8,10,7,13
110705,University of California-Santa Barbara,CA,California,"Degree-granting, primarily baccalaureate or above",2022,14617,4967,1268233000,1140849404,37,23,0,21,8,4,7,36,22,2,9,9,6,17
110714,University of California-Santa Cruz,CA,California,"Degree-granting, primarily baccalaureate or above",2015,13461,3620,646137000,539708689,35,26,0,21,6,1,12,31,25,3,9,14,11,8
110714,University of California-Santa Cruz,CA,California,"Degree-granting, primarily baccalaureate or above",2016,13539,4221,712198000,566630992,33,26,0,19,5,1,15,32,24,3,8,15,11,8
110714,University of California-Santa Cruz,CA,California,"Degree-granting, primarily baccalaureate or above",2017,14020,4048,713087000,637370154,37,28,0,14,5,2,15,31,18,3,8,15,9,16
110714,University of California-Santa Cruz,CA,California,"Degree-granting, primarily baccalaureate or above",2018,13960,3695,811237000,650247012,35,25,0,14,6,2,18,31,17,7,8,15,8,14
110714,University of California-Santa Cruz,CA,California,"Degree-granting, primarily baccalaureate or above",2019,13991,3712,741820000,770437427,40,28,0,16,6,2,7,27,16,6,7,13,8,23
110714,University of California-Santa Cruz,CA,California,"Degree-granting, primarily baccalaureate or above",2020,14025,4193,936151000,730526431,33,23,0,14,6,1,24,31,18,6,8,15,10,12
110714,University of California-Santa Cruz,CA,California,"Degree-granting, primarily baccalaureate or above",2021,14070,4187,822993000,816059649,31,22,0,19,4,5,19,29,18,6,7,13,8,20
110714,University of California-Santa Cruz,CA,California,"Degree-granting, primarily baccalaureate or above",2022,14240,3859,971417000,806560666,28,26,0,21,6,6,13,33,20,6,9,14,9,8
126182,Adams State University,CO,Colorado,"Degree-granting, primarily baccalaureate or above",2015,8574,425,58674687,41901510,32,0,0,36,3,0,28,62,0,0,9,16,12,1
126182,Adams State University,CO,Colorado,"Degree-granting, primarily baccalaureate or above",2016,9153,462,50794367,43872563,38,0,0,46,4,0,12,60,0,1,9,16,13,2
126182,Adams State University,CO,Colorado,"Degree-granting, primarily baccalaureate or above",2017,9440,397,54701246,54416038,34,0,0,45,4,0,18,60,0,3,7,16,13,2
126182,Adams State University,CO,Colorado,"Degree-granting, primarily baccalaureate or above",2018,9440,460,48875544,55300255,34,0,0,51,5,0,10,57,0,3,7,17,14,2
126182,Adams State University,CO,Colorado,"Degree-granting, primarily baccalaureate or above",2019,9440,399,52099218,35725137,34,0,0,51,5,1,9,53,0,3,7,18,15,5
126182,Adams State University,CO,Colorado,"Degree-granting, primarily baccalaureate or above",2020,9560,348,54037330,31967560,33,0,0,50,5,3,9,67,0,3,10,36,22,-38
126182,Adams State University,CO,Colorado,"Degree-granting, primarily baccalaureate or above",2021,9680,318,53549435,32170029,32,0,0,33,5,-1,31,67,0,3,10,36,23,-40
126182,Adams State University,CO,Colorado,"Degree-granting, primarily baccalaureate or above",2022,9776,303,66889527,45309192,28,0,0,43,5,-3,28,50,0,5,7,30,17,-9
127556,Colorado Mesa University,CO,Colorado,"Degree-granting, primarily baccalaureate or above",2015,7474,2120,104930943,86694361,53,0,0,32,0,1,14,54,1,0,12,17,10,7
127556,Colorado Mesa University,CO,Colorado,"Degree-granting, primarily baccalaureate or above",2016,7835,2005,113203511,105161969,53,0,0,31,1,0,14,33,0,0,7,10,6,43
127556,Colorado Mesa University,CO,Colorado,"Degree-granting, primarily baccalaureate or above",2017,8374,1882,126781022,126140522,53,0,0,27,1,2,18,33,0,0,8,10,6,42
127556,Colorado Mesa University,CO,Colorado,"Degree-granting, primarily baccalaureate or above",2018,8627,2044,113728874,129673380,58,0,0,33,1,2,7,34,0,0,8,11,6,41
127556,Colorado Mesa University,CO,Colorado,"Degree-granting, primarily baccalaureate or above",2019,8686,2069,122352740,109768207,57,0,0,33,2,3,6,57,0,0,5,17,9,12
127556,Colorado Mesa University,CO,Colorado,"Degree-granting, primarily baccalaureate or above",2020,8686,1970,135199208,114145898,54,0,0,35,3,3,5,59,0,0,7,21,8,3
127556,Colorado Mesa University,CO,Colorado,"Degree-granting, primarily baccalaureate or above",2021,9000,1855,137603485,118090653,45,0,0,44,5,3,3,57,1,0,7,18,12,6
127556,Colorado Mesa University,CO,Colorado,"Degree-granting, primarily baccalaureate or above",2022,9297,1752,162377714,135147228,43,0,0,45,5,-5,11,52,1,0,5,13,9,20
126775,Colorado School of Mines,CO,Colorado,"Degree-granting, primarily baccalaureate or above",2015,17353,1003,233522639,207843759,49,1,0,24,16,0,10,44,28,0,11,4,11,1
126775,Colorado School of Mines,CO,Colorado,"Degree-granting, primarily baccalaureate or above",2016,17842,976,235954156,227291611,49,1,0,25,16,0,8,44,27,0,12,5,13,1
126775,Colorado School of Mines,CO,Colorado,"Degree-granting, primarily baccalaureate or above",2017,18386,1135,247529900,312793366,50,1,0,25,14,2,8,30,19,0,8,3,9,30
126775,Colorado School of Mines,CO,Colorado,"Degree-granting, primarily baccalaureate or above",2018,18964,1199,252325677,333868327,52,1,0,26,13,2,7,30,19,1,8,3,10,29
126775,Colorado School of Mines,CO,Colorado,"Degree-granting, primarily baccalaureate or above",2019,19062,1282,281048715,201200789,48,1,0,27,12,3,9,51,34,1,13,6,15,-20
126775,Colorado School of Mines,CO,Colorado,"Degree-granting, primarily baccalaureate or above",2020,19100,1172,297415350,181562037,49,1,0,29,12,3,6,60,37,0,14,9,20,-41
126775,Colorado School of Mines,CO,Colorado,"Degree-granting, primarily baccalaureate or above",2021,19538,1449,312403242,191140132,45,1,0,32,12,3,8,56,38,0,14,9,20,-36
126775,Colorado School of Mines,CO,Colorado,"Degree-granting, primarily baccalaureate or above",2022,20040,1512,309010082,258125571,50,1,0,31,13,-4,9,46,29,1,11,7,16,-11
476975,Colorado State University Global,CO,Colorado,"Degree-granting, primarily baccalaureate or above",2019,8400,141,107975052,104345261,82,0,0,10,0,4,4,18,0,0,9,30,7,38
476975,Colorado State University Global,CO,Colorado,"Degree-granting, primarily baccalaureate or above",2020,8400,85,106799584,115765426,83,0,0,10,0,2,4,16,0,0,7,25,6,45
476975,Colorado State University Global,CO,Colorado,"Degree-granting, primarily baccalaureate or above",2021,8400,99,117469815,101728333,76,0,0,10,0,8,6,19,0,0,6,28,7,39
476975,Colorado State University Global,CO,Colorado,"Degree-granting, primarily baccalaureate or above",2022,8400,91,87421119,111708757,86,0,0,14,0,-9,9,17,0,0,6,24,7,45
128106,Colorado State University Pueblo,CO,Colorado,"Degree-granting, primarily baccalaureate or above",2015,8282,793,81309443,62958017,41,0,0,34,4,0,20,41,2,0,9,12,14,22
128106,Colorado State University Pueblo,CO,Colorado,"Degree-granting, primarily baccalaureate or above",2016,9519,836,73057822,62646635,44,0,0,40,8,0,7,33,2,0,6,9,9,41
128106,Colorado State University Pueblo,CO,Colorado,"Degree-granting, primarily baccalaureate or above",2017,8072,725,76859275,76157095,47,1,0,39,6,0,7,32,4,1,9,9,10,37
128106,Colorado State University Pueblo,CO,Colorado,"Degree-granting, primarily baccalaureate or above",2018,10408,699,73345902,85490320,45,2,0,24,5,0,23,36,6,1,9,9,11,28
128106,Colorado State University Pueblo,CO,Colorado,"Degree-granting, primarily baccalaureate or above",2019,8407,634,79396741,66854675,40,2,0,23,5,1,29,46,7,2,12,10,15,8
128106,Colorado State University Pueblo,CO,Colorado,"Degree-granting, primarily baccalaureate or above",2020,8591,574,107938939,67573106,32,2,0,31,4,1,32,44,5,5,14,11,18,3
128106,Colorado State University Pueblo,CO,Colorado,"Degree-granting, primarily baccalaureate or above",2021,9005,603,80689442,69329019,33,1,0,31,5,0,30,42,5,4,16,11,23,-1
128106,Colorado State University Pueblo,CO,Colorado,"Degree-granting, primarily baccalaureate or above",2022,9245,633,88031700,78684031,26,1,0,31,6,-1,37,28,4,3,10,7,14,34
126818,Colorado State University-Fort Collins,CO,Colorado,"Degree-granting, primarily baccalaureate or above",2015,10590,4737,855201697,842319987,43,0,0,37,10,0,10,37,27,13,10,4,7,2
126818,Colorado State University-Fort Collins,CO,Colorado,"Degree-granting, primarily baccalaureate or above",2016,11080,4956,912154638,915372129,43,0,0,37,10,1,9,30,21,11,8,3,5,21
126818,Colorado State University-Fort Collins,CO,Colorado,"Degree-granting, primarily baccalaureate or above",2017,11632,5124,978241134,1079548327,44,0,0,36,9,0,11,32,22,12,9,4,6,16
126818,Colorado State University-Fort Collins,CO,Colorado,"Degree-granting, primarily baccalaureate or above",2018,11707,5337,1147394682,1211831323,39,0,0,33,12,0,16,31,21,13,8,3,5,18
126818,Colorado State University-Fort Collins,CO,Colorado,"Degree-granting, primarily baccalaureate or above",2019,12058,5218,1119679775,969183584,42,0,0,37,9,2,10,39,27,18,12,4,7,-7
126818,Colorado State University-Fort Collins,CO,Colorado,"Degree-granting, primarily baccalaureate or above",2020,12260,4579,1220104212,979914062,39,0,0,37,9,2,12,41,27,19,13,4,7,-11
126818,Colorado State University-Fort Collins,CO,Colorado,"Degree-granting, primarily baccalaureate or above",2021,12260,5197,1286210274,1000233664,34,0,0,36,8,4,17,41,27,19,13,4,8,-11
126818,Colorado State University-Fort Collins,CO,Colorado,"Degree-granting, primarily baccalaureate or above",2022,12874,5551,1311289525,1154567756,37,1,0,40,10,-4,17,36,26,18,12,4,7,-2
127185,Fort Lewis College,CO,Colorado,"Degree-granting, primarily baccalaureate or above",2015,7600,813,63467944,54489547,28,0,0,39,4,1,28,46,1,2,16,18,15,2
127185,Fort Lewis College,CO,Colorado,"Degree-granting, primarily baccalaureate or above",2016,8104,776,78690049,54082266,21,0,0,33,3,1,42,46,1,1,16,18,15,3
127185,Fort Lewis College,CO,Colorado,"Degree-granting, primarily baccalaureate or above",2017,8609,706,62883763,61795690,24,0,0,43,5,1,26,44,1,1,16,18,16,2
127185,Fort Lewis College,CO,Colorado,"Degree-granting, primarily baccalaureate or above",2018,9040,756,58570077,64528141,25,0,0,46,5,1,23,44,2,1,17,18,16,2
127185,Fort Lewis College,CO,Colorado,"Degree-granting, primarily baccalaureate or above",2019,8872,761,63038192,51028806,23,0,0,45,5,2,24,46,2,5,16,20,18,-7
127185,Fort Lewis College,CO,Colorado,"Degree-granting, primarily baccalaureate or above",2020,8896,813,69256349,52783807,19,0,0,49,5,3,23,49,3,4,16,20,18,-10
127185,Fort Lewis College,CO,Colorado,"Degree-granting, primarily baccalaureate or above",2021,9004,960,79113539,56642320,14,0,0,66,4,2,14,47,3,3,15,20,20,-7
127185,Fort Lewis College,CO,Colorado,"Degree-granting, primarily baccalaureate or above",2022,9212,849,92387925,68955537,14,0,0,48,4,-3,37,39,3,4,14,19,16,5
127565,Metropolitan State University of Denver,CO,Colorado,"Degree-granting, primarily baccalaureate or above",2015,6420,1836,183431567,157397405,55,0,0,37,2,0,6,58,0,1,13,13,14,1
127565,Metropolitan State University of Denver,CO,Colorado,"Degree-granting, primarily baccalaureate or above",2016,6930,2144,200364693,170629988,51,0,0,37,2,1,10,54,0,1,15,12,15,2
127565,Metropolitan State University of Denver,CO,Colorado,"Degree-granting, primarily baccalaureate or above",2017,7352,2409,204436402,218422078,55,0,0,37,2,0,7,42,0,1,13,10,13,22
127565,Metropolitan State University of Denver,CO,Colorado,"Degree-granting, primarily baccalaureate or above",2018,7666,2407,206664659,245263284,54,0,0,38,2,0,6,39,0,1,11,9,12,28
127565,Metropolitan State University of Denver,CO,Colorado,"Degree-granting, primarily baccalaureate or above",2019,8151,2286,224916951,171660618,52,0,0,38,2,1,6,57,0,2,17,15,18,-10
127565,Metropolitan State University of Denver,CO,Colorado,"Degree-granting, primarily baccalaureate or above",2020,8693,2045,252979280,173455609,51,0,0,39,2,2,6,57,0,2,18,15,21,-13
127565,Metropolitan State University of Denver,CO,Colorado,"Degree-granting, primarily baccalaureate or above",2021,10021,1961,264476177,155162023,40,0,0,53,2,0,5,58,0,2,19,18,22,-20
127565,Metropolitan State University of Denver,CO,Colorado,"Degree-granting, primarily baccalaureate or above",2022,10260,1913,302629683,223220203,41,0,0,52,2,0,5,45,0,1,15,14,19,5
126614,University of Colorado Boulder,CO,Colorado,"Degree-granting, primarily baccalaureate or above",2015,11091,6208,1166193119,1057555467,46,0,0,36,8,0,9,42,33,1,11,5,7,1
126614,University of Colorado Boulder,CO,Colorado,"Degree-granting, primarily baccalaureate or above",2016,11531,6439,1251122491,1163306494,46,0,0,35,10,0,8,43,33,1,10,4,8,1
126614,University of Colorado Boulder,CO,Colorado,"Degree-granting, primarily baccalaureate or above",2017,12086,6569,1347372712,1276974712,46,0,0,33,12,0,9,42,34,1,10,4,8,1
126614,University of Colorado Boulder,CO,Colorado,"Degree-granting, primarily baccalaureate or above",2018,12532,6700,1432684570,1392727230,47,0,0,33,12,0,8,41,32,1,10,4,9,2
126614,University of Colorado Boulder,CO,Colorado,"Degree-granting, primarily baccalaureate or above",2019,12500,7113,1511721348,1428667875,47,0,0,34,11,0,9,43,30,1,10,5,10,1
126614,University of Colorado Boulder,CO,Colorado,"Degree-granting, primarily baccalaureate or above",2020,12466,6326,1537335667,1482670786,49,0,0,34,9,0,8,43,30,1,11,5,9,1
126614,University of Colorado Boulder,CO,Colorado,"Degree-granting, primarily baccalaureate or above",2021,12496,6785,1570348578,1493383702,45,0,0,39,10,0,5,41,31,1,8,5,9,3
126614,University of Colorado Boulder,CO,Colorado,"Degree-granting, primarily baccalaureate or above",2022,13106,7106,1740132670,1612066675,44,0,0,39,8,0,9,39,32,1,10,7,8,2
126580,University of Colorado Colorado Springs,CO,Colorado,"Degree-granting, primarily baccalaureate or above",2015,7692,1650,156333831,144569613,66,0,0,19,6,0,8,52,4,1,12,11,16,2
126580,University of Colorado Colorado Springs,CO,Colorado,"Degree-granting, primarily baccalaureate or above",2016,8042,2085,187591645,157343233,58,0,0,19,5,0,17,51,4,1,13,12,17,2
126580,University of Colorado Colorado Springs,CO,Colorado,"Degree-granting, primarily baccalaureate or above",2017,8314,2037,196240709,170406469,60,0,0,19,6,0,15,49,4,2,13,13,17,2
126580,University of Colorado Colorado Springs,CO,Colorado,"Degree-granting, primarily baccalaureate or above",2018,8523,2053,195671597,177030907,59,0,0,20,9,0,12,49,4,2,13,11,18,2
126580,University of Colorado Colorado Springs,CO,Colorado,"Degree-granting, primarily baccalaureate or above",2019,8524,1772,202326412,186695684,59,0,0,22,5,1,14,49,3,2,14,11,19,1
126580,University of Colorado Colorado Springs,CO,Colorado,"Degree-granting, primarily baccalaureate or above",2020,8580,1305,213753721,191005550,55,0,0,25,5,1,15,49,3,2,14,11,19,2
126580,University of Colorado Colorado Springs,CO,Colorado,"Degree-granting, primarily baccalaureate or above",2021,8766,1409,209680717,196280887,45,0,0,38,5,0,12,51,3,1,13,9,18,5
126580,University of Colorado Colorado Springs,CO,Colorado,"Degree-granting, primarily baccalaureate or above",2022,9129,1650,234812571,208201772,44,0,0,33,5,0,18,49,4,2,14,9,17,5
126562,University of Colorado Denver/Anschutz Medical Campus,CO,Colorado,"Degree-granting, primarily baccalaureate or above",2015,8692,1372,1014581942,1029601140,24,1,0,39,15,1,21,47,28,9,7,3,6,1
126562,University of Colorado Denver/Anschutz Medical Campus,CO,Colorado,"Degree-granting, primarily baccalaureate or above",2016,9228,1447,1122906812,1087572006,22,1,0,38,16,1,21,47,28,9,7,3,6,0
126562,University of Colorado Denver/Anschutz Medical Campus,CO,Colorado,"Degree-granting, primarily baccalaureate or above",2017,9107,1515,1186050641,1168092515,22,1,0,38,16,1,22,47,28,9,7,3,6,1
126562,University of Colorado Denver/Anschutz Medical Campus,CO,Colorado,"Degree-granting, primarily baccalaureate or above",2018,9283,1746,1285867745,1208183981,21,1,0,37,16,1,24,46,28,10,7,2,6,1
126562,University of Colorado Denver/Anschutz Medical Campus,CO,Colorado,"Degree-granting, primarily baccalaureate or above",2019,9335,1585,1372326865,1306683292,20,1,0,37,17,2,24,45,27,11,7,2,6,1
126562,University of Colorado Denver/Anschutz Medical Campus,CO,Colorado,"Degree-granting, primarily baccalaureate or above",2020,9401,1397,1474703415,1376088233,19,1,0,37,15,2,26,44,27,10,7,2,7,3
126562,University of Colorado Denver/Anschutz Medical Campus,CO,Colorado,"Degree-granting, primarily baccalaureate or above",2021,9384,1688,1485542288,1367869763,18,1,0,41,16,1,23,43,28,10,6,2,7,3
126562,University of Colorado Denver/Anschutz Medical Campus,CO,Colorado,"Degree-granting, primarily baccalaureate or above",2022,9562,1698,1603297713,1542677120,17,1,0,42,16,-2,25,42,28,10,6,2,7,5
127741,University of Northern Colorado,CO,Colorado,"Degree-granting, primarily baccalaureate or above",2015,8166,2055,171619175,184167059,60,0,0,28,5,0,7,51,2,1,14,18,9,7
127741,University of Northern Colorado,CO,Colorado,"Degree-granting, primarily baccalaureate or above",2016,8888,2166,178926643,189193555,59,0,0,29,4,0,7,50,2,1,13,18,10,7
127741,University of Northern Colorado,CO,Colorado,"Degree-granting, primarily baccalaureate or above",2017,9546,2151,205018592,230618492,55,0,0,25,4,0,16,47,2,1,13,17,13,6
127741,University of Northern Colorado,CO,Colorado,"Degree-granting, primarily baccalaureate or above",2018,9918,1960,219406961,247365724,51,0,0,24,4,0,21,47,2,1,13,17,13,7
127741,University of Northern Colorado,CO,Colorado,"Degree-granting, primarily baccalaureate or above",2019,9987,1812,207157755,186854000,55,0,0,26,5,1,13,54,2,1,13,20,11,-2
127741,University of Northern Colorado,CO,Colorado,"Degree-granting, primarily baccalaureate or above",2020,10062,1357,202687539,142652836,54,0,0,31,5,1,9,66,3,1,16,17,14,-16
127741,University of Northern Colorado,CO,Colorado,"Degree-granting, primarily baccalaureate or above",2021,10908,1256,186835059,130971661,47,0,0,38,6,0,9,63,3,1,18,16,17,-18
127741,University of Northern Colorado,CO,Colorado,"Degree-granting, primarily baccalaureate or above",2022,11332,1193,211977548,155053840,41,0,0,44,5,-1,11,53,2,1,17,15,16,-4
128391,Western Colorado University,CO,Colorado,"Degree-granting, primarily baccalaureate or above",2015,8451,467,37592162,35502713,50,0,0,14,5,0,31,58,1,1,8,17,16,1
128391,Western Colorado University,CO,Colorado,"Degree-granting, primarily baccalaureate or above",2016,9193,469,58767615,39507811,35,0,0,10,9,0,47,56,1,1,10,16,16,1
128391,Western Colorado University,CO,Colorado,"Degree-granting, primarily baccalaureate or above",2017,9802,447,52561267,47556248,45,0,0,11,10,0,34,49,0,1,11,13,12,13
128391,Western Colorado University,CO,Colorado,"Degree-granting, primarily baccalaureate or above",2018,10114,509,45114588,49482353,53,0,0,13,7,0,26,48,1,1,8,13,13,17
128391,Western Colorado University,CO,Colorado,"Degree-granting, primarily baccalaureate or above",2019,10436,454,55454085,42772286,46,0,0,11,9,1,33,57,1,1,9,17,18,-4
128391,Western Colorado University,CO,Colorado,"Degree-granting, primarily baccalaureate or above",2020,10646,420,53707201,40749450,46,0,0,14,5,3,32,60,2,0,11,19,18,-10
128391,Western Colorado University,CO,Colorado,"Degree-granting, primarily baccalaureate or above",2021,10662,456,52944603,41398331,41,0,0,32,8,-1,20,61,1,0,10,16,19,-8
128391,Western Colorado University,CO,Colorado,"Degree-granting, primarily baccalaureate or above",2022,10813,439,125954330,47945774,19,0,0,8,15,-1,58,57,1,0,9,16,16,1
128771,Central Connecticut State University,CT,Connecticut,"Degree-granting, primarily baccalaureate or above",2015,9300,1363,255671378,230413140,30,34,0,9,1,0,26,47,1,4,9,13,16,11
128771,Central Connecticut State University,CT,Connecticut,"Degree-granting, primarily baccalaureate or above",2016,9741,1269,243845412,241938945,33,37,0,9,2,0,20,47,1,4,9,13,16,10
128771,Central Connecticut State University,CT,Connecticut,"Degree-granting, primarily baccalaureate or above",2017,10225,1433,218883675,241433830,38,39,0,9,2,0,12,48,1,3,9,13,15,10
128771,Central Connecticut State University,CT,Connecticut,"Degree-granting, primarily baccalaureate or above",2018,10616,1464,251228165,248311724,36,31,0,9,2,0,22,47,1,3,9,13,16,11
128771,Central Connecticut State University,CT,Connecticut,"Degree-granting, primarily baccalaureate or above",2019,11068,1377,264669766,268159335,40,33,0,8,2,1,16,48,1,2,8,13,13,15
128771,Central Connecticut State University,CT,Connecticut,"Degree-granting, primarily baccalaureate or above",2020,11502,1198,270491951,273110244,39,32,0,11,2,1,15,46,1,2,8,15,12,17
128771,Central Connecticut State University,CT,Connecticut,"Degree-granting, primarily baccalaureate or above",2021,11542,1093,306004025,269493625,33,31,0,17,2,0,18,47,1,1,7,13,14,16
128771,Central Connecticut State University,CT,Connecticut,"Degree-granting, primarily baccalaureate or above",2022,12106,1256,296955118,286517977,31,38,0,17,2,0,12,48,1,1,5,14,13,17
129215,Eastern Connecticut State University,CT,Connecticut,"Degree-granting, primarily baccalaureate or above",2015,10016,985,132497345,117217299,24,40,0,6,0,0,30,43,1,3,12,13,21,7
129215,Eastern Connecticut State University,CT,Connecticut,"Degree-granting, primarily baccalaureate or above",2016,10500,1013,126963099,120367629,24,44,0,6,1,0,24,44,1,3,11,14,20,7
129215,Eastern Connecticut State University,CT,Connecticut,"Degree-granting, primarily baccalaureate or above",2017,10919,925,103334561,123837980,32,51,0,8,1,0,7,44,1,4,11,14,20,7
129215,Eastern Connecticut State University,CT,Connecticut,"Degree-granting, primarily baccalaureate or above",2018,11356,973,114828528,125173172,28,43,0,9,0,1,19,44,1,3,11,13,19,7
129215,Eastern Connecticut State University,CT,Connecticut,"Degree-granting, primarily baccalaureate or above",2019,11846,874,144951998,126346570,28,37,0,7,1,1,26,46,2,4,12,15,14,8
129215,Eastern Connecticut State University,CT,Connecticut,"Degree-granting, primarily baccalaureate or above",2020,12304,841,123532279,133095119,32,44,0,11,0,1,12,45,2,3,12,15,15,8
129215,Eastern Connecticut State University,CT,Connecticut,"Degree-granting, primarily baccalaureate or above",2021,12304,784,124753964,134507935,30,46,0,20,0,0,3,46,2,3,12,15,14,8
129215,Eastern Connecticut State University,CT,Connecticut,"Degree-granting, primarily baccalaureate or above",2022,12910,716,130642891,145094119,24,51,0,17,1,0,6,44,2,3,12,15,15,10
130493,Southern Connecticut State University,CT,Connecticut,"Degree-granting, primarily baccalaureate or above",2015,9600,1408,243856798,211627528,32,35,0,11,1,0,21,51,1,0,9,13,15,10
130493,Southern Connecticut State University,CT,Connecticut,"Degree-granting, primarily baccalaureate or above",2016,10054,1404,218590704,220305299,36,40,0,10,1,0,12,50,1,0,10,13,15,10
130493,Southern Connecticut State University,CT,Connecticut,"Degree-granting, primarily baccalaureate or above",2017,10538,1379,207196036,213807420,41,39,0,9,2,0,9,51,1,0,10,14,15,10
130493,Southern Connecticut State University,CT,Connecticut,"Degree-granting, primarily baccalaureate or above",2018,10954,1518,198058204,216280620,44,37,0,10,2,1,6,51,1,0,9,14,13,10
130493,Southern Connecticut State University,CT,Connecticut,"Degree-granting, primarily baccalaureate or above",2019,11446,1523,221105365,225596944,44,38,0,11,2,1,5,51,1,0,10,14,13,10
130493,Southern Connecticut State University,CT,Connecticut,"Degree-granting, primarily baccalaureate or above",2020,11802,1081,230118751,252845093,42,36,0,14,2,1,6,49,1,1,9,13,14,12
130493,Southern Connecticut State University,CT,Connecticut,"Degree-granting, primarily baccalaureate or above",2021,11882,1022,279174064,244798177,34,32,0,19,2,0,13,50,1,1,10,13,13,13
130493,Southern Connecticut State University,CT,Connecticut,"Degree-granting, primarily baccalaureate or above",2022,12438,1106,308744746,266670062,30,35,0,17,2,0,17,48,1,1,10,13,13,14
129020,University of Connecticut,CT,Connecticut,"Degree-granting, primarily baccalaureate or above",2015,13366,3774,1665848572,1287730960,19,36,0,13,4,0,29,46,13,6,15,5,15,1
129020,University of Connecticut,CT,Connecticut,"Degree-granting, primarily baccalaureate or above",2016,14066,3822,1694255467,1325259672,20,38,0,13,4,0,25,46,13,6,14,5,14,2
129020,University of Connecticut,CT,Connecticut,"Degree-granting, primarily baccalaureate or above",2017,14880,3683,1738489053,1474844737,21,36,0,12,4,0,27,39,11,6,11,3,9,21
129020,University of Connecticut,CT,Connecticut,"Degree-granting, primarily baccalaureate or above",2018,15730,3749,1699828511,1527898343,23,35,0,13,3,0,26,37,11,6,11,3,10,22
129020,University of Connecticut,CT,Connecticut,"Degree-granting, primarily baccalaureate or above",2019,17226,3603,1679680349,1612806740,24,34,0,14,4,1,23,36,11,7,11,3,10,23
129020,University of Connecticut,CT,Connecticut,"Degree-granting, primarily baccalaureate or above",2020,17834,3825,1588183718,1841317578,26,40,0,17,4,0,13,30,9,5,9,3,7,37
129020,University of Connecticut,CT,Connecticut,"Degree-granting, primarily baccalaureate or above",2021,18524,3663,1858675580,2098129472,22,38,0,19,3,0,18,27,8,5,8,2,6,42
129020,University of Connecticut,CT,Connecticut,"Degree-granting, primarily baccalaureate or above",2022,19434,4069,2178181676,1912014145,20,36,0,22,4,0,19,33,11,4,9,3,7,33
436827,University of Connecticut-Avery Point,CT,Connecticut,"Degree-granting, primarily baccalaureate or above",2015,11324,83,24369781,18838279,19,36,0,13,4,0,29,46,13,6,15,5,15,1
436827,University of Connecticut-Avery Point,CT,Connecticut,"Degree-granting, primarily baccalaureate or above",2016,12024,80,24811273,19407568,20,38,0,13,4,0,25,46,13,6,14,5,14,2
436827,University of Connecticut-Avery Point,CT,Connecticut,"Degree-granting, primarily baccalaureate or above",2017,12838,215,23714961,20118554,21,36,0,12,4,0,27,39,11,6,11,3,9,21
436827,University of Connecticut-Avery Point,CT,Connecticut,"Degree-granting, primarily baccalaureate or above",2018,13648,201,23211944,20864158,23,35,0,13,3,0,26,37,11,6,11,3,10,22
436827,University of Connecticut-Avery Point,CT,Connecticut,"Degree-granting, primarily baccalaureate or above",2019,14638,196,22912743,22000512,24,34,0,14,4,1,23,36,11,7,11,3,10,23
436827,University of Connecticut-Avery Point,CT,Connecticut,"Degree-granting, primarily baccalaureate or above",2020,15246,219,20253140,23481202,26,40,0,17,4,0,13,30,9,5,9,3,7,37
436827,University of Connecticut-Avery Point,CT,Connecticut,"Degree-granting, primarily baccalaureate or above",2021,15878,209,21767058,24571316,22,38,0,19,3,0,18,27,8,5,8,2,6,42
436827,University of Connecticut-Avery Point,CT,Connecticut,"Degree-granting, primarily baccalaureate or above",2022,16640,182,24959034,21909112,20,36,0,22,4,0,19,33,11,4,9,3,7,33
463056,University of Connecticut-Hartford Campus,CT,Connecticut,"Degree-granting, primarily baccalaureate or above",2017,12828,521,27363416,23213716,21,36,0,12,4,0,27,39,11,6,11,3,9,21
463056,University of Connecticut-Hartford Campus,CT,Connecticut,"Degree-granting, primarily baccalaureate or above",2018,13678,629,28568546,25678964,23,35,0,13,3,0,26,37,11,6,11,3,10,22
463056,University of Connecticut-Hartford Campus,CT,Connecticut,"Degree-granting, primarily baccalaureate or above",2019,14628,631,26437781,25385206,24,34,0,14,4,1,23,36,11,7,11,3,10,23
463056,University of Connecticut-Hartford Campus,CT,Connecticut,"Degree-granting, primarily baccalaureate or above",2020,15236,666,50632850,58703005,26,40,0,17,4,0,13,30,9,5,9,3,7,37
463056,University of Connecticut-Hartford Campus,CT,Connecticut,"Degree-granting, primarily baccalaureate or above",2021,15868,555,17336595,19570075,22,38,0,19,3,0,18,27,8,5,8,2,6,42
463056,University of Connecticut-Hartford Campus,CT,Connecticut,"Degree-granting, primarily baccalaureate or above",2022,16650,616,16639356,14606075,20,36,0,22,4,0,19,33,11,4,9,3,7,33
436836,University of Connecticut-Stamford,CT,Connecticut,"Degree-granting, primarily baccalaureate or above",2015,11334,84,19147685,14801505,19,36,0,13,4,0,29,46,13,6,15,5,15,1
436836,University of Connecticut-Stamford,CT,Connecticut,"Degree-granting, primarily baccalaureate or above",2016,12034,87,21266805,16635059,20,38,0,13,4,0,25,46,13,6,14,5,14,2
436836,University of Connecticut-Stamford,CT,Connecticut,"Degree-granting, primarily baccalaureate or above",2017,12848,561,23714961,20118554,21,36,0,12,4,0,27,39,11,6,11,3,9,21
436836,University of Connecticut-Stamford,CT,Connecticut,"Degree-granting, primarily baccalaureate or above",2018,13698,661,24997478,22469093,23,35,0,13,3,0,26,37,11,6,11,3,10,22
436836,University of Connecticut-Stamford,CT,Connecticut,"Degree-granting, primarily baccalaureate or above",2019,14648,674,22912743,22000512,24,34,0,14,4,1,23,36,11,7,11,3,10,23
436836,University of Connecticut-Stamford,CT,Connecticut,"Degree-granting, primarily baccalaureate or above",2020,15256,781,20253140,23481202,26,40,0,17,4,0,13,30,9,5,9,3,7,37
436836,University of Connecticut-Stamford,CT,Connecticut,"Degree-granting, primarily baccalaureate or above",2021,15888,764,19262883,21744528,22,38,0,19,3,0,18,27,8,5,8,2,6,42
436836,University of Connecticut-Stamford,CT,Connecticut,"Degree-granting, primarily baccalaureate or above",2022,16650,657,19337630,16974627,20,36,0,22,4,0,19,33,11,4,9,3,7,33
436818,University of Connecticut-Waterbury Campus,CT,Connecticut,"Degree-granting, primarily baccalaureate or above",2015,11324,150,31332575,24220645,19,36,0,13,4,0,29,46,13,6,15,5,15,1
436818,University of Connecticut-Waterbury Campus,CT,Connecticut,"Degree-granting, primarily baccalaureate or above",2016,12024,160,31900208,24952588,20,38,0,13,4,0,25,46,13,6,14,5,14,2
436818,University of Connecticut-Waterbury Campus,CT,Connecticut,"Degree-granting, primarily baccalaureate or above",2017,12838,312,10945367,9285486,21,36,0,12,4,0,27,39,11,6,11,3,9,21
436818,University of Connecticut-Waterbury Campus,CT,Connecticut,"Degree-granting, primarily baccalaureate or above",2018,13688,315,8927671,8024676,23,35,0,13,3,0,26,37,11,6,11,3,10,22
436818,University of Connecticut-Waterbury Campus,CT,Connecticut,"Degree-granting, primarily baccalaureate or above",2019,14638,237,10575112,10154082,24,34,0,14,4,1,23,36,11,7,11,3,10,23
436818,University of Connecticut-Waterbury Campus,CT,Connecticut,"Degree-granting, primarily baccalaureate or above",2020,15246,355,8438808,9783834,26,40,0,17,4,0,13,30,9,5,9,3,7,37
436818,University of Connecticut-Waterbury Campus,CT,Connecticut,"Degree-granting, primarily baccalaureate or above",2021,15878,272,9246184,10437373,22,38,0,19,3,0,18,27,8,5,8,2,6,42
436818,University of Connecticut-Waterbury Campus,CT,Connecticut,"Degree-granting, primarily baccalaureate or above",2022,16640,240,9443959,8289934,20,36,0,22,4,0,19,33,11,4,9,3,7,33
130776,Western Connecticut State University,CT,Connecticut,"Degree-granting, primarily baccalaureate or above",2015,9516,680,114679994,129130346,33,46,0,9,0,0,12,46,0,1,8,15,21,8
130776,Western Connecticut State University,CT,Connecticut,"Degree-granting, primarily baccalaureate or above",2016,10017,840,116224015,130648254,34,47,0,9,0,0,9,46,1,0,8,15,22,8
130776,Western Connecticut State University,CT,Connecticut,"Degree-granting, primarily baccalaureate or above",2017,10418,827,132150146,131581348,32,39,0,8,0,0,21,47,1,0,8,16,20,8
130776,Western Connecticut State University,CT,Connecticut,"Degree-granting, primarily baccalaureate or above",2018,10859,899,115844888,133084932,38,41,0,9,0,0,12,47,1,0,8,15,20,9
130776,Western Connecticut State University,CT,Connecticut,"Degree-granting, primarily baccalaureate or above",2019,11344,845,131504161,134225967,38,39,0,8,0,1,14,51,1,0,10,16,14,8
130776,Western Connecticut State University,CT,Connecticut,"Degree-granting, primarily baccalaureate or above",2020,11781,788,131687806,145729130,39,39,0,11,0,0,10,51,1,0,9,17,13,9
130776,Western Connecticut State University,CT,Connecticut,"Degree-granting, primarily baccalaureate or above",2021,11781,733,130957463,140159383,39,42,0,17,0,0,2,52,1,0,9,16,14,9
130776,Western Connecticut State University,CT,Connecticut,"Degree-granting, primarily baccalaureate or above",2022,12345,629,156253831,149595290,29,44,0,18,0,0,10,48,1,0,9,15,13,14
130934,Delaware State University,DE,Delaware,"Degree-granting, primarily baccalaureate or above",2015,7531,897,96430508,102695846,24,36,0,29,0,1,10,44,12,2,5,19,17,0
130934,Delaware State University,DE,Delaware,"Degree-granting, primarily baccalaureate or above",2016,7532,962,106000157,106834320,23,33,0,31,0,0,13,44,13,3,5,19,15,0
130934,Delaware State University,DE,Delaware,"Degree-granting, primarily baccalaureate or above",2017,7868,951,111883421,115947303,28,32,0,26,0,1,13,47,11,3,5,15,16,4
130934,Delaware State University,DE,Delaware,"Degree-granting, primarily baccalaureate or above",2018,7868,1047,107437789,115505843,29,34,0,27,0,0,10,45,12,3,5,14,17,4
130934,Delaware State University,DE,Delaware,"Degree-granting, primarily baccalaureate or above",2019,8258,1142,125193806,125797783,25,29,0,24,0,0,21,40,13,3,6,15,16,7
130934,Delaware State University,DE,Delaware,"Degree-granting, primarily baccalaureate or above",2020,8358,1001,141831713,129616569,27,31,0,29,0,0,13,35,16,0,4,11,16,18
130934,Delaware State University,DE,Delaware,"Degree-granting, primarily baccalaureate or above",2021,8358,1023,177733432,148367523,24,22,0,31,13,0,10,28,21,1,3,10,17,20
130934,Delaware State University,DE,Delaware,"Degree-granting, primarily baccalaureate or above",2022,8358,1431,203500963,176527941,22,20,0,32,2,0,23,23,14,0,3,10,21,30
133650,Florida Agricultural and Mechanical University,FL,Florida,"Degree-granting, primarily baccalaureate or above",2015,5785,1485,262802464,250561492,17,43,0,28,4,0,8,40,11,0,20,3,17,9
133650,Florida Agricultural and Mechanical University,FL,Florida,"Degree-granting, primarily baccalaureate or above",2016,5785,1087,262125511,265739409,17,37,0,28,2,0,16,35,11,0,21,4,20,9
133650,Florida Agricultural and Mechanical University,FL,Florida,"Degree-granting, primarily baccalaureate or above",2017,5785,1562,248140401,248567180,17,44,0,28,5,0,6,34,11,0,19,3,19,14
133650,Florida Agricultural and Mechanical University,FL,Florida,"Degree-granting, primarily baccalaureate or above",2018,5785,1372,244373546,252598114,18,42,0,32,3,0,5,31,12,0,20,3,17,16
133650,Florida Agricultural and Mechanical University,FL,Florida,"Degree-granting, primarily baccalaureate or above",2019,5785,1361,253945569,259508848,17,43,0,33,2,0,4,31,12,0,19,4,19,15
133650,Florida Agricultural and Mechanical University,FL,Florida,"Degree-granting, primarily baccalaureate or above",2020,5785,1039,302139016,280662205,14,41,0,30,2,0,12,30,10,0,20,4,18,19
133650,Florida Agricultural and Mechanical University,FL,Florida,"Degree-granting, primarily baccalaureate or above",2021,5785,1129,434590612,316373779,10,29,0,21,13,0,29,25,9,0,24,5,16,20
133650,Florida Agricultural and Mechanical University,FL,Florida,"Degree-granting, primarily baccalaureate or above",2022,5785,1520,338928278,333590580,7,37,0,30,23,0,3,22,9,0,27,4,17,21
133669,Florida Atlantic University,FL,Florida,"Degree-granting, primarily baccalaureate or above",2015,4831,3474,424067135,396412936,34,38,0,21,2,1,5,46,6,1,17,5,14,12
133669,Florida Atlantic University,FL,Florida,"Degree-granting, primarily baccalaureate or above",2016,4831,3191,466407459,402218854,33,37,0,20,2,1,6,45,8,1,18,5,13,9
133669,Florida Atlantic University,FL,Florida,"Degree-granting, primarily baccalaureate or above",2017,4831,2791,482771298,438454281,33,39,0,20,2,1,6,42,11,1,14,5,11,16
133669,Florida Atlantic University,FL,Florida,"Degree-granting, primarily baccalaureate or above",2018,4831,3163,526086059,478726438,30,36,0,21,2,1,9,35,10,1,16,4,17,17
133669,Florida Atlantic University,FL,Florida,"Degree-granting, primarily baccalaureate or above",2019,4879,3283,542116351,546169427,27,37,0,23,2,1,10,40,13,0,11,5,18,13
133669,Florida Atlantic University,FL,Florida,"Degree-granting, primarily baccalaureate or above",2020,4879,4252,591560435,587904718,26,35,0,23,2,2,11,38,13,0,12,5,15,16
133669,Florida Atlantic University,FL,Florida,"Degree-granting, primarily baccalaureate or above",2021,4879,3925,588012095,586552448,26,36,0,27,2,1,8,38,14,0,11,4,15,18
133669,Florida Atlantic University,FL,Florida,"Degree-granting, primarily baccalaureate or above",2022,4879,4371,636184636,568384005,24,34,0,21,2,1,18,40,13,0,13,5,13,16
433660,Florida Gulf Coast University,FL,Florida,"Degree-granting, primarily baccalaureate or above",2015,6118,2698,178372113,165899327,34,36,0,19,2,0,8,46,2,5,11,9,17,10
433660,Florida Gulf Coast University,FL,Florida,"Degree-granting, primarily baccalaureate or above",2016,6118,2551,188831325,177048442,34,38,0,17,3,1,6,45,1,6,12,9,17,9
433660,Florida Gulf Coast University,FL,Florida,"Degree-granting, primarily baccalaureate or above",2017,6118,2626,199873791,193536229,35,38,0,15,2,0,9,42,2,5,11,9,19,14
433660,Florida Gulf Coast University,FL,Florida,"Degree-granting, primarily baccalaureate or above",2018,6118,2902,213074628,199413112,31,34,0,18,3,1,14,41,1,5,10,9,17,17
433660,Florida Gulf Coast University,FL,Florida,"Degree-granting, primarily baccalaureate or above",2019,6118,2774,241360961,217233300,27,40,0,18,2,2,12,40,2,5,9,8,17,18
433660,Florida Gulf Coast University,FL,Florida,"Degree-granting, primarily baccalaureate or above",2020,6118,2595,259336302,247506731,26,41,0,19,2,2,11,38,2,4,8,7,18,21
433660,Florida Gulf Coast University,FL,Florida,"Degree-granting, primarily baccalaureate or above",2021,6118,3125,284455315,268133474,24,39,0,18,2,0,17,35,3,5,8,7,19,23
433660,Florida Gulf Coast University,FL,Florida,"Degree-granting, primarily baccalaureate or above",2022,6118,2803,304096197,281971908,26,37,0,17,1,0,19,33,3,4,9,7,24,20
133951,Florida International University,FL,Florida,"Degree-granting, primarily baccalaureate or above",2015,6556,4202,787881623,816861871,35,31,0,22,2,0,10,39,13,1,15,9,12,10
133951,Florida International University,FL,Florida,"Degree-granting, primarily baccalaureate or above",2016,6556,4599,833536864,847719777,35,31,0,21,4,0,9,41,13,2,14,9,12,10
133951,Florida International University,FL,Florida,"Degree-granting, primarily baccalaureate or above",2017,6556,4335,863010520,898572190,34,32,0,20,5,2,8,39,14,2,14,9,12,12
133951,Florida International University,FL,Florida,"Degree-granting, primarily baccalaureate or above",2018,6556,4441,945848154,942396745,29,31,0,22,5,2,11,35,15,1,13,8,12,15
133951,Florida International University,FL,Florida,"Degree-granting, primarily baccalaureate or above",2019,6565,3998,977470824,1006796921,29,33,0,22,4,2,10,33,16,1,12,8,12,17
133951,Florida International University,FL,Florida,"Degree-granting, primarily baccalaureate or above",2020,6565,3763,1014576056,1086380612,27,32,0,24,4,2,11,30,16,1,12,8,11,23
133951,Florida International University,FL,Florida,"Degree-granting, primarily baccalaureate or above",2021,6565,4061,1109657992,1084385883,24,31,0,23,4,3,15,30,17,1,12,7,11,22
133951,Florida International University,FL,Florida,"Degree-granting, primarily baccalaureate or above",2022,6565,4424,1142736487,1165737539,24,30,0,29,4,0,13,33,16,1,11,7,10,22
482936,Florida Polytechnic University,FL,Florida,"Degree-granting, primarily baccalaureate or above",2015,4940,393,41042249,28517580,8,79,0,1,3,1,9,16,5,1,22,12,34,10
482936,Florida Polytechnic University,FL,Florida,"Degree-granting, primarily baccalaureate or above",2016,4940,460,39927505,40872628,8,85,0,3,1,2,1,11,6,0,13,6,41,23
482936,Florida Polytechnic University,FL,Florida,"Degree-granting, primarily baccalaureate or above",2017,4940,317,52046334,43268723,7,71,0,7,1,1,14,15,7,0,14,6,34,24
482936,Florida Polytechnic University,FL,Florida,"Degree-granting, primarily baccalaureate or above",2018,4940,314,52894359,51807026,4,73,0,16,0,1,6,16,8,0,14,8,21,33
482936,Florida Polytechnic University,FL,Florida,"Degree-granting, primarily baccalaureate or above",2019,4940,278,62808622,62603541,4,62,0,16,1,2,16,15,7,0,15,7,19,38
482936,Florida Polytechnic University,FL,Florida,"Degree-granting, primarily baccalaureate or above",2020,4940,313,54191321,61582713,3,71,0,14,1,5,5,15,5,0,17,7,21,34
482936,Florida Polytechnic University,FL,Florida,"Degree-granting, primarily baccalaureate or above",2021,4940,532,54306095,58862642,3,70,0,19,1,2,5,14,6,0,14,8,15,43
482936,Florida Polytechnic University,FL,Florida,"Degree-granting, primarily baccalaureate or above",2022,4940,450,69529506,56648805,2,61,0,16,1,-2,22,18,5,0,14,8,17,38
134097,Florida State University,FL,Florida,"Degree-granting, primarily baccalaureate or above",2015,6507,6100,962658693,896330430,26,38,0,26,4,1,6,44,19,5,9,6,8,10
134097,Florida State University,FL,Florida,"Degree-granting, primarily baccalaureate or above",2016,6507,6282,1022885045,928813504,25,39,0,24,5,2,6,44,18,4,10,6,8,10
134097,Florida State University,FL,Florida,"Degree-granting, primarily baccalaureate or above",2017,5656,6523,1003606481,988625624,25,42,0,24,6,0,3,40,17,4,11,6,8,14
134097,Florida State University,FL,Florida,"Degree-granting, primarily baccalaureate or above",2018,5656,6324,1136393858,1138160436,20,41,0,27,6,1,5,40,17,4,11,6,7,15
134097,Florida State University,FL,Florida,"Degree-granting, primarily baccalaureate or above",2019,5656,7106,1256851222,1163498859,17,40,0,28,8,3,5,39,17,3,11,5,8,16
134097,Florida State University,FL,Florida,"Degree-granting, primarily baccalaureate or above",2020,5656,6009,1255003960,1226148033,16,39,0,30,8,3,4,38,17,3,11,5,7,19
134097,Florida State University,FL,Florida,"Degree-granting, primarily baccalaureate or above",2021,5656,7619,1280948615,1313995909,22,40,0,31,5,-1,3,37,16,6,12,4,7,18
134097,Florida State University,FL,Florida,"Degree-granting, primarily baccalaureate or above",2022,5656,6033,1469656005,1369434171,21,35,0,34,6,-2,6,37,17,6,13,6,8,14
262129,New College of Florida,FL,Florida,"Degree-granting, primarily baccalaureate or above",2015,6916,261,33472786,31003175,7,58,0,10,8,0,16,40,3,0,10,14,24,8
262129,New College of Florida,FL,Florida,"Degree-granting, primarily baccalaureate or above",2016,6916,231,31905849,33588960,6,61,0,11,10,1,11,38,4,0,10,14,26,7
262129,New College of Florida,FL,Florida,"Degree-granting, primarily baccalaureate or above",2017,6916,199,33701501,34315354,7,58,0,10,10,0,14,40,3,0,10,15,28,4
262129,New College of Florida,FL,Florida,"Degree-granting, primarily baccalaureate or above",2018,6916,192,40749950,37841244,2,72,0,11,8,0,6,38,3,0,11,15,29,4
262129,New College of Florida,FL,Florida,"Degree-granting, primarily baccalaureate or above",2019,6916,147,41523786,44566199,1,76,0,11,8,2,2,37,2,0,10,14,27,11
262129,New College of Florida,FL,Florida,"Degree-granting, primarily baccalaureate or above",2020,6916,157,48355258,51516904,2,76,0,9,7,2,4,37,2,0,9,14,24,14
262129,New College of Florida,FL,Florida,"Degree-granting, primarily baccalaureate or above",2021,6916,160,45527854,54568317,1,78,0,11,8,-1,3,37,3,0,9,14,24,13
262129,New College of Florida,FL,Florida,"Degree-granting, primarily baccalaureate or above",2022,6916,188,45689073,49804182,0,78,0,12,10,-1,1,35,5,0,9,14,29,9
138354,The University of West Florida,FL,Florida,"Degree-granting, primarily baccalaureate or above",2015,6360,1359,227427707,198766801,26,47,0,17,1,0,9,30,5,26,13,7,11,9
138354,The University of West Florida,FL,Florida,"Degree-granting, primarily baccalaureate or above",2016,6360,1283,224007852,209982043,27,51,0,16,2,1,3,29,9,22,14,6,11,9
138354,The University of West Florida,FL,Florida,"Degree-granting, primarily baccalaureate or above",2017,6360,1104,231946178,219900220,26,48,0,15,2,0,9,30,7,22,13,6,9,12
138354,The University of West Florida,FL,Florida,"Degree-granting, primarily baccalaureate or above",2018,6360,1090,255230001,246195796,24,51,0,17,3,1,4,27,10,19,12,6,11,15
138354,The University of West Florida,FL,Florida,"Degree-granting, primarily baccalaureate or above",2019,6360,1163,240213097,238366302,24,50,0,17,3,2,4,28,8,17,14,6,12,16
138354,The University of West Florida,FL,Florida,"Degree-granting, primarily baccalaureate or above",2020,6360,1209,238912472,246744212,24,50,0,20,2,2,2,27,7,17,14,5,12,19
138354,The University of West Florida,FL,Florida,"Degree-granting, primarily baccalaureate or above",2021,6360,1159,218065559,224690209,28,40,0,27,2,0,3,29,5,11,13,5,12,24
138354,The University of West Florida,FL,Florida,"Degree-granting, primarily baccalaureate or above",2022,6360,1183,241755349,214225527,27,36,0,31,2,-2,6,30,6,11,14,5,15,21
132903,University of Central Florida,FL,Florida,"Degree-granting, primarily baccalaureate or above",2015,6368,6553,886665520,830051295,32,34,0,27,2,1,4,39,16,1,9,7,13,15
132903,University of Central Florida,FL,Florida,"Degree-granting, primarily baccalaureate or above",2016,6368,6416,930740134,867457293,32,34,0,26,3,2,4,41,15,1,9,7,15,13
132903,University of Central Florida,FL,Florida,"Degree-granting, primarily baccalaureate or above",2017,6368,6879,1034007673,942499991,30,35,0,23,3,1,7,41,15,1,9,7,14,14
132903,University of Central Florida,FL,Florida,"Degree-granting, primarily baccalaureate or above",2018,6368,7233,1087431338,1034453420,29,35,0,28,4,1,3,39,16,1,9,6,10,18
132903,University of Central Florida,FL,Florida,"Degree-granting, primarily baccalaureate or above",2019,6368,7323,1235645047,1135843433,25,31,0,28,4,3,10,39,16,2,9,6,10,19
132903,University of Central Florida,FL,Florida,"Degree-granting, primarily baccalaureate or above",2020,6368,8043,1192046663,1236397935,26,32,0,32,5,2,3,37,15,2,10,5,9,22
132903,University of Central Florida,FL,Florida,"Degree-granting, primarily baccalaureate or above",2021,6368,7090,1249658399,1260201802,24,30,0,36,4,3,3,36,16,2,9,5,9,23
132903,University of Central Florida,FL,Florida,"Degree-granting, primarily baccalaureate or above",2022,6368,7515,1307809565,1328155202,20,29,0,37,4,0,9,35,15,2,11,4,10,23
134130,University of Florida,FL,Florida,"Degree-granting, primarily baccalaureate or above",2015,6381,6887,2739870000,2472002000,14,23,0,20,37,1,5,32,27,21,8,2,7,4
134130,University of Florida,FL,Florida,"Degree-granting, primarily baccalaureate or above",2016,6381,6842,2666271000,2610342000,15,25,0,21,33,0,5,29,27,25,8,2,7,3
134130,University of Florida,FL,Florida,"Degree-granting, primarily baccalaureate or above",2017,6381,6428,2842157000,2775814000,15,25,0,21,32,2,5,28,26,25,8,2,6,5
134130,University of Florida,FL,Florida,"Degree-granting, primarily baccalaureate or above",2018,6381,6801,3082681000,2932942000,13,25,0,23,31,2,6,27,25,26,7,2,6,7
134130,University of Florida,FL,Florida,"Degree-granting, primarily baccalaureate or above",2019,6381,6554,3252489000,3086706000,11,24,0,24,33,3,5,26,25,26,7,2,6,8
134130,University of Florida,FL,Florida,"Degree-granting, primarily baccalaureate or above",2020,6381,6333,3248190000,3257725000,12,24,0,24,34,2,4,26,24,25,8,1,5,11
134130,University of Florida,FL,Florida,"Degree-granting, primarily baccalaureate or above",2021,6381,6787,3516083000,3277752000,12,24,0,24,32,3,5,25,24,26,8,2,5,10
134130,University of Florida,FL,Florida,"Degree-granting, primarily baccalaureate or above",2022,6381,6612,4149168000,3981490000,11,23,0,22,31,-4,17,34,22,25,7,1,5,5
484473,University of Florida-Online,FL,Florida,"Degree-granting, primarily baccalaureate or above",2015,3876,317,7073000,8168000,6,71,0,16,7,0,0,31,0,1,64,3,0,0
484473,University of Florida-Online,FL,Florida,"Degree-granting, primarily baccalaureate or above",2016,3876,472,10665000,10394000,10,47,0,33,10,0,0,36,0,1,54,6,0,3
484473,University of Florida-Online,FL,Florida,"Degree-granting, primarily baccalaureate or above",2017,3876,543,11860000,12195000,9,42,0,37,11,0,0,73,0,0,16,7,0,3
484473,University of Florida-Online,FL,Florida,"Degree-granting, primarily baccalaureate or above",2018,3876,542,15542000,13308000,7,33,0,52,9,0,0,71,0,0,12,8,10,0
484473,University of Florida-Online,FL,Florida,"Degree-granting, primarily baccalaureate or above",2019,3876,764,16640000,14508000,10,31,0,54,5,0,0,68,0,0,19,6,8,0
484473,University of Florida-Online,FL,Florida,"Degree-granting, primarily baccalaureate or above",2020,3876,718,19440000,16838000,4,27,0,59,10,0,0,72,0,0,21,7,0,1
484473,University of Florida-Online,FL,Florida,"Degree-granting, primarily baccalaureate or above",2021,3876,1060,21488000,22192000,3,24,0,65,8,0,0,80,0,0,13,5,0,2
484473,University of Florida-Online,FL,Florida,"Degree-granting, primarily baccalaureate or above",2022,3876,886,25249000,25105000,34,21,0,37,8,0,0,71,0,0,18,11,0,1
136172,University of North Florida,FL,Florida,"Degree-granting, primarily baccalaureate or above",2015,6394,1577,240666842,231960489,31,38,0,16,1,0,14,37,2,2,11,9,10,29
136172,University of North Florida,FL,Florida,"Degree-granting, primarily baccalaureate or above",2016,6394,1981,236249968,230923603,32,41,0,14,1,1,11,49,3,3,14,11,13,7
136172,University of North Florida,FL,Florida,"Degree-granting, primarily baccalaureate or above",2017,6394,2293,243306979,231235371,32,37,0,14,1,0,16,45,3,3,15,11,14,11
136172,University of North Florida,FL,Florida,"Degree-granting, primarily baccalaureate or above",2018,6394,2474,252992407,242368056,32,37,0,18,1,0,13,40,3,3,14,10,14,18
136172,University of North Florida,FL,Florida,"Degree-granting, primarily baccalaureate or above",2019,6389,2641,261897009,248999803,29,38,0,20,1,2,10,39,3,3,13,9,16,17
136172,University of North Florida,FL,Florida,"Degree-granting, primarily baccalaureate or above",2020,6389,2739,294920538,269699448,26,41,0,21,1,3,9,36,4,1,16,7,13,23
136172,University of North Florida,FL,Florida,"Degree-granting, primarily baccalaureate or above",2021,6389,2574,340549210,310609026,23,38,0,26,0,0,13,31,4,1,21,6,15,22
136172,University of North Florida,FL,Florida,"Degree-granting, primarily baccalaureate or above",2022,6389,3133,331324992,289832449,24,38,0,27,1,-2,14,38,5,1,18,7,11,20
137351,University of South Florida,FL,Florida,"Degree-granting, primarily baccalaureate or above",2015,6410,4164,1062444775,979897019,23,30,0,27,15,1,4,35,29,1,11,4,9,11
137351,University of South Florida,FL,Florida,"Degree-granting, primarily baccalaureate or above",2016,6410,4053,1116825046,1040375869,23,29,0,27,17,1,4,35,30,1,12,4,8,10
137351,University of South Florida,FL,Florida,"Degree-granting, primarily baccalaureate or above",2017,6410,4165,1165610528,1075385064,22,29,0,26,16,1,5,33,30,1,12,4,8,11
137351,University of South Florida,FL,Florida,"Degree-granting, primarily baccalaureate or above",2018,6410,4435,1253178698,1173297808,20,30,0,28,17,1,4,32,29,1,12,4,8,14
137351,University of South Florida,FL,Florida,"Degree-granting, primarily baccalaureate or above",2019,6410,5139,1268942605,1222249086,19,30,0,29,16,3,4,32,28,1,11,4,8,15
137351,University of South Florida,FL,Florida,"Degree-granting, primarily baccalaureate or above",2020,6410,5734,1365620080,1410632961,19,31,0,29,16,0,4,31,25,2,11,5,7,19
137351,University of South Florida,FL,Florida,"Degree-granting, primarily baccalaureate or above",2021,6410,6279,1437015171,1415037361,18,30,0,31,16,3,2,32,24,2,11,5,7,21
137351,University of South Florida,FL,Florida,"Degree-granting, primarily baccalaureate or above",2022,6410,6800,1482054666,1423652613,19,30,0,34,16,-3,4,32,27,1,12,5,7,18
243638,College of Micronesia-FSM,FM,Micronesia,"Degree-granting, not primarily baccalaureate or above",2015,4750,747,17967853,17027400,7,0,0,92,0,-2,3,41,0,0,4,7,19,29
243638,College of Micronesia-FSM,FM,Micronesia,"Degree-granting, not primarily baccalaureate or above",2016,4750,760,19742463,18797360,4,0,0,93,0,3,1,39,0,0,4,7,20,30
243638,College of Micronesia-FSM,FM,Micronesia,"Degree-granting, not primarily baccalaureate or above",2017,4750,657,19374685,18992980,4,0,0,92,0,4,1,37,0,0,5,8,23,27
243638,College of Micronesia-FSM,FM,Micronesia,"Degree-granting, not primarily baccalaureate or above",2018,4750,698,18153802,17843500,6,0,0,86,0,2,6,41,0,0,4,9,26,20
243638,College of Micronesia-FSM,FM,Micronesia,"Degree-granting, not primarily baccalaureate or above",2019,4750,665,19968209,18848069,5,0,0,90,0,3,2,39,0,0,4,9,23,24
243638,College of Micronesia-FSM,FM,Micronesia,"Degree-granting, not primarily baccalaureate or above",2020,4750,663,19787048,17581508,4,0,0,90,0,6,0,40,0,0,5,9,28,18
243638,College of Micronesia-FSM,FM,Micronesia,"Degree-granting, not primarily baccalaureate or above",2021,4750,638,21774799,21504788,5,0,0,80,0,8,7,34,0,0,4,7,33,22
243638,College of Micronesia-FSM,FM,Micronesia,"Degree-granting, not primarily baccalaureate or above",2022,5050,507,24040464,23663101,6,0,0,91,0,0,3,33,0,0,3,6,44,14
138558,Abraham Baldwin Agricultural College,GA,Georgia,"Degree-granting, primarily baccalaureate or above",2015,3453,1366,42369625,29699307,16,33,0,21,2,0,29,45,0,3,14,10,20,8
138558,Abraham Baldwin Agricultural College,GA,Georgia,"Degree-granting, primarily baccalaureate or above",2016,3453,921,41290771,35015109,24,36,0,22,2,0,16,42,0,2,14,9,19,14
138558,Abraham Baldwin Agricultural College,GA,Georgia,"Degree-granting, primarily baccalaureate or above",2017,3503,883,40118392,36678120,26,41,0,22,1,0,9,39,0,3,16,7,21,14
138558,Abraham Baldwin Agricultural College,GA,Georgia,"Degree-granting, primarily baccalaureate or above",2018,3503,1017,55758690,54649728,23,44,0,27,1,0,4,41,0,2,13,8,21,13
138558,Abraham Baldwin Agricultural College,GA,Georgia,"Degree-granting, primarily baccalaureate or above",2019,3565,919,70491879,50201124,17,37,0,17,2,0,28,42,0,3,15,9,19,13
138558,Abraham Baldwin Agricultural College,GA,Georgia,"Degree-granting, primarily baccalaureate or above",2020,3565,934,52941596,55835112,23,48,0,26,2,0,2,38,0,3,17,8,19,17
138558,Abraham Baldwin Agricultural College,GA,Georgia,"Degree-granting, primarily baccalaureate or above",2021,3565,865,70066122,51566833,17,32,0,18,2,0,31,39,0,2,15,7,18,19
138558,Abraham Baldwin Agricultural College,GA,Georgia,"Degree-granting, primarily baccalaureate or above",2022,3165,838,58805530,55150458,20,42,0,36,1,0,1,37,0,2,14,7,27,13
138716,Albany State University,GA,Georgia,"Degree-granting, primarily baccalaureate or above",2015,5490,475,56998441,54098667,28,34,0,37,0,0,1,44,3,2,7,7,25,11
138716,Albany State University,GA,Georgia,"Degree-granting, primarily baccalaureate or above",2016,5490,437,52269102,54825623,25,37,0,37,0,0,1,40,2,1,7,7,22,20
138716,Albany State University,GA,Georgia,"Degree-granting, primarily baccalaureate or above",2018,5735,1605,112979532,88474612,16,32,0,25,4,0,23,38,1,3,10,8,18,21
138716,Albany State University,GA,Georgia,"Degree-granting, primarily baccalaureate or above",2019,5934,1427,81754461,89924505,21,37,0,36,2,0,4,35,1,4,10,7,15,28
138716,Albany State University,GA,Georgia,"Degree-granting, primarily baccalaureate or above",2020,5934,1443,90737797,98860497,20,32,0,42,3,0,3,34,1,3,8,6,21,27
482149,Augusta University,GA,Georgia,"Degree-granting, primarily baccalaureate or above",2015,8282,775,619451558,405822461,13,30,0,14,34,0,9,38,13,11,14,2,20,2
482149,Augusta University,GA,Georgia,"Degree-granting, primarily baccalaureate or above",2016,8282,788,594724440,424446583,14,33,0,14,35,0,3,39,12,11,14,2,20,2
482149,Augusta University,GA,Georgia,"Degree-granting, primarily baccalaureate or above",2017,8604,875,622751569,443221603,14,32,0,14,37,0,2,38,11,11,14,2,22,2
482149,Augusta University,GA,Georgia,"Degree-granting, primarily baccalaureate or above",2018,8604,1085,662636826,456869469,14,34,0,15,31,0,6,23,11,10,14,2,21,19
482149,Augusta University,GA,Georgia,"Degree-granting, primarily baccalaureate or above",2019,8832,1119,713841021,465879065,13,31,0,14,32,1,9,18,17,9,13,2,22,19
482149,Augusta University,GA,Georgia,"Degree-granting, primarily baccalaureate or above",2020,8832,1028,750200413,546848036,13,33,0,15,35,0,4,21,15,8,12,2,21,22
482149,Augusta University,GA,Georgia,"Degree-granting, primarily baccalaureate or above",2021,8832,1044,796878580,537376637,13,29,0,14,32,1,11,21,16,9,10,2,17,24
482149,Augusta University,GA,Georgia,"Degree-granting, primarily baccalaureate or above",2022,8122,1047,660470951,486377363,16,41,0,21,19,0,4,25,21,10,12,2,19,9
139311,Clayton  State University,GA,Georgia,"Degree-granting, primarily baccalaureate or above",2015,5340,613,75088186,72998118,36,32,0,25,1,0,5,45,0,1,14,13,13,13
139311,Clayton  State University,GA,Georgia,"Degree-granting, primarily baccalaureate or above",2016,5340,583,95894681,76410851,27,27,0,19,1,0,26,44,0,1,14,14,15,12
139311,Clayton  State University,GA,Georgia,"Degree-granting, primarily baccalaureate or above",2017,5419,637,74768348,73736181,38,33,0,24,0,0,5,43,0,1,14,13,19,10
139311,Clayton  State University,GA,Georgia,"Degree-granting, primarily baccalaureate or above",2018,5419,645,77298460,77060901,34,33,0,26,1,0,6,42,0,1,15,13,18,12
139311,Clayton  State University,GA,Georgia,"Degree-granting, primarily baccalaureate or above",2019,5538,597,79218918,78511316,33,34,0,26,1,0,6,43,0,1,16,13,16,11
139311,Clayton  State University,GA,Georgia,"Degree-granting, primarily baccalaureate or above",2020,5568,795,82835940,92298672,31,34,0,30,0,0,4,37,0,1,12,11,19,20
139311,Clayton  State University,GA,Georgia,"Degree-granting, primarily baccalaureate or above",2021,5568,673,91030787,89863093,29,29,0,33,1,0,9,38,1,0,12,11,16,22
139311,Clayton  State University,GA,Georgia,"Degree-granting, primarily baccalaureate or above",2022,5068,579,104447428,91904832,23,28,0,37,2,0,10,40,1,0,12,10,12,24
139250,College of Coastal Georgia,GA,Georgia,"Degree-granting, primarily baccalaureate or above",2015,3971,707,31477727,29553069,17,44,0,23,5,0,11,51,0,0,8,13,18,10
139250,College of Coastal Georgia,GA,Georgia,"Degree-granting, primarily baccalaureate or above",2016,3821,860,29332298,30843528,22,45,0,25,6,0,2,51,0,0,7,10,15,17
139250,College of Coastal Georgia,GA,Georgia,"Degree-granting, primarily baccalaureate or above",2017,4496,807,31581653,31948550,23,46,0,23,4,0,4,54,0,0,7,10,15,13
139250,College of Coastal Georgia,GA,Georgia,"Degree-granting, primarily baccalaureate or above",2018,4696,795,31711033,34086978,24,48,0,23,5,0,1,54,0,0,7,11,15,12
139250,College of Coastal Georgia,GA,Georgia,"Degree-granting, primarily baccalaureate or above",2019,3933,671,34684780,34936304,21,49,0,21,4,0,6,46,0,0,7,10,15,22
139250,College of Coastal Georgia,GA,Georgia,"Degree-granting, primarily baccalaureate or above",2020,3933,639,36586134,38838410,19,48,0,26,4,0,3,49,0,0,6,8,18,19
139250,College of Coastal Georgia,GA,Georgia,"Degree-granting, primarily baccalaureate or above",2021,3933,604,32760516,36740266,20,48,0,27,4,0,2,48,0,0,7,8,15,23
139250,College of Coastal Georgia,GA,Georgia,"Degree-granting, primarily baccalaureate or above",2022,3483,751,39650922,39338303,15,44,0,36,3,0,2,46,0,0,7,8,16,22
139366,Columbus State University,GA,Georgia,"Degree-granting, primarily baccalaureate or above",2015,6011,1021,107594717,102958399,41,31,0,16,5,0,8,52,0,0,14,10,14,9
139366,Columbus State University,GA,Georgia,"Degree-granting, primarily baccalaureate or above",2016,6031,944,110367452,104624802,42,31,0,14,4,0,8,52,0,0,14,9,14,11
139366,Columbus State University,GA,Georgia,"Degree-granting, primarily baccalaureate or above",2017,6134,958,111511732,113436613,41,33,0,14,4,0,7,51,0,0,14,9,15,10
139366,Columbus State University,GA,Georgia,"Degree-granting, primarily baccalaureate or above",2018,6134,1145,114483253,116044657,40,36,0,15,3,0,5,51,0,0,14,9,15,11
139366,Columbus State University,GA,Georgia,"Degree-granting, primarily baccalaureate or above",2019,6241,1052,128028299,115934385,34,34,0,14,5,0,15,48,0,0,16,9,16,11
139366,Columbus State University,GA,Georgia,"Degree-granting, primarily baccalaureate or above",2020,6241,1387,120803475,122317224,32,38,0,18,5,0,8,45,0,0,15,8,17,14
139366,Columbus State University,GA,Georgia,"Degree-granting, primarily baccalaureate or above",2021,6241,1205,110167730,116389696,36,35,0,20,4,1,3,44,0,0,15,8,16,17
139366,Columbus State University,GA,Georgia,"Degree-granting, primarily baccalaureate or above",2022,5751,1032,156103400,120775345,25,28,0,24,4,-1,20,45,0,0,13,8,14,19
139719,Fort Valley State University,GA,Georgia,"Degree-granting, primarily baccalaureate or above",2015,5594,439,63792726,63787851,13,37,0,39,3,0,8,21,10,9,12,6,17,26
139719,Fort Valley State University,GA,Georgia,"Degree-granting, primarily baccalaureate or above",2016,5594,490,62912658,64837484,15,34,0,34,3,0,14,20,10,9,18,6,19,18
139719,Fort Valley State University,GA,Georgia,"Degree-granting, primarily baccalaureate or above",2017,6658,521,66763007,66204123,13,31,0,20,3,0,34,18,11,9,21,6,17,18
139719,Fort Valley State University,GA,Georgia,"Degree-granting, primarily baccalaureate or above",2018,6658,467,68158787,66412874,12,34,0,31,1,0,23,20,10,9,20,6,15,20
139719,Fort Valley State University,GA,Georgia,"Degree-granting, primarily baccalaureate or above",2019,5772,382,72780128,75236837,12,32,0,37,1,0,18,18,9,9,20,6,16,22
139719,Fort Valley State University,GA,Georgia,"Degree-granting, primarily baccalaureate or above",2020,5832,1002,78760849,82168698,12,31,0,38,1,0,18,15,9,7,17,6,22,24
139719,Fort Valley State University,GA,Georgia,"Degree-granting, primarily baccalaureate or above",2021,5832,756,80463645,82108607,10,28,0,47,0,0,15,14,10,7,17,5,24,23
139719,Fort Valley State University,GA,Georgia,"Degree-granting, primarily baccalaureate or above",2022,5832,552,87773063,84243835,9,31,0,43,0,0,17,14,12,7,18,6,12,30
139861,Georgia College & State University,GA,Georgia,"Degree-granting, primarily baccalaureate or above",2015,9170,1475,114314824,115807448,47,26,0,7,2,0,18,43,1,1,15,10,14,17
139861,Georgia College & State University,GA,Georgia,"Degree-granting, primarily baccalaureate or above",2016,9202,1381,121572343,125192137,47,26,0,6,2,0,19,34,0,1,12,7,12,34
139861,Georgia College & State University,GA,Georgia,"Degree-granting, primarily baccalaureate or above",2017,9346,1443,132435636,132326664,43,28,0,6,1,1,21,33,0,1,11,8,15,31
139861,Georgia College & State University,GA,Georgia,"Degree-granting, primarily baccalaureate or above",2018,9346,1483,144877314,145513226,40,28,0,5,2,1,24,32,0,3,11,8,15,31
139861,Georgia College & State University,GA,Georgia,"Degree-granting, primarily baccalaureate or above",2019,9526,1481,137289763,143892788,43,30,0,7,2,0,18,32,0,2,11,8,15,32
139861,Georgia College & State University,GA,Georgia,"Degree-granting, primarily baccalaureate or above",2020,9524,1363,159509370,160460578,38,27,0,8,1,0,26,29,0,3,10,7,18,33
139861,Georgia College & State University,GA,Georgia,"Degree-granting, primarily baccalaureate or above",2021,9524,1507,134646715,158739051,43,29,0,10,3,2,13,28,0,3,9,6,18,35
139861,Georgia College & State University,GA,Georgia,"Degree-granting, primarily baccalaureate or above",2022,8974,1364,158205877,136173971,36,29,0,9,2,-1,24,36,0,3,11,8,10,31
447689,Georgia Gwinnett College,GA,Georgia,"Degree-granting, primarily baccalaureate or above",2019,4958,2800,153577639,140581731,24,38,0,28,1,0,9,47,0,0,9,9,21,14
447689,Georgia Gwinnett College,GA,Georgia,"Degree-granting, primarily baccalaureate or above",2020,4948,2308,155303793,156111370,26,38,0,34,0,0,1,34,0,0,7,9,20,30
447689,Georgia Gwinnett College,GA,Georgia,"Degree-granting, primarily baccalaureate or above",2021,4948,2195,143055649,145329642,25,33,0,39,1,0,2,31,0,0,7,8,22,31
447689,Georgia Gwinnett College,GA,Georgia,"Degree-granting, primarily baccalaureate or above",2022,4458,2317,175036727,150744224,22,34,0,42,1,0,1,29,0,0,8,8,17,38
139755,Georgia Institute of Technology-Main Campus,GA,Georgia,"Degree-granting, primarily baccalaureate or above",2015,12204,3089,1454556260,1335978966,22,16,0,37,16,1,8,25,55,4,4,3,7,1
139755,Georgia Institute of Technology-Main Campus,GA,Georgia,"Degree-granting, primarily baccalaureate or above",2016,12212,2877,1416376794,1345770988,25,16,0,39,15,1,4,24,57,4,4,3,7,1
139755,Georgia Institute of Technology-Main Campus,GA,Georgia,"Degree-granting, primarily baccalaureate or above",2017,12418,2861,1506704186,1454535740,24,18,0,37,16,1,4,23,56,5,4,3,8,1
139755,Georgia Institute of Technology-Main Campus,GA,Georgia,"Degree-granting, primarily baccalaureate or above",2018,12424,3146,1630960190,1593644912,23,18,0,39,15,1,4,22,55,5,4,3,8,4
139755,Georgia Institute of Technology-Main Campus,GA,Georgia,"Degree-granting, primarily baccalaureate or above",2019,12682,3076,1828431595,1694626780,21,17,0,38,14,2,8,22,55,5,4,3,6,3
139755,Georgia Institute of Technology-Main Campus,GA,Georgia,"Degree-granting, primarily baccalaureate or above",2020,12852,3260,1887633762,1882448565,23,19,0,41,13,2,3,20,54,4,5,2,9,6
139755,Georgia Institute of Technology-Main Campus,GA,Georgia,"Degree-granting, primarily baccalaureate or above",2021,12852,3453,1942544478,1928372025,23,16,0,44,12,2,3,18,58,3,4,2,8,7
139755,Georgia Institute of Technology-Main Campus,GA,Georgia,"Degree-granting, primarily baccalaureate or above",2022,11764,3647,2190978290,2038111033,22,19,0,44,12,0,3,19,61,3,5,2,9,1
139931,Georgia Southern University,GA,Georgia,"Degree-granting, primarily baccalaureate or above",2015,6273,3495,256305446,251364066,43,33,0,16,5,0,2,46,7,1,14,12,16,4
139931,Georgia Southern University,GA,Georgia,"Degree-granting, primarily baccalaureate or above",2016,6273,3600,275296156,256102902,41,33,0,13,5,0,7,47,7,1,15,12,14,4
139931,Georgia Southern University,GA,Georgia,"Degree-granting, primarily baccalaureate or above",2017,6356,3508,280313676,270376324,42,34,0,13,5,0,7,46,6,1,15,11,17,3
139931,Georgia Southern University,GA,Georgia,"Degree-granting, primarily baccalaureate or above",2018,6356,4347,374988203,371515218,40,36,0,14,5,0,5,46,5,1,14,10,19,5
139931,Georgia Southern University,GA,Georgia,"Degree-granting, primarily baccalaureate or above",2019,6463,4253,415618515,363502458,33,34,0,12,5,0,17,45,4,1,15,11,11,15
139931,Georgia Southern University,GA,Georgia,"Degree-granting, primarily baccalaureate or above",2020,6485,5341,386076799,399122001,36,37,0,19,5,0,3,40,3,1,14,9,15,19
139931,Georgia Southern University,GA,Georgia,"Degree-granting, primarily baccalaureate or above",2021,6485,5571,381319290,367708417,36,31,0,24,4,1,4,34,11,1,13,10,10,21
139931,Georgia Southern University,GA,Georgia,"Degree-granting, primarily baccalaureate or above",2022,6485,4357,487421271,372528461,28,29,0,24,4,0,15,36,10,1,14,12,10,16
139764,Georgia Southwestern State University,GA,Georgia,"Degree-granting, primarily baccalaureate or above",2015,5262,381,32714345,32616539,33,37,0,19,6,0,4,49,0,4,10,11,17,9
139764,Georgia Southwestern State University,GA,Georgia,"Degree-granting, primarily baccalaureate or above",2016,5262,485,33163805,34107554,36,34,0,17,6,0,6,45,0,4,10,10,18,12
139764,Georgia Southwestern State University,GA,Georgia,"Degree-granting, primarily baccalaureate or above",2017,5341,452,32416298,33843656,40,33,0,17,9,0,1,49,0,4,10,10,20,7
139764,Georgia Southwestern State University,GA,Georgia,"Degree-granting, primarily baccalaureate or above",2018,5381,415,35458435,37000221,36,36,0,16,9,0,2,47,0,4,9,12,21,7
139764,Georgia Southwestern State University,GA,Georgia,"Degree-granting, primarily baccalaureate or above",2019,5500,392,37583431,40046882,32,41,0,16,9,0,2,45,0,6,9,10,22,8
139764,Georgia Southwestern State University,GA,Georgia,"Degree-granting, primarily baccalaureate or above",2020,5464,477,44339556,45129772,26,36,0,18,14,0,6,40,0,10,9,9,15,18
139764,Georgia Southwestern State University,GA,Georgia,"Degree-granting, primarily baccalaureate or above",2021,5464,385,43744524,41142235,26,33,0,21,9,0,11,41,0,5,7,8,20,19
139764,Georgia Southwestern State University,GA,Georgia,"Degree-granting, primarily baccalaureate or above",2022,4980,485,44102647,41986656,28,36,0,25,6,0,5,44,0,1,9,9,22,16
139940,Georgia State University,GA,Georgia,"Degree-granting, primarily baccalaureate or above",2015,8974,3447,706591559,617546994,33,27,0,19,4,0,17,39,25,3,14,8,6,5
139940,Georgia State University,GA,Georgia,"Degree-granting, primarily baccalaureate or above",2016,8974,3984,661091181,634894884,37,30,0,21,5,0,8,36,26,4,14,8,7,6
139940,Georgia State University,GA,Georgia,"Degree-granting, primarily baccalaureate or above",2017,9112,4208,708028752,642483694,35,30,0,22,4,0,9,36,29,4,13,7,5,5
139940,Georgia State University,GA,Georgia,"Degree-granting, primarily baccalaureate or above",2018,9112,4997,728276490,703711125,34,30,0,22,5,0,9,37,28,4,14,7,5,5
139940,Georgia State University,GA,Georgia,"Degree-granting, primarily baccalaureate or above",2019,9286,5064,763018956,702302120,34,29,0,22,6,1,8,35,28,4,14,7,6,6
139940,Georgia State University,GA,Georgia,"Degree-granting, primarily baccalaureate or above",2020,9286,5518,792939271,762561079,34,29,0,26,5,1,6,27,26,4,13,7,5,18
139940,Georgia State University,GA,Georgia,"Degree-granting, primarily baccalaureate or above",2021,9286,6058,818102572,744947000,35,26,0,29,4,0,7,27,25,3,14,6,6,19
139940,Georgia State University,GA,Georgia,"Degree-granting, primarily baccalaureate or above",2022,8478,5479,894653331,761290741,32,28,0,31,4,0,6,27,29,3,13,6,5,17
244437,Georgia State University-Perimeter College,GA,Georgia,"Degree-granting, associate's and certificates  ",2015,3213,3311,149051027,143934661,32,35,0,31,0,0,1,41,0,0,15,11,14,19
244437,Georgia State University-Perimeter College,GA,Georgia,"Degree-granting, associate's and certificates  ",2016,3261,2370,139799896,137828662,34,34,0,30,1,0,1,43,0,0,14,11,15,17
244437,Georgia State University-Perimeter College,GA,Georgia,"Degree-granting, associate's and certificates  ",2017,3304,3275,143008469,131759051,33,35,0,28,0,0,3,45,0,0,15,12,12,17
244437,Georgia State University-Perimeter College,GA,Georgia,"Degree-granting, associate's and certificates  ",2018,3304,3554,151347079,127770362,32,34,0,30,1,0,4,38,1,0,17,13,12,19
244437,Georgia State University-Perimeter College,GA,Georgia,"Degree-granting, associate's and certificates  ",2019,3360,3929,165152656,147267836,33,32,0,29,0,0,5,36,0,0,15,12,11,26
244437,Georgia State University-Perimeter College,GA,Georgia,"Degree-granting, associate's and certificates  ",2020,3360,3148,172703521,163625356,28,32,0,35,0,0,4,36,0,0,14,10,11,29
244437,Georgia State University-Perimeter College,GA,Georgia,"Degree-granting, associate's and certificates  ",2021,3360,3004,132307019,160552593,30,38,0,29,0,0,3,37,0,0,15,9,11,28
244437,Georgia State University-Perimeter College,GA,Georgia,"Degree-granting, associate's and certificates  ",2022,2960,3214,147832321,146840959,26,41,0,30,0,0,3,36,0,0,15,9,10,30
139968,Gordon State College,GA,Georgia,"Degree-granting, not primarily baccalaureate or above",2015,3551,1068,30330542,30406984,22,39,0,34,0,0,4,54,0,0,7,11,15,13
139968,Gordon State College,GA,Georgia,"Degree-granting, not primarily baccalaureate or above",2016,3974,869,34369075,30702982,19,35,0,30,0,0,15,54,0,0,8,11,12,14
139968,Gordon State College,GA,Georgia,"Degree-granting, not primarily baccalaureate or above",2017,3828,1233,29302340,32157693,22,42,0,32,1,0,3,52,0,0,8,11,12,18
139968,Gordon State College,GA,Georgia,"Degree-granting, not primarily baccalaureate or above",2018,3828,878,30126984,32995762,21,44,0,33,1,0,1,47,0,0,7,8,13,25
139968,Gordon State College,GA,Georgia,"Degree-granting, not primarily baccalaureate or above",2019,3789,885,30582455,30888594,18,43,0,29,1,1,9,43,0,0,7,9,13,27
139968,Gordon State College,GA,Georgia,"Degree-granting, not primarily baccalaureate or above",2020,3789,660,34722079,37144564,17,40,0,35,2,1,6,33,0,0,9,8,15,36
139968,Gordon State College,GA,Georgia,"Degree-granting, not primarily baccalaureate or above",2021,3789,587,30809502,33195982,18,38,0,34,5,0,6,32,0,0,12,7,17,32
139968,Gordon State College,GA,Georgia,"Degree-granting, not primarily baccalaureate or above",2022,3475,859,35252150,35344835,13,36,0,46,3,0,2,29,0,0,11,7,6,47
486840,Kennesaw State University,GA,Georgia,"Degree-granting, primarily baccalaureate or above",2015,6060,5032,366303569,358188326,47,29,0,16,0,0,7,48,0,2,15,11,15,8
486840,Kennesaw State University,GA,Georgia,"Degree-granting, primarily baccalaureate or above",2016,6060,5347,403079151,382695961,46,29,0,15,0,0,11,47,0,3,16,11,15,7
486840,Kennesaw State University,GA,Georgia,"Degree-granting, primarily baccalaureate or above",2017,6347,5237,414517140,404688123,47,31,0,14,0,0,8,44,0,3,17,11,12,12
486840,Kennesaw State University,GA,Georgia,"Degree-granting, primarily baccalaureate or above",2018,6347,4784,457151494,434818020,44,30,0,15,1,0,10,40,0,3,17,11,12,16
486840,Kennesaw State University,GA,Georgia,"Degree-granting, primarily baccalaureate or above",2019,6456,6533,462788460,452365426,43,32,0,14,1,0,9,37,0,3,18,11,13,18
486840,Kennesaw State University,GA,Georgia,"Degree-granting, primarily baccalaureate or above",2020,6436,8018,501789746,514321828,42,32,0,16,1,0,8,37,1,2,15,8,15,22
486840,Kennesaw State University,GA,Georgia,"Degree-granting, primarily baccalaureate or above",2021,6436,8628,517614861,510748487,41,28,0,23,1,0,7,39,1,2,15,9,11,24
486840,Kennesaw State University,GA,Georgia,"Degree-granting, primarily baccalaureate or above",2022,5786,7024,660019438,553218820,33,28,0,25,2,0,12,41,2,2,15,9,11,21
482158,Middle Georgia State University,GA,Georgia,"Degree-granting, primarily baccalaureate or above",2015,3890,1535,79913818,79962652,24,41,0,23,3,0,10,50,0,1,10,12,16,11
482158,Middle Georgia State University,GA,Georgia,"Degree-granting, primarily baccalaureate or above",2016,3890,2201,83284581,78192845,26,39,0,23,2,0,11,48,0,1,11,13,16,11
482158,Middle Georgia State University,GA,Georgia,"Degree-granting, primarily baccalaureate or above",2017,3924,1027,98504745,82572568,22,33,0,17,4,0,24,53,0,1,12,12,14,8
482158,Middle Georgia State University,GA,Georgia,"Degree-granting, primarily baccalaureate or above",2018,3924,1418,93448596,97811820,24,36,0,19,5,0,16,47,0,1,8,10,13,20
482158,Middle Georgia State University,GA,Georgia,"Degree-granting, primarily baccalaureate or above",2019,4042,1442,92932296,85341718,26,38,0,21,0,0,14,53,0,1,10,11,15,10
482158,Middle Georgia State University,GA,Georgia,"Degree-granting, primarily baccalaureate or above",2020,4060,1448,100327944,100553226,24,37,0,26,1,0,11,40,0,1,8,10,18,24
482158,Middle Georgia State University,GA,Georgia,"Degree-granting, primarily baccalaureate or above",2021,4060,1034,116399491,95650904,22,32,0,21,6,1,19,43,0,0,7,10,14,25
482158,Middle Georgia State University,GA,Georgia,"Degree-granting, primarily baccalaureate or above",2022,3958,1281,128374799,104051120,20,36,0,31,1,0,12,39,0,0,11,11,15,23
140960,Savannah State University,GA,Georgia,"Degree-granting, primarily baccalaureate or above",2015,5644,1186,61809835,61976133,21,31,0,43,1,1,2,39,2,4,16,10,18,10
140960,Savannah State University,GA,Georgia,"Degree-granting, primarily baccalaureate or above",2016,5644,1311,66265979,62839363,20,33,0,41,1,1,4,39,3,4,17,10,17,11
140960,Savannah State University,GA,Georgia,"Degree-granting, primarily baccalaureate or above",2017,5743,869,67826184,67107224,20,33,0,39,2,1,4,40,2,4,15,10,18,11
140960,Savannah State University,GA,Georgia,"Degree-granting, primarily baccalaureate or above",2018,5743,762,85174135,67248746,14,28,0,32,3,1,22,40,3,4,16,10,17,10
140960,Savannah State University,GA,Georgia,"Degree-granting, primarily baccalaureate or above",2019,5743,812,70948634,65478734,17,36,0,36,3,1,7,35,2,4,14,9,15,21
140960,Savannah State University,GA,Georgia,"Degree-granting, primarily baccalaureate or above",2020,5902,730,76476293,74744569,15,32,0,42,2,1,7,28,2,8,13,9,15,25
139959,University of Georgia,GA,Georgia,"Degree-granting, primarily baccalaureate or above",2015,11622,5274,1300725215,1137484065,31,31,0,15,8,0,16,27,33,16,9,5,7,3
139959,University of Georgia,GA,Georgia,"Degree-granting, primarily baccalaureate or above",2016,11634,5433,1339310441,1210842407,33,31,0,15,9,0,12,28,33,15,9,5,8,3
139959,University of Georgia,GA,Georgia,"Degree-granting, primarily baccalaureate or above",2017,11818,5826,1464692764,1316766484,31,30,0,15,9,1,15,28,33,14,9,4,8,3
139959,University of Georgia,GA,Georgia,"Degree-granting, primarily baccalaureate or above",2018,11830,5727,1489587510,1378561243,31,32,0,15,10,1,11,27,32,14,9,4,7,6
139959,University of Georgia,GA,Georgia,"Degree-granting, primarily baccalaureate or above",2019,12080,5499,1541404788,1476190509,30,33,0,17,9,1,11,27,31,14,11,3,9,5
139959,University of Georgia,GA,Georgia,"Degree-granting, primarily baccalaureate or above",2020,12080,5646,1582175107,1604936235,31,33,0,19,8,1,8,25,29,13,10,3,9,10
139959,University of Georgia,GA,Georgia,"Degree-granting, primarily baccalaureate or above",2021,12080,5819,1530776146,1553520826,31,31,0,21,8,2,7,24,30,13,11,3,9,10
139959,University of Georgia,GA,Georgia,"Degree-granting, primarily baccalaureate or above",2022,11180,6273,1777416083,1522997302,27,32,0,21,8,-1,13,27,34,14,12,3,10,-1
482680,University of North Georgia,GA,Georgia,"Degree-granting, primarily baccalaureate or above",2015,4403,3920,149548887,146838617,41,33,0,19,0,0,6,45,1,0,12,9,11,22
482680,University of North Georgia,GA,Georgia,"Degree-granting, primarily baccalaureate or above",2016,4397,3955,160887599,160691925,43,34,0,19,1,0,4,46,1,0,14,8,12,20
482680,University of North Georgia,GA,Georgia,"Degree-granting, primarily baccalaureate or above",2017,4421,3964,172154372,183801285,43,35,0,18,1,0,3,47,1,0,12,7,12,22
482680,University of North Georgia,GA,Georgia,"Degree-granting, primarily baccalaureate or above",2018,4692,4464,221276037,202707240,34,32,0,15,1,0,18,48,1,0,12,7,11,21
482680,University of North Georgia,GA,Georgia,"Degree-granting, primarily baccalaureate or above",2019,4744,4157,210666806,218150725,37,38,0,17,0,0,7,51,1,1,11,7,11,19
482680,University of North Georgia,GA,Georgia,"Degree-granting, primarily baccalaureate or above",2020,4976,4304,228090053,249904211,35,38,0,21,1,0,5,33,1,0,10,7,13,36
482680,University of North Georgia,GA,Georgia,"Degree-granting, primarily baccalaureate or above",2021,5341,4043,232922501,243731084,33,35,0,21,1,0,10,33,1,0,10,6,13,38
482680,University of North Georgia,GA,Georgia,"Degree-granting, primarily baccalaureate or above",2022,4995,3875,254231240,249667082,30,37,0,29,0,0,4,34,1,0,10,6,13,36
141334,University of West Georgia,GA,Georgia,"Degree-granting, primarily baccalaureate or above",2015,6143,2410,165364589,139976993,36,29,0,16,1,0,18,52,2,0,15,11,13,6
141334,University of West Georgia,GA,Georgia,"Degree-granting, primarily baccalaureate or above",2016,6143,2434,159942613,147894261,40,31,0,17,1,0,10,53,1,0,14,11,14,6
141334,University of West Georgia,GA,Georgia,"Degree-granting, primarily baccalaureate or above",2017,6226,2240,163662012,159162182,41,32,0,17,1,0,9,52,1,0,14,12,16,5
141334,University of West Georgia,GA,Georgia,"Degree-granting, primarily baccalaureate or above",2018,6288,2289,174615701,179565871,45,34,0,16,2,0,2,48,1,0,16,11,15,9
141334,University of West Georgia,GA,Georgia,"Degree-granting, primarily baccalaureate or above",2019,6395,1852,206549656,185359876,39,31,0,13,1,1,15,47,1,0,16,11,16,9
141334,University of West Georgia,GA,Georgia,"Degree-granting, primarily baccalaureate or above",2020,6521,1821,189848373,211296188,42,36,0,18,1,0,3,43,1,0,15,9,18,15
141334,University of West Georgia,GA,Georgia,"Degree-granting, primarily baccalaureate or above",2021,6521,1545,191874605,202851238,41,32,0,24,2,0,2,43,1,0,14,10,14,17
141334,University of West Georgia,GA,Georgia,"Degree-granting, primarily baccalaureate or above",2022,5941,1424,245150244,196924328,31,30,0,25,2,0,12,48,1,0,16,11,15,10
141264,Valdosta State University,GA,Georgia,"Degree-granting, primarily baccalaureate or above",2015,7342,1387,141645295,142221664,41,35,0,16,3,0,5,47,0,2,13,14,17,7
141264,Valdosta State University,GA,Georgia,"Degree-granting, primarily baccalaureate or above",2016,7342,1422,138470227,142143328,43,33,0,16,2,0,6,49,0,2,12,14,16,7
141264,Valdosta State University,GA,Georgia,"Degree-granting, primarily baccalaureate or above",2017,6410,1595,140983248,145648773,44,33,0,16,2,1,5,46,0,1,11,16,18,8
141264,Valdosta State University,GA,Georgia,"Degree-granting, primarily baccalaureate or above",2018,6410,1662,144010164,147245034,42,34,0,17,2,1,4,46,0,1,11,14,18,9
141264,Valdosta State University,GA,Georgia,"Degree-granting, primarily baccalaureate or above",2019,6583,1563,144289855,146335323,40,36,0,18,2,1,4,45,0,1,11,15,18,10
141264,Valdosta State University,GA,Georgia,"Degree-granting, primarily baccalaureate or above",2020,6583,2617,156934936,156852918,39,33,0,23,2,0,4,33,0,1,8,12,17,29
141264,Valdosta State University,GA,Georgia,"Degree-granting, primarily baccalaureate or above",2021,6583,1782,149986905,151163235,39,28,0,26,1,2,4,32,0,1,10,14,21,22
141264,Valdosta State University,GA,Georgia,"Degree-granting, primarily baccalaureate or above",2022,6007,1127,170189456,162565276,34,32,0,32,1,-1,2,39,0,1,10,14,12,24
141565,University of Hawaii at Hilo,HI,Hawaii,"Degree-granting, primarily baccalaureate or above",2015,7332,385,132902423,110085983,20,24,0,32,1,0,23,46,15,6,10,13,8,4
141565,University of Hawaii at Hilo,HI,Hawaii,"Degree-granting, primarily baccalaureate or above",2016,7650,374,100891738,125406381,26,33,0,39,2,0,0,38,10,3,8,8,7,26
141565,University of Hawaii at Hilo,HI,Hawaii,"Degree-granting, primarily baccalaureate or above",2017,7648,415,101896969,107556102,25,35,0,37,3,0,0,45,9,4,9,10,9,15
141565,University of Hawaii at Hilo,HI,Hawaii,"Degree-granting, primarily baccalaureate or above",2018,7720,413,107043885,108493912,23,34,0,37,2,0,3,46,8,5,10,10,8,13
141565,University of Hawaii at Hilo,HI,Hawaii,"Degree-granting, primarily baccalaureate or above",2019,7792,449,110990068,113726964,21,34,0,38,2,1,4,46,8,4,9,10,7,16
141565,University of Hawaii at Hilo,HI,Hawaii,"Degree-granting, primarily baccalaureate or above",2020,7838,462,116898114,115224563,20,32,0,38,2,1,8,44,7,6,9,10,8,17
141565,University of Hawaii at Hilo,HI,Hawaii,"Degree-granting, primarily baccalaureate or above",2021,7838,459,117058005,117752700,17,34,0,42,1,0,6,39,8,9,8,8,7,22
141565,University of Hawaii at Hilo,HI,Hawaii,"Degree-granting, primarily baccalaureate or above",2022,7838,392,113987313,116499256,17,33,0,47,2,0,1,40,9,8,6,8,6,23
141574,University of Hawaii at Manoa,HI,Hawaii,"Degree-granting, primarily baccalaureate or above",2015,11164,1907,833549360,864305743,21,25,0,46,5,0,3,39,32,5,10,5,4,5
141574,University of Hawaii at Manoa,HI,Hawaii,"Degree-granting, primarily baccalaureate or above",2016,11732,1974,874838595,907124324,21,26,0,45,5,0,4,37,28,5,10,4,4,11
141574,University of Hawaii at Manoa,HI,Hawaii,"Degree-granting, primarily baccalaureate or above",2017,11754,1959,899890416,917449892,20,27,0,43,5,1,5,38,27,7,10,4,3,11
141574,University of Hawaii at Manoa,HI,Hawaii,"Degree-granting, primarily baccalaureate or above",2018,11970,2209,897388712,899262931,19,27,0,46,5,1,3,41,28,6,11,5,3,7
141574,University of Hawaii at Manoa,HI,Hawaii,"Degree-granting, primarily baccalaureate or above",2019,12186,2020,937491273,934648711,19,27,0,45,5,1,4,41,27,7,11,4,3,7
141574,University of Hawaii at Manoa,HI,Hawaii,"Degree-granting, primarily baccalaureate or above",2020,12186,2184,1005436638,968693163,18,26,0,44,4,1,8,40,26,6,11,4,3,10
141574,University of Hawaii at Manoa,HI,Hawaii,"Degree-granting, primarily baccalaureate or above",2021,12186,2939,948914759,912216498,19,28,0,45,4,1,3,39,26,7,11,4,3,9
141574,University of Hawaii at Manoa,HI,Hawaii,"Degree-granting, primarily baccalaureate or above",2022,12186,3106,1013067929,895000219,19,24,0,49,4,-1,5,38,26,8,9,4,5,10
141981,University of Hawaii-West Oahu,HI,Hawaii,"Degree-granting, primarily baccalaureate or above",2015,7152,255,34427340,36029800,27,39,0,30,1,0,2,56,0,0,15,11,16,1
141981,University of Hawaii-West Oahu,HI,Hawaii,"Degree-granting, primarily baccalaureate or above",2016,7440,297,37579300,48909221,27,36,0,35,1,0,2,41,1,2,11,11,11,24
141981,University of Hawaii-West Oahu,HI,Hawaii,"Degree-granting, primarily baccalaureate or above",2017,7440,282,44958120,48550478,26,35,0,36,1,0,2,49,1,2,8,11,12,16
141981,University of Hawaii-West Oahu,HI,Hawaii,"Degree-granting, primarily baccalaureate or above",2018,7512,242,68196626,53210564,18,24,0,32,1,0,26,50,1,2,9,12,12,12
141981,University of Hawaii-West Oahu,HI,Hawaii,"Degree-granting, primarily baccalaureate or above",2019,7584,217,51863045,57087394,23,34,0,39,1,1,2,54,1,2,7,12,13,11
141981,University of Hawaii-West Oahu,HI,Hawaii,"Degree-granting, primarily baccalaureate or above",2020,7584,232,52996438,55430343,22,35,0,40,1,1,2,53,0,2,8,11,14,11
141981,University of Hawaii-West Oahu,HI,Hawaii,"Degree-granting, primarily baccalaureate or above",2021,7584,224,55718670,56890232,22,36,0,41,1,0,0,47,0,8,8,8,12,16
141981,University of Hawaii-West Oahu,HI,Hawaii,"Degree-granting, primarily baccalaureate or above",2022,7584,216,59429397,57232056,20,32,0,42,1,0,6,48,0,7,6,8,10,22
153445,Hawkeye Community College,IA,Iowa,"Degree-granting, associate's and certificates  ",2015,4466,1025,55897835,55977854,17,31,15,31,0,0,6,62,0,0,2,8,22,5
153603,Iowa State University,IA,Iowa,"Degree-granting, primarily baccalaureate or above",2015,7736,6230,986173583,928191136,32,25,0,19,9,0,14,33,21,9,22,4,6,4
153603,Iowa State University,IA,Iowa,"Degree-granting, primarily baccalaureate or above",2016,8219,6325,1003727592,954507918,33,25,0,20,9,1,12,33,22,10,22,4,5,3
153603,Iowa State University,IA,Iowa,"Degree-granting, primarily baccalaureate or above",2017,8636,5944,1035750650,975799198,34,24,0,20,8,2,12,34,22,9,21,5,6,3
153603,Iowa State University,IA,Iowa,"Degree-granting, primarily baccalaureate or above",2018,8988,6047,1036871387,997351908,35,23,0,20,8,2,12,33,21,9,23,4,6,4
153603,Iowa State University,IA,Iowa,"Degree-granting, primarily baccalaureate or above",2019,9320,5597,1091425515,1009766719,34,22,0,19,8,3,14,33,20,9,23,4,8,3
153603,Iowa State University,IA,Iowa,"Degree-granting, primarily baccalaureate or above",2020,9316,5071,1057323465,1028887955,35,23,0,19,9,2,13,31,17,8,22,4,9,9
153603,Iowa State University,IA,Iowa,"Degree-granting, primarily baccalaureate or above",2021,9634,5387,1089534348,1012065498,32,22,0,21,8,5,13,32,19,8,24,4,7,6
153603,Iowa State University,IA,Iowa,"Degree-granting, primarily baccalaureate or above",2022,10133,5728,1117350321,1080514182,31,21,0,26,8,-3,16,30,19,8,26,4,6,7
153658,University of Iowa,IA,Iowa,"Degree-granting, primarily baccalaureate or above",2015,8104,5241,1357031000,1257934000,28,18,0,23,9,1,21,33,28,8,15,3,7,6
153658,University of Iowa,IA,Iowa,"Degree-granting, primarily baccalaureate or above",2016,8575,5643,1379636000,1244581000,28,18,0,22,10,3,19,32,31,9,12,3,6,7
153658,University of Iowa,IA,Iowa,"Degree-granting, primarily baccalaureate or above",2017,8965,5027,1423995000,1308410000,28,16,0,22,11,8,14,31,31,8,14,4,6,6
153658,University of Iowa,IA,Iowa,"Degree-granting, primarily baccalaureate or above",2018,9267,4806,1854796000,1317860000,24,12,0,17,8,4,36,32,31,8,14,3,5,7
153658,University of Iowa,IA,Iowa,"Degree-granting, primarily baccalaureate or above",2019,9606,4986,1477171000,1352411000,30,15,0,25,7,8,15,32,30,8,13,4,5,8
153658,University of Iowa,IA,Iowa,"Degree-granting, primarily baccalaureate or above",2020,9606,4510,1503401000,1358460000,29,16,0,25,11,7,12,32,31,9,14,4,5,6
153658,University of Iowa,IA,Iowa,"Degree-granting, primarily baccalaureate or above",2021,9942,4521,1835347000,1429992000,23,12,0,24,8,21,11,29,33,8,13,4,5,8
153658,University of Iowa,IA,Iowa,"Degree-granting, primarily baccalaureate or above",2022,10353,5178,1356000000,1465808000,32,17,0,43,9,-16,15,29,35,9,13,4,5,5
154095,University of Northern Iowa,IA,Iowa,"Degree-granting, primarily baccalaureate or above",2015,7817,1916,217335167,213444619,29,46,0,14,3,1,8,50,2,11,13,6,15,3
154095,University of Northern Iowa,IA,Iowa,"Degree-granting, primarily baccalaureate or above",2016,8309,2000,232902334,208092219,27,44,0,12,3,1,13,49,2,11,13,6,16,3
154095,University of Northern Iowa,IA,Iowa,"Degree-granting, primarily baccalaureate or above",2017,8699,1834,239273689,210631540,28,43,0,11,3,1,14,49,2,11,14,6,15,3
154095,University of Northern Iowa,IA,Iowa,"Degree-granting, primarily baccalaureate or above",2018,8938,1661,221748127,204977982,31,46,0,12,4,1,6,49,1,11,14,6,15,3
154095,University of Northern Iowa,IA,Iowa,"Degree-granting, primarily baccalaureate or above",2019,8938,1465,229381563,213859118,29,45,0,12,4,2,9,46,2,10,14,6,15,7
154095,University of Northern Iowa,IA,Iowa,"Degree-granting, primarily baccalaureate or above",2020,8938,1482,228848913,198857721,27,47,0,13,3,1,8,49,1,11,15,6,10,8
154095,University of Northern Iowa,IA,Iowa,"Degree-granting, primarily baccalaureate or above",2021,9053,1553,237803821,193510958,22,45,0,19,3,4,7,48,2,10,17,6,12,6
154095,University of Northern Iowa,IA,Iowa,"Degree-granting, primarily baccalaureate or above",2022,9411,1436,216598560,197027781,21,49,0,17,5,-2,11,46,2,11,16,7,13,5
142115,Boise State University,ID,Idaho,"Degree-granting, primarily baccalaureate or above",2015,6876,2193,299984563,269240311,39,29,0,18,9,0,5,47,8,6,12,7,11,7
142115,Boise State University,ID,Idaho,"Degree-granting, primarily baccalaureate or above",2016,7080,2574,316662307,285786865,40,28,0,18,10,0,3,46,9,7,13,7,11,7
142115,Boise State University,ID,Idaho,"Degree-granting, primarily baccalaureate or above",2017,7326,2743,340335604,300619002,40,28,0,17,9,0,5,43,10,6,12,7,11,10
142115,Boise State University,ID,Idaho,"Degree-granting, primarily baccalaureate or above",2018,7694,2824,381474146,317025611,38,26,0,17,8,1,10,44,10,6,12,7,11,10
142115,Boise State University,ID,Idaho,"Degree-granting, primarily baccalaureate or above",2019,8068,2993,390495440,325087497,40,26,0,17,9,1,7,43,11,6,13,7,11,9
142115,Boise State University,ID,Idaho,"Degree-granting, primarily baccalaureate or above",2020,8068,2845,420948730,352037307,41,26,0,18,9,1,5,42,13,6,12,6,9,11
142115,Boise State University,ID,Idaho,"Degree-granting, primarily baccalaureate or above",2021,8060,3171,427555831,355649789,40,25,0,25,7,0,3,40,13,7,12,6,9,13
142115,Boise State University,ID,Idaho,"Degree-granting, primarily baccalaureate or above",2022,8364,3132,471772270,386380359,39,24,0,25,8,-1,6,38,11,9,13,6,13,12
142328,Lewis-Clark State College,ID,Idaho,"Degree-granting, primarily baccalaureate or above",2015,6000,541,48279200,42999691,30,41,0,19,4,0,5,48,1,2,17,11,14,7
142328,Lewis-Clark State College,ID,Idaho,"Degree-granting, primarily baccalaureate or above",2016,6120,559,50031102,44898903,28,44,0,18,4,0,6,48,1,2,17,11,14,7
142328,Lewis-Clark State College,ID,Idaho,"Degree-granting, primarily baccalaureate or above",2017,6334,569,51636095,45496765,25,47,0,18,4,0,5,50,1,2,17,12,15,4
142328,Lewis-Clark State College,ID,Idaho,"Degree-granting, primarily baccalaureate or above",2018,6618,510,51109753,48173029,24,48,0,19,4,0,5,49,1,2,17,13,14,4
142328,Lewis-Clark State College,ID,Idaho,"Degree-granting, primarily baccalaureate or above",2019,6982,516,51232864,48008622,25,48,0,20,4,1,4,48,1,2,18,12,14,4
142328,Lewis-Clark State College,ID,Idaho,"Degree-granting, primarily baccalaureate or above",2020,6982,482,56541860,47310315,22,44,0,20,10,1,3,46,1,2,17,12,13,9
142328,Lewis-Clark State College,ID,Idaho,"Degree-granting, primarily baccalaureate or above",2021,6982,464,55244675,45437682,22,44,0,21,4,0,9,45,1,1,16,11,16,10
142328,Lewis-Clark State College,ID,Idaho,"Degree-granting, primarily baccalaureate or above",2022,6999,496,78142063,48972171,18,34,0,25,3,0,20,40,1,1,15,10,15,18
142285,University of Idaho,ID,Idaho,"Degree-granting, primarily baccalaureate or above",2015,7020,1588,357258831,333790190,25,35,0,25,7,1,7,35,25,11,5,7,11,6
142285,University of Idaho,ID,Idaho,"Degree-granting, primarily baccalaureate or above",2016,7232,1660,372047828,345285644,24,35,0,24,7,2,9,31,22,10,5,6,11,16
142285,University of Idaho,ID,Idaho,"Degree-granting, primarily baccalaureate or above",2017,7488,1537,379327931,367999345,23,37,0,24,7,0,9,31,22,10,5,7,11,14
142285,University of Idaho,ID,Idaho,"Degree-granting, primarily baccalaureate or above",2018,7864,1434,384302678,397841633,25,38,0,23,7,0,8,32,21,10,5,7,11,14
142285,University of Idaho,ID,Idaho,"Degree-granting, primarily baccalaureate or above",2019,8304,1475,393761741,406767331,25,38,0,22,6,1,7,32,19,10,6,6,12,14
142285,University of Idaho,ID,Idaho,"Degree-granting, primarily baccalaureate or above",2020,8304,1425,402051777,393748251,24,37,0,23,6,1,9,31,20,10,6,6,11,15
142285,University of Idaho,ID,Idaho,"Degree-granting, primarily baccalaureate or above",2021,8340,1656,401933741,373088716,23,36,0,25,6,1,8,31,19,11,6,5,10,17
142285,University of Idaho,ID,Idaho,"Degree-granting, primarily baccalaureate or above",2022,8396,1951,420348513,409888948,22,37,0,29,7,-6,12,26,19,12,7,5,12,18
144005,Chicago State University,IL,Illinois,"Degree-granting, primarily baccalaureate or above",2015,9994,199,150927344,131608127,18,25,0,17,0,0,39,49,2,1,13,10,16,9
144005,Chicago State University,IL,Illinois,"Degree-granting, primarily baccalaureate or above",2016,10252,295,114072026,119131594,23,19,0,20,0,0,38,49,3,2,13,9,14,9
144005,Chicago State University,IL,Illinois,"Degree-granting, primarily baccalaureate or above",2017,10252,131,104695081,115736959,21,14,0,19,0,0,46,56,2,3,8,6,17,7
144005,Chicago State University,IL,Illinois,"Degree-granting, primarily baccalaureate or above",2018,10163,157,137639236,113000860,15,42,0,15,0,0,27,50,2,4,10,7,19,8
144005,Chicago State University,IL,Illinois,"Degree-granting, primarily baccalaureate or above",2019,11366,191,100047603,96718160,20,35,0,17,0,1,28,52,2,4,9,7,20,6
144005,Chicago State University,IL,Illinois,"Degree-granting, primarily baccalaureate or above",2020,11204,163,101620567,99993327,17,36,0,18,0,0,29,51,1,3,9,7,20,8
144005,Chicago State University,IL,Illinois,"Degree-granting, primarily baccalaureate or above",2021,11366,168,123296323,114089632,11,31,0,17,1,0,40,54,1,3,9,6,19,8
144005,Chicago State University,IL,Illinois,"Degree-granting, primarily baccalaureate or above",2022,12018,173,125860145,106364733,14,32,0,20,2,0,33,51,2,2,7,7,20,11
144892,Eastern Illinois University,IL,Illinois,"Degree-granting, primarily baccalaureate or above",2015,11312,1143,208969171,196116721,26,21,0,12,1,0,40,58,1,3,10,14,10,6
144892,Eastern Illinois University,IL,Illinois,"Degree-granting, primarily baccalaureate or above",2016,11580,772,164476943,173700852,32,8,0,12,2,0,46,62,1,3,10,13,9,2
144892,Eastern Illinois University,IL,Illinois,"Degree-granting, primarily baccalaureate or above",2017,11678,662,182347940,176066520,25,17,0,9,2,0,46,65,1,3,10,13,7,2
144892,Eastern Illinois University,IL,Illinois,"Degree-granting, primarily baccalaureate or above",2018,11803,798,189713911,173221681,13,29,0,15,2,0,40,61,1,3,10,13,7,6
144892,Eastern Illinois University,IL,Illinois,"Degree-granting, primarily baccalaureate or above",2019,11989,925,137014857,126758177,24,29,0,16,3,1,28,49,1,4,10,15,6,16
144892,Eastern Illinois University,IL,Illinois,"Degree-granting, primarily baccalaureate or above",2020,12136,902,148189670,131732947,20,28,0,17,2,1,32,46,1,4,9,13,5,23
144892,Eastern Illinois University,IL,Illinois,"Degree-granting, primarily baccalaureate or above",2021,12562,778,179241603,161876878,15,23,0,19,2,1,40,34,0,3,6,10,4,42
144892,Eastern Illinois University,IL,Illinois,"Degree-granting, primarily baccalaureate or above",2022,13101,876,177227464,147597062,16,25,0,22,3,1,34,44,1,4,8,13,6,24
145336,Governors State University,IL,Illinois,"Degree-granting, primarily baccalaureate or above",2015,10246,203,119291582,120837481,29,20,0,14,0,0,36,53,1,12,3,7,17,8
145336,Governors State University,IL,Illinois,"Degree-granting, primarily baccalaureate or above",2016,10516,218,107276042,117888665,37,7,0,13,0,0,44,54,1,13,3,7,16,6
145336,Governors State University,IL,Illinois,"Degree-granting, primarily baccalaureate or above",2017,11746,199,117474897,119153164,34,11,0,17,0,0,38,47,1,12,2,6,14,18
145336,Governors State University,IL,Illinois,"Degree-granting, primarily baccalaureate or above",2018,12196,203,133145314,114552513,27,25,0,17,0,0,31,49,1,5,3,7,16,19
145336,Governors State University,IL,Illinois,"Degree-granting, primarily baccalaureate or above",2019,10070,232,105188983,94465013,32,21,0,19,0,1,26,46,1,5,3,7,15,23
145336,Governors State University,IL,Illinois,"Degree-granting, primarily baccalaureate or above",2020,10108,213,105927902,97803332,33,22,0,20,0,1,24,45,1,4,3,8,15,24
145336,Governors State University,IL,Illinois,"Degree-granting, primarily baccalaureate or above",2021,10108,194,130892803,125193718,26,18,0,21,0,0,36,55,1,5,7,9,14,9
145336,Governors State University,IL,Illinois,"Degree-granting, primarily baccalaureate or above",2022,10468,316,124743738,122850271,27,20,0,25,0,0,28,48,1,5,12,11,15,9
145813,Illinois State University,IL,Illinois,"Degree-granting, primarily baccalaureate or above",2015,13666,3630,497645265,462176819,39,16,0,7,1,1,37,41,5,4,7,14,15,14
145813,Illinois State University,IL,Illinois,"Degree-granting, primarily baccalaureate or above",2016,14061,3694,474756046,471161945,43,6,0,8,1,1,42,41,6,4,7,14,15,13
145813,Illinois State University,IL,Illinois,"Degree-granting, primarily baccalaureate or above",2017,14061,3352,513921874,515343428,43,9,0,7,1,0,40,59,3,3,5,9,10,11
145813,Illinois State University,IL,Illinois,"Degree-granting, primarily baccalaureate or above",2018,14516,3689,576457459,535621997,35,17,0,12,1,0,35,37,3,3,5,7,9,36
145813,Illinois State University,IL,Illinois,"Degree-granting, primarily baccalaureate or above",2019,14832,3860,472216746,445638469,42,14,0,16,1,2,24,35,6,4,6,13,13,23
145813,Illinois State University,IL,Illinois,"Degree-granting, primarily baccalaureate or above",2020,15319,3353,505473646,476878149,41,14,0,18,1,2,25,32,6,3,6,11,13,29
145813,Illinois State University,IL,Illinois,"Degree-granting, primarily baccalaureate or above",2021,15319,3374,623632395,583413743,35,11,0,19,1,0,35,27,5,3,5,10,10,41
145813,Illinois State University,IL,Illinois,"Degree-granting, primarily baccalaureate or above",2022,15170,3983,582409766,548254764,36,13,0,22,1,0,29,29,5,3,6,11,11,35
147776,Northeastern Illinois University,IL,Illinois,"Degree-granting, primarily baccalaureate or above",2015,9351,749,190946540,182076959,24,19,0,23,0,0,33,54,1,10,7,11,12,5
147776,Northeastern Illinois University,IL,Illinois,"Degree-granting, primarily baccalaureate or above",2016,10138,801,166792115,183388380,30,6,0,24,1,0,39,55,1,12,6,10,11,5
147776,Northeastern Illinois University,IL,Illinois,"Degree-granting, primarily baccalaureate or above",2017,10736,830,186778728,191856644,27,10,0,21,1,0,41,56,1,11,7,10,12,4
147776,Northeastern Illinois University,IL,Illinois,"Degree-granting, primarily baccalaureate or above",2018,11218,451,227405221,190975880,23,22,0,24,1,0,30,57,1,11,6,9,12,5
147776,Northeastern Illinois University,IL,Illinois,"Degree-granting, primarily baccalaureate or above",2019,11462,452,170121592,162610935,28,20,0,25,0,1,26,52,1,10,6,8,12,10
147776,Northeastern Illinois University,IL,Illinois,"Degree-granting, primarily baccalaureate or above",2020,11827,378,177410200,170100739,26,20,0,25,0,0,28,53,1,8,6,8,12,12
147776,Northeastern Illinois University,IL,Illinois,"Degree-granting, primarily baccalaureate or above",2021,12064,330,206776437,184660815,22,17,0,25,0,0,35,56,1,6,6,7,14,10
147776,Northeastern Illinois University,IL,Illinois,"Degree-granting, primarily baccalaureate or above",2022,12101,516,181417628,176142304,22,21,0,28,0,0,29,53,1,4,6,8,15,13
147703,Northern Illinois University,IL,Illinois,"Degree-granting, primarily baccalaureate or above",2015,14295,2259,491411156,453151207,27,48,0,16,1,0,8,52,5,8,12,6,10,8
147703,Northern Illinois University,IL,Illinois,"Degree-granting, primarily baccalaureate or above",2016,18120,1802,433140405,459111922,34,6,0,16,1,0,44,51,6,7,11,6,12,8
147703,Northern Illinois University,IL,Illinois,"Degree-granting, primarily baccalaureate or above",2017,18268,1852,464977687,463544810,27,10,0,13,1,0,48,50,4,6,10,8,14,8
147703,Northern Illinois University,IL,Illinois,"Degree-granting, primarily baccalaureate or above",2018,14617,1856,557016439,489823415,19,22,0,17,1,0,41,48,4,6,10,7,14,10
147703,Northern Illinois University,IL,Illinois,"Degree-granting, primarily baccalaureate or above",2019,12390,1897,406474949,416755389,29,21,0,18,2,1,30,48,5,7,10,7,16,8
147703,Northern Illinois University,IL,Illinois,"Degree-granting, primarily baccalaureate or above",2020,12352,2047,431025692,433958501,27,20,0,21,1,1,30,48,5,6,10,6,14,11
147703,Northern Illinois University,IL,Illinois,"Degree-granting, primarily baccalaureate or above",2021,12478,2285,512610268,470907384,21,17,0,21,1,0,39,50,5,6,10,6,14,10
147703,Northern Illinois University,IL,Illinois,"Degree-granting, primarily baccalaureate or above",2022,12662,2440,486360864,466516854,20,19,0,26,1,0,33,46,5,6,10,5,15,13
149222,Southern Illinois University-Carbondale,IL,Illinois,"Degree-granting, primarily baccalaureate or above",2015,13137,2177,685301669,722932998,21,21,0,13,3,0,42,35,8,7,31,9,8,4
149222,Southern Illinois University-Carbondale,IL,Illinois,"Degree-granting, primarily baccalaureate or above",2016,13481,1611,613864899,728240228,23,7,0,12,4,0,54,35,7,7,33,9,7,4
149222,Southern Illinois University-Carbondale,IL,Illinois,"Degree-granting, primarily baccalaureate or above",2017,13932,1395,666915894,760410836,20,11,0,10,4,0,55,34,6,5,34,8,9,4
149222,Southern Illinois University-Carbondale,IL,Illinois,"Degree-granting, primarily baccalaureate or above",2018,14704,1133,792935155,735621700,16,24,0,11,3,0,46,33,6,6,36,8,7,3
149222,Southern Illinois University-Carbondale,IL,Illinois,"Degree-granting, primarily baccalaureate or above",2019,14904,1037,583573034,612127287,20,22,0,12,4,1,41,32,6,7,37,9,6,1
149222,Southern Illinois University-Carbondale,IL,Illinois,"Degree-granting, primarily baccalaureate or above",2020,15104,1361,626980950,652537271,17,21,0,13,4,1,43,30,6,7,39,9,6,4
149222,Southern Illinois University-Carbondale,IL,Illinois,"Degree-granting, primarily baccalaureate or above",2021,15240,1422,748571105,782411338,13,18,0,11,4,0,54,28,6,7,40,8,7,3
149222,Southern Illinois University-Carbondale,IL,Illinois,"Degree-granting, primarily baccalaureate or above",2022,15416,1518,724492319,750341950,14,19,0,14,4,-1,49,27,6,8,41,9,7,3
149231,Southern Illinois University-Edwardsville,IL,Illinois,"Degree-granting, primarily baccalaureate or above",2015,10247,2096,333037019,314901401,30,18,0,14,2,0,36,50,3,8,8,11,11,8
149231,Southern Illinois University-Edwardsville,IL,Illinois,"Degree-granting, primarily baccalaureate or above",2016,11008,1935,292733505,312730478,37,6,0,15,2,0,40,52,3,8,8,11,10,8
149231,Southern Illinois University-Edwardsville,IL,Illinois,"Degree-granting, primarily baccalaureate or above",2017,11493,1797,343133305,334644926,32,9,0,13,2,0,43,51,3,8,7,11,11,8
149231,Southern Illinois University-Edwardsville,IL,Illinois,"Degree-granting, primarily baccalaureate or above",2018,12132,1706,397580269,345091830,27,20,0,15,2,0,35,52,3,7,7,12,10,8
149231,Southern Illinois University-Edwardsville,IL,Illinois,"Degree-granting, primarily baccalaureate or above",2019,12219,1667,317256330,303181482,35,17,0,16,2,2,27,50,3,8,8,10,10,11
149231,Southern Illinois University-Edwardsville,IL,Illinois,"Degree-granting, primarily baccalaureate or above",2020,12219,1554,332476384,319352472,34,18,0,17,2,2,28,50,3,6,8,12,9,12
149231,Southern Illinois University-Edwardsville,IL,Illinois,"Degree-granting, primarily baccalaureate or above",2021,12219,1992,395727245,395778434,29,15,0,18,1,0,37,50,2,7,8,13,10,10
149231,Southern Illinois University-Edwardsville,IL,Illinois,"Degree-granting, primarily baccalaureate or above",2022,12558,1866,385930345,380546022,31,16,0,21,2,0,30,48,2,7,8,13,9,13
145600,University of Illinois Chicago,IL,Illinois,"Degree-granting, primarily baccalaureate or above",2015,13664,3485,1957008049,1709472906,18,11,0,17,4,1,50,44,16,16,12,4,4,4
145600,University of Illinois Chicago,IL,Illinois,"Degree-granting, primarily baccalaureate or above",2016,13664,3307,1914093751,1756311579,19,4,0,17,4,1,57,46,16,14,11,4,4,4
145600,University of Illinois Chicago,IL,Illinois,"Degree-granting, primarily baccalaureate or above",2017,13704,4051,2190033398,1887319327,17,5,0,15,4,0,59,47,16,14,12,4,4,5
145600,University of Illinois Chicago,IL,Illinois,"Degree-granting, primarily baccalaureate or above",2018,13764,4159,2547264117,1945652038,15,13,0,15,3,0,53,48,15,13,12,4,4,4
145600,University of Illinois Chicago,IL,Illinois,"Degree-granting, primarily baccalaureate or above",2019,13874,4407,2071306683,1732269125,18,11,0,18,3,2,47,49,17,13,12,4,4,0
145600,University of Illinois Chicago,IL,Illinois,"Degree-granting, primarily baccalaureate or above",2020,14098,3541,2331854933,1884186413,17,10,0,19,4,2,49,48,18,13,11,4,5,0
145600,University of Illinois Chicago,IL,Illinois,"Degree-granting, primarily baccalaureate or above",2021,14126,4177,2925247925,2184845031,14,8,0,20,3,0,55,48,17,14,12,4,5,1
145600,University of Illinois Chicago,IL,Illinois,"Degree-granting, primarily baccalaureate or above",2022,14046,4244,2608165996,2078842326,16,9,0,22,4,0,49,47,18,14,11,4,5,2
148654,University of Illinois Springfield,IL,Illinois,"Degree-granting, primarily baccalaureate or above",2015,11413,268,107008387,99061639,32,18,0,14,3,0,33,42,2,13,14,11,13,4
148654,University of Illinois Springfield,IL,Illinois,"Degree-granting, primarily baccalaureate or above",2016,11413,300,97848957,102396154,40,6,0,12,3,0,39,43,2,11,15,11,14,4
148654,University of Illinois Springfield,IL,Illinois,"Degree-granting, primarily baccalaureate or above",2017,11413,278,109603316,110267308,36,10,0,11,3,0,41,43,2,10,14,11,14,5
148654,University of Illinois Springfield,IL,Illinois,"Degree-granting, primarily baccalaureate or above",2018,11813,316,120871904,110744023,24,23,0,14,3,0,37,45,2,11,14,12,13,3
148654,University of Illinois Springfield,IL,Illinois,"Degree-granting, primarily baccalaureate or above",2019,11813,373,92097662,97491207,26,21,0,15,5,1,32,42,2,13,15,14,12,2
148654,University of Illinois Springfield,IL,Illinois,"Degree-granting, primarily baccalaureate or above",2020,11911,298,94210387,95923298,23,21,0,20,4,1,31,40,3,13,15,13,12,3
148654,University of Illinois Springfield,IL,Illinois,"Degree-granting, primarily baccalaureate or above",2021,11911,264,111834942,113440671,19,20,0,19,3,0,40,35,4,9,21,13,15,3
148654,University of Illinois Springfield,IL,Illinois,"Degree-granting, primarily baccalaureate or above",2022,12077,245,106937691,104270067,19,19,0,27,3,0,32,32,5,10,22,13,14,5
145637,University of Illinois Urbana-Champaign,IL,Illinois,"Degree-granting, primarily baccalaureate or above",2015,15054,7562,2373830476,2257275682,30,11,0,22,10,1,26,31,24,11,15,6,3,9
145637,University of Illinois Urbana-Champaign,IL,Illinois,"Degree-granting, primarily baccalaureate or above",2016,15058,7592,2268228872,2285035594,33,3,0,22,9,1,32,32,23,11,15,6,4,9
145637,University of Illinois Urbana-Champaign,IL,Illinois,"Degree-granting, primarily baccalaureate or above",2017,15074,7518,2583207635,2433824914,30,6,0,21,9,1,33,32,23,10,16,7,3,9
145637,University of Illinois Urbana-Champaign,IL,Illinois,"Degree-granting, primarily baccalaureate or above",2018,15094,7609,2873532493,2500245599,27,13,0,20,8,1,30,33,21,10,17,7,4,8
145637,University of Illinois Urbana-Champaign,IL,Illinois,"Degree-granting, primarily baccalaureate or above",2019,15122,7665,2559993904,2276947638,31,10,0,23,9,2,24,34,27,9,17,7,4,2
145637,University of Illinois Urbana-Champaign,IL,Illinois,"Degree-granting, primarily baccalaureate or above",2020,15150,7529,2685286703,2430290733,31,10,0,24,9,3,24,34,26,9,16,7,4,3
145637,University of Illinois Urbana-Champaign,IL,Illinois,"Degree-granting, primarily baccalaureate or above",2021,15442,8297,3142391134,2837127641,26,8,0,22,9,1,34,34,25,8,18,7,4,4
145637,University of Illinois Urbana-Champaign,IL,Illinois,"Degree-granting, primarily baccalaureate or above",2022,15714,7957,2987184362,2701885360,30,10,0,26,9,1,24,33,27,8,17,7,4,4
149772,Western Illinois University,IL,Illinois,"Degree-granting, primarily baccalaureate or above",2015,12889,1535,270880194,249659432,28,19,0,16,1,0,37,50,2,7,12,14,10,5
149772,Western Illinois University,IL,Illinois,"Degree-granting, primarily baccalaureate or above",2016,12655,1527,222085011,242364158,33,7,0,15,1,0,44,51,3,6,12,13,10,5
149772,Western Illinois University,IL,Illinois,"Degree-granting, primarily baccalaureate or above",2017,12897,1206,253318125,242901200,27,12,0,16,1,0,44,52,3,7,12,13,10,4
149772,Western Illinois University,IL,Illinois,"Degree-granting, primarily baccalaureate or above",2018,12951,934,280658942,235532456,21,24,0,18,1,0,36,51,3,7,11,13,10,5
149772,Western Illinois University,IL,Illinois,"Degree-granting, primarily baccalaureate or above",2019,13256,895,199951330,194248731,26,24,0,19,1,1,29,49,3,8,11,13,11,6
149772,Western Illinois University,IL,Illinois,"Degree-granting, primarily baccalaureate or above",2020,13314,1064,198321078,186033272,22,25,0,21,1,0,30,48,3,8,10,12,10,9
149772,Western Illinois University,IL,Illinois,"Degree-granting, primarily baccalaureate or above",2021,13669,920,231599785,217581382,17,21,0,22,1,0,38,47,3,7,10,12,11,9
149772,Western Illinois University,IL,Illinois,"Degree-granting, primarily baccalaureate or above",2022,14406,1074,228954671,212731953,19,23,0,27,1,0,30,42,3,7,10,13,12,13
150136,Ball State University,IN,Indiana,"Degree-granting, primarily baccalaureate or above",2015,9498,3503,425543872,386148841,38,30,0,13,3,1,16,48,2,4,15,5,21,4
150136,Ball State University,IN,Indiana,"Degree-granting, primarily baccalaureate or above",2016,9654,3877,433998960,400196773,38,30,0,13,3,1,15,53,3,4,15,6,15,4
150136,Ball State University,IN,Indiana,"Degree-granting, primarily baccalaureate or above",2017,9774,3985,434630025,406220066,39,31,0,14,3,0,13,53,3,4,15,5,16,4
150136,Ball State University,IN,Indiana,"Degree-granting, primarily baccalaureate or above",2018,9896,3683,455176821,392801972,38,30,0,15,3,1,14,54,3,3,16,5,14,4
150136,Ball State University,IN,Indiana,"Degree-granting, primarily baccalaureate or above",2019,10020,4072,475960814,419502996,35,29,0,14,5,4,13,52,3,3,15,6,15,6
150136,Ball State University,IN,Indiana,"Degree-granting, primarily baccalaureate or above",2020,10144,3567,492460100,399500424,35,28,0,15,4,4,14,51,3,5,15,5,15,7
150136,Ball State University,IN,Indiana,"Degree-granting, primarily baccalaureate or above",2021,10290,3278,468595672,395586689,34,28,0,20,3,1,14,49,3,3,14,5,17,9
150136,Ball State University,IN,Indiana,"Degree-granting, primarily baccalaureate or above",2022,10440,3477,451675042,400413823,34,31,0,24,3,-8,16,47,3,3,13,6,23,4
151324,Indiana State University,IN,Indiana,"Degree-granting, primarily baccalaureate or above",2015,8580,2784,221502730,178243020,32,35,0,21,1,0,10,49,6,2,15,9,13,6
151324,Indiana State University,IN,Indiana,"Degree-granting, primarily baccalaureate or above",2016,8746,2448,222907000,193205000,32,34,0,23,2,3,7,47,6,2,13,9,16,6
151324,Indiana State University,IN,Indiana,"Degree-granting, primarily baccalaureate or above",2017,8916,2688,211798000,188190000,33,36,0,23,2,0,6,48,5,2,15,10,13,7
151324,Indiana State University,IN,Indiana,"Degree-granting, primarily baccalaureate or above",2018,9090,2402,219552000,185858000,31,36,0,24,2,0,7,49,6,2,15,10,13,6
151324,Indiana State University,IN,Indiana,"Degree-granting, primarily baccalaureate or above",2019,9236,1893,232309000,181899000,28,35,0,21,2,4,9,49,6,3,16,9,14,3
151324,Indiana State University,IN,Indiana,"Degree-granting, primarily baccalaureate or above",2020,9466,1775,226203000,177530000,27,37,0,23,2,6,5,50,6,3,15,9,13,5
151324,Indiana State University,IN,Indiana,"Degree-granting, primarily baccalaureate or above",2021,9598,1434,210736000,175723000,27,40,0,26,3,1,3,50,5,2,14,8,13,7
151324,Indiana State University,IN,Indiana,"Degree-granting, primarily baccalaureate or above",2022,9732,1535,199002449,190012341,25,42,0,31,3,-7,5,43,7,1,12,8,12,17
151351,Indiana University-Bloomington,IN,Indiana,"Degree-granting, primarily baccalaureate or above",2015,10388,7875,1261523143,1161055055,56,17,0,12,8,1,7,50,8,4,16,5,10,7
151351,Indiana University-Bloomington,IN,Indiana,"Degree-granting, primarily baccalaureate or above",2016,10388,7673,1280152393,1207513937,57,17,0,11,7,2,6,51,8,3,16,5,10,7
151351,Indiana University-Bloomington,IN,Indiana,"Degree-granting, primarily baccalaureate or above",2017,10533,8001,1358742984,1241760392,55,16,0,11,8,4,6,51,8,4,16,5,10,7
151351,Indiana University-Bloomington,IN,Indiana,"Degree-granting, primarily baccalaureate or above",2018,10681,8097,1363320349,1232887135,56,17,0,11,8,2,6,52,8,3,16,5,6,8
151351,Indiana University-Bloomington,IN,Indiana,"Degree-granting, primarily baccalaureate or above",2019,10947,8291,1399200766,1396338331,53,16,0,11,8,5,6,48,9,3,15,5,12,9
151351,Indiana University-Bloomington,IN,Indiana,"Degree-granting, primarily baccalaureate or above",2020,11221,7928,1463333967,1478035377,53,16,0,12,9,4,6,47,9,3,15,5,12,9
151351,Indiana University-Bloomington,IN,Indiana,"Degree-granting, primarily baccalaureate or above",2021,11333,9482,1623611158,1419118939,49,14,0,13,7,13,4,45,10,2,14,4,13,10
151351,Indiana University-Bloomington,IN,Indiana,"Degree-granting, primarily baccalaureate or above",2022,11447,9736,1572928575,1525333881,55,15,0,15,16,-6,5,45,10,3,14,4,12,11
151388,Indiana University-East,IN,Indiana,"Degree-granting, primarily baccalaureate or above",2015,6930,354,40700263,33671178,43,25,0,24,1,0,6,49,0,12,11,11,8,9
151388,Indiana University-East,IN,Indiana,"Degree-granting, primarily baccalaureate or above",2016,7073,365,41916462,33961679,46,26,0,23,2,0,3,50,0,11,10,12,8,8
151388,Indiana University-East,IN,Indiana,"Degree-granting, primarily baccalaureate or above",2017,7207,396,42728088,34800262,48,27,0,18,3,1,3,52,0,9,10,13,9,7
151388,Indiana University-East,IN,Indiana,"Degree-granting, primarily baccalaureate or above",2018,7344,455,41336103,36175046,50,30,0,16,1,1,3,56,0,1,12,13,9,8
151388,Indiana University-East,IN,Indiana,"Degree-granting, primarily baccalaureate or above",2019,7527,451,43557295,35107519,52,28,0,14,1,2,2,56,2,1,8,14,8,11
151388,Indiana University-East,IN,Indiana,"Degree-granting, primarily baccalaureate or above",2020,7715,385,46091818,36596001,49,31,0,15,1,3,2,54,2,0,10,14,8,12
151388,Indiana University-East,IN,Indiana,"Degree-granting, primarily baccalaureate or above",2021,7827,329,48736001,34266704,40,28,0,19,1,8,5,56,2,0,9,14,8,10
151388,Indiana University-East,IN,Indiana,"Degree-granting, primarily baccalaureate or above",2022,7941,349,42131637,36954541,45,33,0,24,1,-6,2,53,2,0,9,14,6,16
151333,Indiana University-Kokomo,IN,Indiana,"Degree-granting, primarily baccalaureate or above",2015,6941,594,35272467,30451944,39,39,0,17,2,1,3,52,1,0,17,13,8,8
151333,Indiana University-Kokomo,IN,Indiana,"Degree-granting, primarily baccalaureate or above",2016,7073,507,36895541,30264616,40,38,0,16,2,1,4,53,1,1,17,14,8,8
151333,Indiana University-Kokomo,IN,Indiana,"Degree-granting, primarily baccalaureate or above",2017,7207,605,38463234,32702671,42,37,0,14,2,1,3,52,1,1,17,14,8,7
151333,Indiana University-Kokomo,IN,Indiana,"Degree-granting, primarily baccalaureate or above",2018,7344,639,40151589,34366802,44,37,0,14,2,1,3,53,0,1,17,14,8,8
151333,Indiana University-Kokomo,IN,Indiana,"Degree-granting, primarily baccalaureate or above",2019,7527,637,44081646,35148033,44,36,0,13,1,2,4,54,3,1,12,13,7,11
151333,Indiana University-Kokomo,IN,Indiana,"Degree-granting, primarily baccalaureate or above",2020,7715,629,46904727,37048316,42,37,0,14,2,2,3,53,3,1,11,13,7,12
151333,Indiana University-Kokomo,IN,Indiana,"Degree-granting, primarily baccalaureate or above",2021,7827,587,50864562,35794567,37,32,0,19,2,7,3,53,3,1,10,13,7,13
151333,Indiana University-Kokomo,IN,Indiana,"Degree-granting, primarily baccalaureate or above",2022,7941,517,45476501,38233696,39,35,0,25,2,-4,3,51,3,1,9,13,5,17
151360,Indiana University-Northwest,IN,Indiana,"Degree-granting, primarily baccalaureate or above",2015,6963,652,60668658,47860246,37,39,0,15,1,1,7,56,1,1,16,9,9,8
151360,Indiana University-Northwest,IN,Indiana,"Degree-granting, primarily baccalaureate or above",2016,7073,600,53621458,44239930,40,38,0,15,1,1,4,56,1,1,16,9,8,8
151360,Indiana University-Northwest,IN,Indiana,"Degree-granting, primarily baccalaureate or above",2017,7207,606,53794799,46926742,42,38,0,14,1,1,3,59,1,1,15,9,8,7
151360,Indiana University-Northwest,IN,Indiana,"Degree-granting, primarily baccalaureate or above",2018,7344,674,57999919,50154665,40,40,0,14,1,1,5,61,0,1,15,7,8,8
151360,Indiana University-Northwest,IN,Indiana,"Degree-granting, primarily baccalaureate or above",2019,7527,686,61495009,51093315,38,37,0,13,1,2,9,58,5,1,11,7,8,9
151360,Indiana University-Northwest,IN,Indiana,"Degree-granting, primarily baccalaureate or above",2020,7715,663,64667630,51942839,35,36,0,15,1,2,10,57,5,1,11,7,8,11
151360,Indiana University-Northwest,IN,Indiana,"Degree-granting, primarily baccalaureate or above",2021,7827,482,64293603,47622061,33,35,0,20,1,7,4,57,5,1,11,8,9,9
151360,Indiana University-Northwest,IN,Indiana,"Degree-granting, primarily baccalaureate or above",2022,7941,420,61444443,50633274,33,38,0,27,1,-4,5,53,5,2,11,8,7,16
151111,Indiana University-Purdue University-Indianapolis,IN,Indiana,"Degree-granting, primarily baccalaureate or above",2015,9056,3929,1175991578,1031340832,26,19,0,20,12,1,22,42,17,9,23,4,2,3
151111,Indiana University-Purdue University-Indianapolis,IN,Indiana,"Degree-granting, primarily baccalaureate or above",2016,9205,4003,1208064201,1075279807,26,20,0,20,13,1,21,41,18,8,23,4,2,3
151111,Indiana University-Purdue University-Indianapolis,IN,Indiana,"Degree-granting, primarily baccalaureate or above",2017,9334,4093,1266528519,1136946676,25,19,0,19,12,2,22,41,18,9,24,4,2,3
151111,Indiana University-Purdue University-Indianapolis,IN,Indiana,"Degree-granting, primarily baccalaureate or above",2018,9465,4103,1319418527,1214866330,25,19,0,20,12,1,23,40,18,8,24,4,3,4
151111,Indiana University-Purdue University-Indianapolis,IN,Indiana,"Degree-granting, primarily baccalaureate or above",2019,9701,4295,1391492924,1206263092,24,18,0,21,12,3,21,44,18,7,21,3,2,5
151111,Indiana University-Purdue University-Indianapolis,IN,Indiana,"Degree-granting, primarily baccalaureate or above",2020,9944,3811,1616454066,1264102602,21,16,0,21,12,2,28,42,18,7,21,3,2,6
151111,Indiana University-Purdue University-Indianapolis,IN,Indiana,"Degree-granting, primarily baccalaureate or above",2021,10044,3496,1548215425,1197351578,21,16,0,23,11,9,20,42,18,7,21,3,2,6
151111,Indiana University-Purdue University-Indianapolis,IN,Indiana,"Degree-granting, primarily baccalaureate or above",2022,10144,3523,1760807254,1282499861,18,14,0,22,34,-6,17,42,19,6,22,3,2,6
151342,Indiana University-South Bend,IN,Indiana,"Degree-granting, primarily baccalaureate or above",2015,6986,906,77673559,63313029,36,34,0,16,2,0,12,60,2,0,14,10,5,9
151342,Indiana University-South Bend,IN,Indiana,"Degree-granting, primarily baccalaureate or above",2016,7073,913,72443493,62124736,40,36,0,16,3,1,4,59,1,1,15,10,5,8
151342,Indiana University-South Bend,IN,Indiana,"Degree-granting, primarily baccalaureate or above",2017,7207,982,76397612,63963450,40,35,0,13,3,2,7,60,1,1,15,11,5,7
151342,Indiana University-South Bend,IN,Indiana,"Degree-granting, primarily baccalaureate or above",2018,7344,929,74967236,61738011,40,36,0,14,3,1,7,61,1,1,14,8,6,9
151342,Indiana University-South Bend,IN,Indiana,"Degree-granting, primarily baccalaureate or above",2019,7527,854,75595748,63911525,40,37,0,14,2,3,4,60,5,1,11,7,6,10
151342,Indiana University-South Bend,IN,Indiana,"Degree-granting, primarily baccalaureate or above",2020,7715,805,77616063,66009491,38,36,0,17,3,2,4,58,5,1,11,7,6,12
151342,Indiana University-South Bend,IN,Indiana,"Degree-granting, primarily baccalaureate or above",2021,7827,697,82416653,60618274,32,33,0,19,3,7,5,60,5,1,11,7,6,10
151342,Indiana University-South Bend,IN,Indiana,"Degree-granting, primarily baccalaureate or above",2022,7941,771,73157528,64145583,35,36,0,29,2,-5,2,56,5,1,10,7,5,16
151379,Indiana University-Southeast,IN,Indiana,"Degree-granting, primarily baccalaureate or above",2015,6949,926,66229783,53620006,38,33,0,15,2,0,12,61,0,0,16,8,6,8
151379,Indiana University-Southeast,IN,Indiana,"Degree-granting, primarily baccalaureate or above",2016,7073,935,61407799,53627745,43,35,0,15,2,1,4,61,0,0,17,8,7,7
151379,Indiana University-Southeast,IN,Indiana,"Degree-granting, primarily baccalaureate or above",2017,7207,927,61995226,54971186,44,35,0,13,2,1,4,62,0,0,16,9,7,6
151379,Indiana University-Southeast,IN,Indiana,"Degree-granting, primarily baccalaureate or above",2018,7344,1012,62105903,54744498,43,36,0,14,2,1,4,61,0,0,15,9,8,8
151379,Indiana University-Southeast,IN,Indiana,"Degree-granting, primarily baccalaureate or above",2019,7527,948,65608159,53589922,42,36,0,13,2,2,5,62,3,1,9,8,7,9
151379,Indiana University-Southeast,IN,Indiana,"Degree-granting, primarily baccalaureate or above",2020,7715,800,65187595,55649132,41,35,0,16,3,2,3,61,3,1,9,8,7,11
151379,Indiana University-Southeast,IN,Indiana,"Degree-granting, primarily baccalaureate or above",2021,7827,588,65594073,50497531,38,33,0,20,1,6,2,62,3,1,9,8,8,9
151379,Indiana University-Southeast,IN,Indiana,"Degree-granting, primarily baccalaureate or above",2022,7941,606,64666904,52280795,34,35,0,31,2,-4,2,59,3,1,8,8,6,15
151102,Purdue University Fort Wayne,IN,Indiana,"Degree-granting, primarily baccalaureate or above",2015,8080,1634,144701876,129139017,37,34,0,13,3,8,6,50,1,7,8,6,20,7
151102,Purdue University Fort Wayne,IN,Indiana,"Degree-granting, primarily baccalaureate or above",2016,8213,1600,151102591,133347245,34,38,0,11,2,0,14,44,1,9,9,7,24,6
151102,Purdue University Fort Wayne,IN,Indiana,"Degree-granting, primarily baccalaureate or above",2017,8330,1562,141901620,133650698,37,34,0,11,3,5,11,42,1,9,12,6,25,5
151102,Purdue University Fort Wayne,IN,Indiana,"Degree-granting, primarily baccalaureate or above",2018,8450,1553,128074681,128062534,38,38,0,12,2,4,5,36,1,14,11,6,23,7
151102,Purdue University Fort Wayne,IN,Indiana,"Degree-granting, primarily baccalaureate or above",2019,8589,1609,135716088,134405137,37,36,0,11,2,4,9,45,1,2,11,12,23,7
151102,Purdue University Fort Wayne,IN,Indiana,"Degree-granting, primarily baccalaureate or above",2020,8730,1388,125860351,132888598,40,38,0,12,1,2,6,44,1,2,11,12,23,7
151102,Purdue University Fort Wayne,IN,Indiana,"Degree-granting, primarily baccalaureate or above",2021,8857,1293,151466726,129837119,33,31,0,17,1,14,4,44,0,2,10,11,24,10
151102,Purdue University Fort Wayne,IN,Indiana,"Degree-granting, primarily baccalaureate or above",2022,8985,1210,144752702,137590941,34,35,0,20,1,0,10,39,1,2,10,12,22,15
490805,Purdue University Northwest,IN,Indiana,"Degree-granting, primarily baccalaureate or above",2017,7582,1125,145686688,145569777,45,32,0,13,2,3,4,56,2,1,5,12,18,5
490805,Purdue University Northwest,IN,Indiana,"Degree-granting, primarily baccalaureate or above",2018,7691,1172,155529488,144323235,41,31,0,13,4,2,9,56,3,2,5,8,20,6
490805,Purdue University Northwest,IN,Indiana,"Degree-granting, primarily baccalaureate or above",2019,7812,1235,153386970,148785826,40,34,0,13,4,3,6,48,2,3,8,12,21,5
490805,Purdue University Northwest,IN,Indiana,"Degree-granting, primarily baccalaureate or above",2020,7942,1099,143953813,144861392,39,36,0,15,2,3,5,49,3,2,9,12,19,6
490805,Purdue University Northwest,IN,Indiana,"Degree-granting, primarily baccalaureate or above",2021,8057,1067,161562578,132637899,34,32,0,20,1,9,4,46,3,3,9,12,18,10
490805,Purdue University Northwest,IN,Indiana,"Degree-granting, primarily baccalaureate or above",2022,8174,1292,153436019,149807051,32,34,0,26,4,1,4,41,4,4,7,12,17,14
243780,Purdue University-Main Campus,IN,Indiana,"Degree-granting, primarily baccalaureate or above",2015,10002,6942,1591276825,1381693913,39,19,1,16,13,3,10,45,19,10,11,3,9,4
243780,Purdue University-Main Campus,IN,Indiana,"Degree-granting, primarily baccalaureate or above",2016,10002,7399,1546786446,1512474690,42,20,1,17,12,-1,11,47,18,9,10,2,9,4
243780,Purdue University-Main Campus,IN,Indiana,"Degree-granting, primarily baccalaureate or above",2017,9992,7728,1754926754,1579236429,38,17,0,16,10,9,10,49,18,10,9,2,8,4
243780,Purdue University-Main Campus,IN,Indiana,"Degree-granting, primarily baccalaureate or above",2018,9992,8491,1767061392,1621991066,39,17,0,17,10,7,10,50,19,9,9,2,9,3
243780,Purdue University-Main Campus,IN,Indiana,"Degree-granting, primarily baccalaureate or above",2019,9992,8195,1991924286,1728058317,37,15,0,15,10,9,13,47,20,9,8,4,9,3
243780,Purdue University-Main Campus,IN,Indiana,"Degree-granting, primarily baccalaureate or above",2020,9992,8982,1906473062,1696905855,40,16,0,17,12,3,12,49,20,10,8,4,8,3
243780,Purdue University-Main Campus,IN,Indiana,"Degree-granting, primarily baccalaureate or above",2021,9992,10278,2710031641,1720055081,29,11,0,14,9,29,8,47,20,9,7,5,9,4
243780,Purdue University-Main Campus,IN,Indiana,"Degree-granting, primarily baccalaureate or above",2022,9992,9447,1985155346,1878793827,45,16,0,24,12,-10,13,46,20,9,7,3,9,4
151306,University of Southern Indiana,IN,Indiana,"Degree-granting, primarily baccalaureate or above",2015,7178,1690,131382824,116298634,35,42,0,17,3,1,3,48,0,3,14,9,20,6
151306,University of Southern Indiana,IN,Indiana,"Degree-granting, primarily baccalaureate or above",2016,7605,1685,141527885,121289921,32,42,0,16,3,1,7,48,0,3,15,9,18,6
151306,University of Southern Indiana,IN,Indiana,"Degree-granting, primarily baccalaureate or above",2017,7970,1714,138759153,124988385,33,39,0,17,3,0,8,48,0,3,14,10,19,6
151306,University of Southern Indiana,IN,Indiana,"Degree-granting, primarily baccalaureate or above",2018,8349,1644,155767521,127953704,31,35,0,16,3,0,14,49,0,3,13,10,19,7
151306,University of Southern Indiana,IN,Indiana,"Degree-granting, primarily baccalaureate or above",2019,8346,1585,148235642,132416749,34,39,0,17,4,2,4,47,0,2,13,11,19,7
151306,University of Southern Indiana,IN,Indiana,"Degree-granting, primarily baccalaureate or above",2020,8706,1286,149413848,130275735,35,40,0,18,4,2,3,47,0,2,13,10,20,7
151306,University of Southern Indiana,IN,Indiana,"Degree-granting, primarily baccalaureate or above",2021,8909,1327,156349351,101220941,33,39,0,23,3,0,2,58,0,3,16,13,26,-17
151306,University of Southern Indiana,IN,Indiana,"Degree-granting, primarily baccalaureate or above",2022,10210,1251,154579159,137013640,32,41,0,24,4,-4,3,43,0,3,12,13,20,8
155025,Emporia State University,KS,Kansas,"Degree-granting, primarily baccalaureate or above",2015,5936,735,81306181,75479560,43,38,0,12,2,0,4,48,0,3,18,11,10,10
155025,Emporia State University,KS,Kansas,"Degree-granting, primarily baccalaureate or above",2016,6179,665,80886394,72660800,44,37,0,12,3,0,4,48,1,3,17,10,10,10
155025,Emporia State University,KS,Kansas,"Degree-granting, primarily baccalaureate or above",2017,6345,606,83295616,76360932,43,37,0,11,2,0,7,48,1,4,17,10,10,9
155025,Emporia State University,KS,Kansas,"Degree-granting, primarily baccalaureate or above",2018,6758,658,80675881,85801314,43,38,0,12,3,0,4,43,1,4,16,9,8,18
155025,Emporia State University,KS,Kansas,"Degree-granting, primarily baccalaureate or above",2019,6797,680,88153804,77772700,41,36,0,11,4,1,8,48,1,5,18,10,10,9
155025,Emporia State University,KS,Kansas,"Degree-granting, primarily baccalaureate or above",2020,6971,565,88459237,79046490,39,38,0,14,4,1,5,47,1,5,17,9,10,11
155025,Emporia State University,KS,Kansas,"Degree-granting, primarily baccalaureate or above",2021,7001,481,99643432,78820236,33,33,0,25,5,0,4,47,1,5,17,11,10,9
155025,Emporia State University,KS,Kansas,"Degree-granting, primarily baccalaureate or above",2022,7001,537,87910385,76627029,36,40,0,17,3,0,5,48,1,4,18,9,11,11
155061,Fort Hays State University,KS,Kansas,"Degree-granting, primarily baccalaureate or above",2015,4654,962,113504786,106647714,44,29,0,16,0,0,11,45,0,5,15,10,9,16
155061,Fort Hays State University,KS,Kansas,"Degree-granting, primarily baccalaureate or above",2016,4884,984,118136433,110459285,45,27,0,17,0,0,10,39,1,4,14,9,7,25
155061,Fort Hays State University,KS,Kansas,"Degree-granting, primarily baccalaureate or above",2017,5009,1045,119391616,112979036,48,27,0,18,0,0,6,43,1,5,14,10,8,19
155061,Fort Hays State University,KS,Kansas,"Degree-granting, primarily baccalaureate or above",2018,5130,996,123457681,124050752,51,27,0,19,0,0,4,41,1,3,14,10,8,22
155061,Fort Hays State University,KS,Kansas,"Degree-granting, primarily baccalaureate or above",2019,5280,986,132916714,129509894,48,25,0,17,2,0,8,43,1,4,14,10,8,22
155061,Fort Hays State University,KS,Kansas,"Degree-granting, primarily baccalaureate or above",2020,5430,912,137902449,127376847,45,26,0,18,4,0,7,45,1,4,13,10,8,20
155061,Fort Hays State University,KS,Kansas,"Degree-granting, primarily baccalaureate or above",2021,5430,955,136977382,127866594,46,25,0,22,2,0,5,46,0,4,13,10,8,19
155061,Fort Hays State University,KS,Kansas,"Degree-granting, primarily baccalaureate or above",2022,5430,825,143854091,142121217,39,25,0,28,3,0,5,42,0,4,12,10,8,24
155140,Haskell Indian Nations University,KS,Kansas,"Degree-granting, not primarily baccalaureate or above",2015,480,177,26953891,26953891,1,0,0,40,0,0,59,25,0,0,12,29,20,13
155140,Haskell Indian Nations University,KS,Kansas,"Degree-granting, not primarily baccalaureate or above",2016,480,188,21912330,21912330,1,0,0,26,0,0,73,23,0,0,13,28,15,21
155140,Haskell Indian Nations University,KS,Kansas,"Degree-granting, not primarily baccalaureate or above",2017,480,171,23108588,23108588,1,0,0,24,0,0,75,24,0,0,12,22,17,25
155140,Haskell Indian Nations University,KS,Kansas,"Degree-granting, not primarily baccalaureate or above",2018,480,164,23878834,23878834,1,0,0,23,0,0,76,28,0,0,10,29,18,15
155140,Haskell Indian Nations University,KS,Kansas,"Degree-granting, not primarily baccalaureate or above",2019,480,181,25120571,25120571,1,0,0,22,0,0,77,26,0,0,10,32,18,14
155140,Haskell Indian Nations University,KS,Kansas,"Degree-granting, not primarily baccalaureate or above",2020,480,146,28723381,28723381,1,0,0,34,0,0,65,18,0,0,19,23,9,31
155140,Haskell Indian Nations University,KS,Kansas,"Degree-granting, not primarily baccalaureate or above",2021,480,167,38393917,38198525,1,0,0,48,0,0,51,15,0,0,31,26,8,20
155140,Haskell Indian Nations University,KS,Kansas,"Degree-granting, not primarily baccalaureate or above",2022,480,226,43733738,43563047,0,0,0,50,0,0,49,26,0,0,3,32,17,21
155399,Kansas State University,KS,Kansas,"Degree-granting, primarily baccalaureate or above",2015,9350,3624,787739828,725502837,29,21,1,17,11,0,22,34,24,12,8,12,6,4
155399,Kansas State University,KS,Kansas,"Degree-granting, primarily baccalaureate or above",2016,9874,3581,700728380,673836063,33,23,1,18,8,0,18,36,26,13,8,6,6,5
155399,Kansas State University,KS,Kansas,"Degree-granting, primarily baccalaureate or above",2017,10135,3350,708433342,686060840,33,22,1,18,8,0,17,37,27,13,8,5,6,5
155399,Kansas State University,KS,Kansas,"Degree-granting, primarily baccalaureate or above",2018,10383,3467,710642553,728912583,34,22,1,21,6,1,15,33,29,13,8,6,6,6
155399,Kansas State University,KS,Kansas,"Degree-granting, primarily baccalaureate or above",2019,10440,3202,766301689,739453535,30,21,1,21,6,1,21,32,29,13,8,6,7,5
155399,Kansas State University,KS,Kansas,"Degree-granting, primarily baccalaureate or above",2020,10466,2986,772530105,725863068,29,23,1,22,6,0,19,33,29,14,8,5,6,6
155399,Kansas State University,KS,Kansas,"Degree-granting, primarily baccalaureate or above",2021,10420,2848,747543835,696740775,27,23,1,27,5,1,16,32,28,14,9,4,7,6
155399,Kansas State University,KS,Kansas,"Degree-granting, primarily baccalaureate or above",2022,10448,2909,757264024,712726275,28,24,1,25,6,0,16,32,29,14,8,3,6,7
155681,Pittsburg State University,KS,Kansas,"Degree-granting, primarily baccalaureate or above",2015,6508,1059,111189389,93167461,32,32,0,12,2,0,21,50,3,3,13,12,11,9
155681,Pittsburg State University,KS,Kansas,"Degree-granting, primarily baccalaureate or above",2016,6910,1012,94451393,96625697,37,36,0,13,3,0,11,44,2,2,11,11,11,18
155681,Pittsburg State University,KS,Kansas,"Degree-granting, primarily baccalaureate or above",2017,7100,995,96434721,92203911,37,36,0,13,3,0,10,46,2,2,12,9,10,18
155681,Pittsburg State University,KS,Kansas,"Degree-granting, primarily baccalaureate or above",2018,7298,962,93841100,99131807,36,37,0,14,4,0,9,43,2,2,10,11,10,22
155681,Pittsburg State University,KS,Kansas,"Degree-granting, primarily baccalaureate or above",2019,7500,880,96679845,93292978,36,37,0,15,4,1,9,45,3,3,10,11,10,17
155681,Pittsburg State University,KS,Kansas,"Degree-granting, primarily baccalaureate or above",2020,7484,805,103352936,97650236,34,36,0,15,3,0,11,47,3,2,10,11,10,18
155681,Pittsburg State University,KS,Kansas,"Degree-granting, primarily baccalaureate or above",2021,7932,812,107103867,101290431,30,34,0,25,2,0,8,44,3,3,10,10,9,20
155681,Pittsburg State University,KS,Kansas,"Degree-granting, primarily baccalaureate or above",2022,7970,847,122034593,107760880,25,32,0,32,2,0,9,41,3,3,11,10,8,23
155317,University of Kansas,KS,Kansas,"Degree-granting, primarily baccalaureate or above",2015,10825,4187,1091109677,1007768435,26,22,1,19,12,0,19,44,29,5,8,4,7,3
155317,University of Kansas,KS,Kansas,"Degree-granting, primarily baccalaureate or above",2016,11455,4233,1106250188,1010956707,28,21,1,19,12,0,18,43,30,6,8,4,7,3
155317,University of Kansas,KS,Kansas,"Degree-granting, primarily baccalaureate or above",2017,10824,4153,1157376466,1027397734,27,21,1,18,9,1,22,45,29,5,7,4,7,3
155317,University of Kansas,KS,Kansas,"Degree-granting, primarily baccalaureate or above",2018,11148,4164,1183297725,1105981501,27,20,1,18,12,1,20,44,28,5,7,4,7,4
155317,University of Kansas,KS,Kansas,"Degree-granting, primarily baccalaureate or above",2019,11166,4125,1150913748,1124786588,28,21,1,21,10,1,17,46,28,6,7,4,6,2
155317,University of Kansas,KS,Kansas,"Degree-granting, primarily baccalaureate or above",2020,11166,3829,1222089488,1141717649,27,21,1,21,11,1,18,45,29,5,7,4,8,3
155317,University of Kansas,KS,Kansas,"Degree-granting, primarily baccalaureate or above",2021,11166,4119,1285278061,1185592077,25,20,1,25,11,3,15,42,29,5,8,5,9,3
155317,University of Kansas,KS,Kansas,"Degree-granting, primarily baccalaureate or above",2022,11167,4457,1301780181,1242815853,25,20,1,27,10,-1,18,40,32,5,6,4,9,4
155423,Washburn Institute of Technology,KS,Kansas,"Nondegree-granting, sub-baccalaureate",2015,5568,276,12452197,11767505,11,51,0,31,2,0,4,65,0,0,14,11,3,7
155423,Washburn Institute of Technology,KS,Kansas,"Nondegree-granting, sub-baccalaureate",2016,6192,584,13763182,13566058,14,45,0,34,1,0,5,64,0,0,10,9,3,13
155423,Washburn Institute of Technology,KS,Kansas,"Nondegree-granting, sub-baccalaureate",2017,6912,261,12180101,13152610,21,52,0,23,1,0,2,70,0,0,12,9,3,6
155423,Washburn Institute of Technology,KS,Kansas,"Nondegree-granting, sub-baccalaureate",2018,7632,268,14147700,13388255,22,50,0,22,1,0,4,69,0,0,11,10,3,6
155423,Washburn Institute of Technology,KS,Kansas,"Nondegree-granting, sub-baccalaureate",2019,7824,277,15071328,13598917,24,51,0,16,3,1,5,67,0,0,12,10,5,6
155423,Washburn Institute of Technology,KS,Kansas,"Nondegree-granting, sub-baccalaureate",2020,8160,176,15122369,14830548,22,55,0,18,4,0,1,60,0,0,13,9,12,6
155423,Washburn Institute of Technology,KS,Kansas,"Nondegree-granting, sub-baccalaureate",2021,8323,239,14165180,12841486,18,58,0,21,2,0,1,63,0,0,11,11,7,8
155423,Washburn Institute of Technology,KS,Kansas,"Nondegree-granting, sub-baccalaureate",2022,9360,248,16222828,13438280,17,60,0,19,2,0,1,66,0,0,10,10,5,8
156125,Wichita State University,KS,Kansas,"Degree-granting, primarily baccalaureate or above",2015,7528,1429,267754562,282043740,34,27,0,17,6,0,16,32,17,9,12,11,10,9
156125,Wichita State University,KS,Kansas,"Degree-granting, primarily baccalaureate or above",2016,7895,1654,272387040,271150001,34,27,0,17,6,0,16,27,16,8,11,10,7,21
156125,Wichita State University,KS,Kansas,"Degree-granting, primarily baccalaureate or above",2017,8432,1598,288880503,272101665,34,25,0,20,6,0,16,32,21,8,13,12,9,6
156125,Wichita State University,KS,Kansas,"Degree-granting, primarily baccalaureate or above",2018,8270,1714,304397309,300188176,33,23,0,18,6,0,19,30,23,8,12,12,9,7
156125,Wichita State University,KS,Kansas,"Degree-granting, primarily baccalaureate or above",2019,8298,1689,342166042,333493078,29,23,0,21,6,0,20,28,27,9,11,12,9,5
156125,Wichita State University,KS,Kansas,"Degree-granting, primarily baccalaureate or above",2020,8433,1579,386698473,366913104,27,22,0,25,6,0,20,26,31,8,10,10,8,6
156125,Wichita State University,KS,Kansas,"Degree-granting, primarily baccalaureate or above",2021,8800,1814,479520142,426008237,22,17,0,31,5,0,25,24,37,7,9,10,6,6
156125,Wichita State University,KS,Kansas,"Degree-granting, primarily baccalaureate or above",2022,8866,1847,528601067,487904547,21,16,0,30,5,0,27,21,44,7,9,9,6,5
156620,Eastern Kentucky University,KY,Kentucky,"Degree-granting, primarily baccalaureate or above",2015,8150,2794,280446483,268898213,32,24,0,32,2,0,10,42,0,19,11,9,15,4
156620,Eastern Kentucky University,KY,Kentucky,"Degree-granting, primarily baccalaureate or above",2016,8868,2595,309415504,281479734,31,22,0,29,3,0,14,41,0,19,11,9,14,5
156620,Eastern Kentucky University,KY,Kentucky,"Degree-granting, primarily baccalaureate or above",2017,9366,2574,299983979,304004170,32,22,0,29,1,1,15,42,0,20,11,10,11,5
156620,Eastern Kentucky University,KY,Kentucky,"Degree-granting, primarily baccalaureate or above",2018,9666,2426,298806908,310709929,31,22,0,30,1,1,16,36,0,17,10,8,11,19
156620,Eastern Kentucky University,KY,Kentucky,"Degree-granting, primarily baccalaureate or above",2019,9876,2349,276850269,223483516,32,23,0,30,2,1,11,46,0,22,13,10,12,-4
156620,Eastern Kentucky University,KY,Kentucky,"Degree-granting, primarily baccalaureate or above",2020,9876,2271,266956361,188601656,33,24,0,32,1,1,9,53,0,22,15,12,17,-18
156620,Eastern Kentucky University,KY,Kentucky,"Degree-granting, primarily baccalaureate or above",2021,9752,2493,266082052,133812885,30,24,0,33,1,2,9,73,1,21,20,16,25,-56
156620,Eastern Kentucky University,KY,Kentucky,"Degree-granting, primarily baccalaureate or above",2022,9844,2737,273635427,238104407,30,27,0,34,2,0,7,44,0,10,11,11,24,0
157058,Kentucky State University,KY,Kentucky,"Degree-granting, primarily baccalaureate or above",2015,7754,210,58502747,63094651,20,40,0,37,0,0,3,22,12,14,6,12,22,13
157058,Kentucky State University,KY,Kentucky,"Degree-granting, primarily baccalaureate or above",2016,7754,202,54538075,56404414,17,43,0,40,0,-1,2,20,14,15,6,11,22,12
157058,Kentucky State University,KY,Kentucky,"Degree-granting, primarily baccalaureate or above",2017,8184,317,64115308,66984864,16,42,0,37,0,2,3,15,14,14,4,9,16,28
157058,Kentucky State University,KY,Kentucky,"Degree-granting, primarily baccalaureate or above",2018,8090,274,66509927,61790784,17,40,0,34,0,2,6,18,16,17,3,14,23,9
157058,Kentucky State University,KY,Kentucky,"Degree-granting, primarily baccalaureate or above",2019,8800,525,61303803,65554056,16,42,0,39,0,1,2,18,14,17,1,13,25,11
157058,Kentucky State University,KY,Kentucky,"Degree-granting, primarily baccalaureate or above",2020,8800,568,65601631,62729588,16,39,0,43,0,1,1,17,13,16,1,16,26,12
157058,Kentucky State University,KY,Kentucky,"Degree-granting, primarily baccalaureate or above",2021,8800,476,82527460,85594665,18,31,0,37,0,0,13,14,10,11,1,10,22,32
157058,Kentucky State University,KY,Kentucky,"Degree-granting, primarily baccalaureate or above",2022,9004,369,80931390,81706353,20,35,0,36,0,0,9,15,13,13,2,11,29,17
157386,Morehead State University,KY,Kentucky,"Degree-granting, primarily baccalaureate or above",2015,8098,1461,135155179,142168926,27,30,0,29,5,0,9,39,1,6,13,13,15,12
157386,Morehead State University,KY,Kentucky,"Degree-granting, primarily baccalaureate or above",2016,8496,1350,136680124,140709317,26,32,0,29,3,0,9,40,2,7,13,14,15,10
157386,Morehead State University,KY,Kentucky,"Degree-granting, primarily baccalaureate or above",2017,8950,1346,145128581,146796985,26,29,0,26,0,0,18,40,3,6,11,16,15,9
157386,Morehead State University,KY,Kentucky,"Degree-granting, primarily baccalaureate or above",2018,9070,1472,145365352,123355571,25,28,0,26,1,0,20,43,2,6,11,17,14,7
157386,Morehead State University,KY,Kentucky,"Degree-granting, primarily baccalaureate or above",2019,9290,1315,126942457,96838768,25,31,0,29,0,0,15,54,2,5,12,21,14,-8
157386,Morehead State University,KY,Kentucky,"Degree-granting, primarily baccalaureate or above",2020,9290,1199,118951254,82429056,27,32,0,33,0,1,7,61,3,6,11,25,17,-23
157386,Morehead State University,KY,Kentucky,"Degree-granting, primarily baccalaureate or above",2021,9462,1184,128038455,75029756,21,29,0,43,0,0,7,67,6,6,11,27,19,-35
157386,Morehead State University,KY,Kentucky,"Degree-granting, primarily baccalaureate or above",2022,9560,1199,139997169,122668803,19,31,0,41,1,-1,9,44,4,4,7,19,12,9
157401,Murray State University,KY,Kentucky,"Degree-granting, primarily baccalaureate or above",2015,7608,1468,168096393,157267837,44,29,0,17,1,1,9,48,1,6,8,14,14,9
157401,Murray State University,KY,Kentucky,"Degree-granting, primarily baccalaureate or above",2016,8400,1502,193499772,162105349,38,24,0,14,1,1,22,49,1,6,8,14,14,8
157401,Murray State University,KY,Kentucky,"Degree-granting, primarily baccalaureate or above",2017,8820,1443,180857308,172561661,40,26,0,15,1,2,17,49,2,6,8,13,13,10
157401,Murray State University,KY,Kentucky,"Degree-granting, primarily baccalaureate or above",2018,9084,1319,168780981,154360740,40,27,0,17,1,2,13,45,2,5,8,15,13,11
157401,Murray State University,KY,Kentucky,"Degree-granting, primarily baccalaureate or above",2019,9168,1421,163266992,144626046,37,28,0,18,1,3,12,49,2,5,9,14,13,7
157401,Murray State University,KY,Kentucky,"Degree-granting, primarily baccalaureate or above",2020,9168,1503,158956158,136234955,36,28,0,20,1,3,12,50,2,6,9,16,13,3
157401,Murray State University,KY,Kentucky,"Degree-granting, primarily baccalaureate or above",2021,9252,1395,171347610,113192709,32,25,0,28,2,4,10,59,4,6,11,17,15,-12
157401,Murray State University,KY,Kentucky,"Degree-granting, primarily baccalaureate or above",2022,9432,1366,163516659,133815918,31,29,0,31,1,-5,13,55,3,6,11,18,14,-7
157447,Northern Kentucky University,KY,Kentucky,"Degree-granting, primarily baccalaureate or above",2015,9120,2266,208140000,216512000,51,23,0,17,1,0,7,41,1,7,13,15,16,6
157447,Northern Kentucky University,KY,Kentucky,"Degree-granting, primarily baccalaureate or above",2016,9384,2148,216467000,221055000,47,22,0,15,1,0,13,40,1,7,13,16,17,6
157447,Northern Kentucky University,KY,Kentucky,"Degree-granting, primarily baccalaureate or above",2017,9744,2145,237637000,224151000,43,20,0,14,1,1,21,38,1,7,14,15,18,6
157447,Northern Kentucky University,KY,Kentucky,"Degree-granting, primarily baccalaureate or above",2018,10032,1980,250110000,246988000,42,20,0,13,1,1,23,38,1,5,12,12,14,19
157447,Northern Kentucky University,KY,Kentucky,"Degree-granting, primarily baccalaureate or above",2019,10296,1950,224888000,242216000,51,24,0,14,1,1,9,38,1,5,12,13,15,17
157447,Northern Kentucky University,KY,Kentucky,"Degree-granting, primarily baccalaureate or above",2020,10296,1836,228496000,260400000,55,23,0,15,1,1,5,41,1,4,12,12,14,16
157447,Northern Kentucky University,KY,Kentucky,"Degree-granting, primarily baccalaureate or above",2021,10392,1690,248459000,264014000,51,21,0,21,1,2,4,41,1,4,12,11,14,17
157447,Northern Kentucky University,KY,Kentucky,"Degree-granting, primarily baccalaureate or above",2022,10592,1638,255336000,273739000,49,22,0,22,1,1,6,43,1,4,12,11,14,14
157085,University of Kentucky,KY,Kentucky,"Degree-granting, primarily baccalaureate or above",2015,10936,5211,1455652407,1292445012,21,19,2,26,6,3,24,24,21,35,8,3,6,3
157085,University of Kentucky,KY,Kentucky,"Degree-granting, primarily baccalaureate or above",2016,11484,5117,1595355621,1373015928,20,18,1,24,7,0,30,24,21,36,8,4,5,3
157085,University of Kentucky,KY,Kentucky,"Degree-granting, primarily baccalaureate or above",2017,11942,4855,1638565013,1501848840,21,16,2,24,6,7,24,22,20,39,8,3,5,3
157085,University of Kentucky,KY,Kentucky,"Degree-granting, primarily baccalaureate or above",2018,12245,5077,1615317832,1554459272,21,16,2,25,6,6,24,22,20,40,8,3,5,3
157085,University of Kentucky,KY,Kentucky,"Degree-granting, primarily baccalaureate or above",2019,12360,5348,1718099660,1660451222,20,15,2,25,6,6,26,21,20,40,8,3,6,3
157085,University of Kentucky,KY,Kentucky,"Degree-granting, primarily baccalaureate or above",2020,12484,4891,1658176340,1636196527,21,16,2,30,6,2,24,22,21,42,8,3,4,1
157085,University of Kentucky,KY,Kentucky,"Degree-granting, primarily baccalaureate or above",2021,12610,4721,2176510776,1720897156,16,12,1,27,4,21,19,19,20,41,7,4,5,4
157085,University of Kentucky,KY,Kentucky,"Degree-granting, primarily baccalaureate or above",2022,12859,6061,1807760306,1902861132,21,15,2,37,6,-7,27,19,21,43,7,3,4,3
157289,University of Louisville,KY,Kentucky,"Degree-granting, primarily baccalaureate or above",2015,10744,2797,657126000,846667000,32,21,0,17,9,0,20,34,19,16,16,4,8,4
157289,University of Louisville,KY,Kentucky,"Degree-granting, primarily baccalaureate or above",2016,11264,2883,681951000,893171000,31,21,0,17,9,0,23,33,18,15,17,4,9,3
157289,University of Louisville,KY,Kentucky,"Degree-granting, primarily baccalaureate or above",2017,11264,2796,687497000,946360000,32,20,0,17,7,0,24,32,16,16,16,4,11,3
157289,University of Louisville,KY,Kentucky,"Degree-granting, primarily baccalaureate or above",2018,11656,2932,692907000,900305000,31,19,0,18,7,0,24,33,17,16,17,4,10,4
157289,University of Louisville,KY,Kentucky,"Degree-granting, primarily baccalaureate or above",2019,11928,2803,708912000,912672000,31,18,0,19,7,1,24,33,17,15,18,4,10,4
157289,University of Louisville,KY,Kentucky,"Degree-granting, primarily baccalaureate or above",2020,12162,2866,799539000,912143000,28,16,0,17,7,0,30,32,17,14,17,4,11,4
157289,University of Louisville,KY,Kentucky,"Degree-granting, primarily baccalaureate or above",2021,12370,2695,664236000,953989000,35,19,0,22,9,0,15,28,18,17,19,4,11,4
157289,University of Louisville,KY,Kentucky,"Degree-granting, primarily baccalaureate or above",2022,12520,2931,748503000,1064901000,32,18,0,24,9,0,17,27,17,17,17,4,12,6
157951,Western Kentucky University,KY,Kentucky,"Degree-granting, primarily baccalaureate or above",2015,9482,3121,307477846,319122367,44,24,0,20,0,0,12,44,3,6,8,13,18,10
157951,Western Kentucky University,KY,Kentucky,"Degree-granting, primarily baccalaureate or above",2016,9912,3192,319573387,321167013,44,24,0,19,0,0,14,44,3,5,7,12,19,10
157951,Western Kentucky University,KY,Kentucky,"Degree-granting, primarily baccalaureate or above",2017,10202,3116,330040279,346917681,42,22,0,18,0,0,18,40,3,5,7,11,26,8
157951,Western Kentucky University,KY,Kentucky,"Degree-granting, primarily baccalaureate or above",2018,10512,2934,321532392,305457855,42,23,0,20,0,0,15,47,3,5,9,14,13,9
157951,Western Kentucky University,KY,Kentucky,"Degree-granting, primarily baccalaureate or above",2019,10802,2714,310492631,262525173,41,24,0,20,0,0,16,54,3,7,10,15,1,10
157951,Western Kentucky University,KY,Kentucky,"Degree-granting, primarily baccalaureate or above",2020,10802,3120,299592453,238165704,40,25,0,22,0,0,14,57,3,8,11,18,10,-7
157951,Western Kentucky University,KY,Kentucky,"Degree-granting, primarily baccalaureate or above",2021,10992,2832,294685279,227518781,35,24,0,31,0,0,10,56,3,8,11,16,18,-13
157951,Western Kentucky University,KY,Kentucky,"Degree-granting, primarily baccalaureate or above",2022,11112,2755,306871770,246250589,31,26,0,31,0,0,12,52,3,8,12,17,9,-1
159009,Grambling State University,LA,Louisiana,"Degree-granting, primarily baccalaureate or above",2015,7063,630,61979409,62445381,31,24,0,38,1,3,2,38,2,0,12,9,24,16
159009,Grambling State University,LA,Louisiana,"Degree-granting, primarily baccalaureate or above",2016,7371,865,63797099,70935466,33,24,0,37,1,0,4,28,1,0,8,7,18,38
159009,Grambling State University,LA,Louisiana,"Degree-granting, primarily baccalaureate or above",2017,7435,877,66165209,73168017,40,21,0,34,1,2,3,27,5,0,4,7,15,43
159009,Grambling State University,LA,Louisiana,"Degree-granting, primarily baccalaureate or above",2018,7435,923,69884652,67523286,34,19,0,38,1,2,6,28,2,0,5,9,22,35
159009,Grambling State University,LA,Louisiana,"Degree-granting, primarily baccalaureate or above",2019,7683,874,64037488,64626353,34,23,0,37,1,1,3,29,2,0,5,9,21,34
159009,Grambling State University,LA,Louisiana,"Degree-granting, primarily baccalaureate or above",2020,7635,1241,81086105,68194585,31,22,0,39,1,1,6,31,1,0,5,7,23,33
159009,Grambling State University,LA,Louisiana,"Degree-granting, primarily baccalaureate or above",2021,7683,750,194548075,86467053,14,6,0,22,0,3,55,22,1,0,5,5,32,35
159009,Grambling State University,LA,Louisiana,"Degree-granting, primarily baccalaureate or above",2022,7683,861,100347523,91574732,24,16,0,55,1,-2,5,20,1,0,3,6,27,42
159391,Louisiana State University and Agricultural & Mechanical College,LA,Louisiana,"Degree-granting, primarily baccalaureate or above",2015,9842,5624,980345958,916452542,31,22,0,19,6,1,19,35,30,10,12,4,7,3
159391,Louisiana State University and Agricultural & Mechanical College,LA,Louisiana,"Degree-granting, primarily baccalaureate or above",2016,10814,5475,1021133491,918531170,32,22,0,20,6,3,18,35,31,9,12,4,7,3
159391,Louisiana State University and Agricultural & Mechanical College,LA,Louisiana,"Degree-granting, primarily baccalaureate or above",2017,11374,4917,909644812,933082810,38,24,0,21,6,0,11,34,29,9,12,4,8,4
159391,Louisiana State University and Agricultural & Mechanical College,LA,Louisiana,"Degree-granting, primarily baccalaureate or above",2018,11950,5812,946414580,956901717,36,24,0,21,11,0,9,37,27,8,12,4,7,5
159391,Louisiana State University and Agricultural & Mechanical College,LA,Louisiana,"Degree-granting, primarily baccalaureate or above",2019,11962,6132,1051469126,1048413635,33,21,0,20,16,3,7,36,22,7,10,3,5,16
159391,Louisiana State University and Agricultural & Mechanical College,LA,Louisiana,"Degree-granting, primarily baccalaureate or above",2020,11962,6701,1040821314,989329656,34,23,0,21,9,3,10,29,22,7,9,3,5,25
159391,Louisiana State University and Agricultural & Mechanical College,LA,Louisiana,"Degree-granting, primarily baccalaureate or above",2021,11958,7045,1104894190,1091602378,34,21,0,23,14,1,7,31,21,7,9,3,5,24
159391,Louisiana State University and Agricultural & Mechanical College,LA,Louisiana,"Degree-granting, primarily baccalaureate or above",2022,11954,7401,1130910307,911169999,36,24,0,24,8,0,8,37,31,10,14,4,10,-7
159382,Louisiana State University-Alexandria,LA,Louisiana,"Degree-granting, primarily baccalaureate or above",2015,6158,508,22696842,22416784,43,24,0,24,3,0,6,51,0,0,12,9,17,12
159382,Louisiana State University-Alexandria,LA,Louisiana,"Degree-granting, primarily baccalaureate or above",2016,6668,529,25204720,23022412,44,21,0,24,4,1,7,54,0,0,10,8,14,13
159382,Louisiana State University-Alexandria,LA,Louisiana,"Degree-granting, primarily baccalaureate or above",2017,6668,470,26486079,27163510,48,20,0,22,3,1,6,52,0,0,9,8,16,15
159382,Louisiana State University-Alexandria,LA,Louisiana,"Degree-granting, primarily baccalaureate or above",2018,6668,468,27025947,27668594,52,19,0,25,2,1,1,51,0,0,9,9,13,17
159382,Louisiana State University-Alexandria,LA,Louisiana,"Degree-granting, primarily baccalaureate or above",2019,6668,472,28029553,29009574,52,19,0,25,2,1,2,46,0,0,7,7,10,29
159382,Louisiana State University-Alexandria,LA,Louisiana,"Degree-granting, primarily baccalaureate or above",2020,6638,480,33713415,30205710,49,23,0,23,2,2,1,43,0,0,5,8,12,33
159382,Louisiana State University-Alexandria,LA,Louisiana,"Degree-granting, primarily baccalaureate or above",2021,6884,410,31786537,32322431,55,8,0,32,2,1,1,38,0,0,5,8,17,31
159382,Louisiana State University-Alexandria,LA,Louisiana,"Degree-granting, primarily baccalaureate or above",2022,7050,414,47744207,39000775,39,13,0,35,2,0,10,41,0,1,11,9,24,13
159416,Louisiana State University-Shreveport,LA,Louisiana,"Degree-granting, primarily baccalaureate or above",2015,6903,357,36722529,37184124,41,21,0,30,7,1,1,46,2,3,10,7,15,18
159416,Louisiana State University-Shreveport,LA,Louisiana,"Degree-granting, primarily baccalaureate or above",2016,7146,258,39935822,37709074,49,19,0,26,5,0,1,43,2,2,12,7,17,18
159416,Louisiana State University-Shreveport,LA,Louisiana,"Degree-granting, primarily baccalaureate or above",2017,7166,286,44944942,38918883,56,17,0,20,3,2,3,52,1,2,9,7,14,14
159416,Louisiana State University-Shreveport,LA,Louisiana,"Degree-granting, primarily baccalaureate or above",2018,7327,293,50302897,46317540,66,16,0,12,2,1,3,61,2,2,10,8,14,4
159416,Louisiana State University-Shreveport,LA,Louisiana,"Degree-granting, primarily baccalaureate or above",2019,7327,338,57871012,55841485,70,15,0,10,2,0,2,57,1,2,8,6,12,14
159416,Louisiana State University-Shreveport,LA,Louisiana,"Degree-granting, primarily baccalaureate or above",2020,7160,339,74700823,70004192,73,14,0,10,2,0,2,55,1,1,7,6,13,17
159416,Louisiana State University-Shreveport,LA,Louisiana,"Degree-granting, primarily baccalaureate or above",2021,7327,306,85123014,85856680,71,11,0,13,2,2,2,56,0,1,7,4,14,17
159416,Louisiana State University-Shreveport,LA,Louisiana,"Degree-granting, primarily baccalaureate or above",2022,7327,306,82118117,75876001,66,14,0,13,2,0,4,68,1,1,9,5,15,1
159647,Louisiana Tech University,LA,Louisiana,"Degree-granting, primarily baccalaureate or above",2015,8854,1962,140479155,114840754,45,20,0,15,8,1,10,47,18,0,13,6,9,8
159647,Louisiana Tech University,LA,Louisiana,"Degree-granting, primarily baccalaureate or above",2016,9117,2018,147415969,121635892,48,19,0,13,9,0,10,43,17,0,12,7,11,10
159647,Louisiana Tech University,LA,Louisiana,"Degree-granting, primarily baccalaureate or above",2017,9645,1917,159048098,131730389,48,18,0,13,11,2,9,43,17,0,13,6,11,11
159647,Louisiana Tech University,LA,Louisiana,"Degree-granting, primarily baccalaureate or above",2018,9645,2186,179399007,136213823,43,16,0,12,9,1,17,40,18,0,13,5,14,9
159647,Louisiana Tech University,LA,Louisiana,"Degree-granting, primarily baccalaureate or above",2019,10185,2050,191858536,136904225,40,15,0,12,13,2,19,42,17,0,14,6,10,11
159647,Louisiana Tech University,LA,Louisiana,"Degree-granting, primarily baccalaureate or above",2020,10065,1863,183441270,143586278,41,19,0,16,8,1,15,42,17,0,13,5,11,13
159647,Louisiana Tech University,LA,Louisiana,"Degree-granting, primarily baccalaureate or above",2021,10065,1871,208962916,137597667,36,11,0,18,9,3,23,43,17,0,13,5,12,11
159647,Louisiana Tech University,LA,Louisiana,"Degree-granting, primarily baccalaureate or above",2022,10065,1772,176053369,141708586,43,24,0,22,9,-6,8,40,15,0,13,5,12,15
159717,McNeese State University,LA,Louisiana,"Degree-granting, primarily baccalaureate or above",2015,7290,1439,81140812,70182948,47,23,0,17,1,0,11,49,4,1,14,8,15,7
159717,McNeese State University,LA,Louisiana,"Degree-granting, primarily baccalaureate or above",2016,7310,1244,90691198,73049089,46,21,0,15,3,0,14,38,3,1,12,7,12,26
159717,McNeese State University,LA,Louisiana,"Degree-granting, primarily baccalaureate or above",2017,7920,1322,103636562,75973905,40,19,0,13,2,2,25,38,4,2,12,8,14,23
159717,McNeese State University,LA,Louisiana,"Degree-granting, primarily baccalaureate or above",2018,7860,1373,98741772,74715642,43,20,0,13,2,2,21,40,1,1,12,7,12,26
159717,McNeese State University,LA,Louisiana,"Degree-granting, primarily baccalaureate or above",2019,8102,1215,95697389,75172487,44,20,0,15,3,3,14,40,0,2,13,7,12,26
159717,McNeese State University,LA,Louisiana,"Degree-granting, primarily baccalaureate or above",2020,8382,1231,89397890,76133283,46,27,0,17,2,1,7,39,1,1,12,8,12,27
159717,McNeese State University,LA,Louisiana,"Degree-granting, primarily baccalaureate or above",2021,8380,1020,217899694,134277348,17,7,0,12,1,3,60,21,1,1,7,4,7,59
159717,McNeese State University,LA,Louisiana,"Degree-granting, primarily baccalaureate or above",2022,8440,1054,122159205,84463690,32,21,0,27,1,-4,23,32,1,1,10,6,9,42
159966,Nicholls State University,LA,Louisiana,"Degree-granting, primarily baccalaureate or above",2015,7348,1212,71800738,68308878,47,22,0,16,1,1,13,49,2,2,13,12,13,9
159966,Nicholls State University,LA,Louisiana,"Degree-granting, primarily baccalaureate or above",2016,7641,1138,69129552,67235552,50,23,0,16,1,0,11,49,2,2,12,13,14,8
159966,Nicholls State University,LA,Louisiana,"Degree-granting, primarily baccalaureate or above",2017,7886,1218,73283145,66163318,48,20,0,15,1,2,13,51,2,2,12,12,15,5
159966,Nicholls State University,LA,Louisiana,"Degree-granting, primarily baccalaureate or above",2018,7952,1301,70689424,66299022,52,21,0,17,1,1,8,51,2,2,12,12,15,6
159966,Nicholls State University,LA,Louisiana,"Degree-granting, primarily baccalaureate or above",2019,7898,1242,69096770,71397166,54,22,0,19,1,2,3,44,2,1,10,10,13,19
159966,Nicholls State University,LA,Louisiana,"Degree-granting, primarily baccalaureate or above",2020,7946,1200,77881118,79222048,48,23,0,22,1,-1,6,42,2,2,10,7,13,25
159966,Nicholls State University,LA,Louisiana,"Degree-granting, primarily baccalaureate or above",2021,7946,958,81566397,80271471,46,15,0,24,1,3,11,43,1,2,11,9,14,19
159966,Nicholls State University,LA,Louisiana,"Degree-granting, primarily baccalaureate or above",2022,8156,972,89354020,81699066,40,20,0,34,1,-3,9,40,1,2,9,10,15,23
160038,Northwestern State University of Louisiana,LA,Louisiana,"Degree-granting, primarily baccalaureate or above",2015,7620,1273,96357247,91062802,45,22,0,21,1,0,10,45,1,1,12,11,13,18
160038,Northwestern State University of Louisiana,LA,Louisiana,"Degree-granting, primarily baccalaureate or above",2016,7620,1462,92852765,94403512,46,23,0,21,1,0,9,47,0,1,12,12,13,14
160038,Northwestern State University of Louisiana,LA,Louisiana,"Degree-granting, primarily baccalaureate or above",2017,7921,1542,101080392,101212254,48,20,0,21,2,2,7,48,0,1,13,12,13,12
160038,Northwestern State University of Louisiana,LA,Louisiana,"Degree-granting, primarily baccalaureate or above",2018,7922,1560,110711575,101640532,48,19,0,22,1,2,9,43,0,1,10,9,11,27
160038,Northwestern State University of Louisiana,LA,Louisiana,"Degree-granting, primarily baccalaureate or above",2019,8768,1515,109216941,101993937,47,20,0,25,1,0,8,42,0,1,12,12,11,22
160038,Northwestern State University of Louisiana,LA,Louisiana,"Degree-granting, primarily baccalaureate or above",2020,8672,1518,120345601,108215239,43,21,0,27,1,0,7,40,0,1,11,9,11,27
160038,Northwestern State University of Louisiana,LA,Louisiana,"Degree-granting, primarily baccalaureate or above",2021,8672,1299,135025150,120712739,45,13,0,31,1,4,6,41,0,1,11,9,18,19
160038,Northwestern State University of Louisiana,LA,Louisiana,"Degree-granting, primarily baccalaureate or above",2022,8672,1020,128496318,110944409,39,19,0,33,1,0,8,43,0,1,11,8,10,27
160612,Southeastern Louisiana University,LA,Louisiana,"Degree-granting, primarily baccalaureate or above",2015,7280,2450,136286925,133710764,46,23,0,23,1,0,8,51,1,3,10,8,10,17
160612,Southeastern Louisiana University,LA,Louisiana,"Degree-granting, primarily baccalaureate or above",2016,7773,2616,142975257,131568636,45,21,0,22,1,0,10,51,1,3,10,8,10,16
160612,Southeastern Louisiana University,LA,Louisiana,"Degree-granting, primarily baccalaureate or above",2017,8153,2737,157686417,140534714,44,18,0,21,1,1,15,51,1,3,11,8,10,16
160612,Southeastern Louisiana University,LA,Louisiana,"Degree-granting, primarily baccalaureate or above",2018,8165,2665,177709663,134136069,41,17,0,19,1,1,21,51,1,3,11,9,10,14
160612,Southeastern Louisiana University,LA,Louisiana,"Degree-granting, primarily baccalaureate or above",2019,8329,2727,154102159,141790872,47,19,0,24,1,1,7,49,1,3,10,9,10,18
160612,Southeastern Louisiana University,LA,Louisiana,"Degree-granting, primarily baccalaureate or above",2020,8289,2580,173087782,157121162,43,20,0,28,1,1,7,48,2,2,11,8,10,18
160612,Southeastern Louisiana University,LA,Louisiana,"Degree-granting, primarily baccalaureate or above",2021,8289,2230,161999077,152924808,42,15,0,33,1,0,9,51,2,4,9,8,11,15
160612,Southeastern Louisiana University,LA,Louisiana,"Degree-granting, primarily baccalaureate or above",2022,8373,2367,179326411,163347815,38,19,0,38,1,0,4,41,2,4,9,8,10,25
160621,Southern University and A & M College,LA,Louisiana,"Degree-granting, primarily baccalaureate or above",2015,7346,1219,108785625,118557403,24,26,0,39,1,0,9,32,7,7,20,7,13,13
160621,Southern University and A & M College,LA,Louisiana,"Degree-granting, primarily baccalaureate or above",2016,8080,1071,113364440,117605500,27,26,0,36,0,0,9,27,6,5,15,5,12,29
160621,Southern University and A & M College,LA,Louisiana,"Degree-granting, primarily baccalaureate or above",2017,8666,1237,114151039,124206639,29,24,0,38,0,1,8,26,6,7,16,6,12,28
160621,Southern University and A & M College,LA,Louisiana,"Degree-granting, primarily baccalaureate or above",2018,9122,1340,117914074,122188222,30,22,0,39,1,0,8,26,5,7,16,6,13,26
160621,Southern University and A & M College,LA,Louisiana,"Degree-granting, primarily baccalaureate or above",2019,9141,1338,137289948,124337318,27,19,0,36,2,1,16,25,5,7,14,6,12,29
160621,Southern University and A & M College,LA,Louisiana,"Degree-granting, primarily baccalaureate or above",2020,9340,1370,132986565,130384850,28,21,0,40,2,1,7,24,5,6,16,6,16,28
160621,Southern University and A & M College,LA,Louisiana,"Degree-granting, primarily baccalaureate or above",2021,9842,1618,178749848,148149541,18,15,0,54,1,3,9,22,5,5,13,5,26,24
160621,Southern University and A & M College,LA,Louisiana,"Degree-granting, primarily baccalaureate or above",2022,9940,1678,201127707,169261359,18,18,0,48,1,-2,16,18,5,5,12,4,27,29
160630,Southern University at New Orleans,LA,Louisiana,"Degree-granting, primarily baccalaureate or above",2015,5827,211,38779438,38279338,25,18,0,36,1,0,21,40,1,0,5,8,30,16
160630,Southern University at New Orleans,LA,Louisiana,"Degree-granting, primarily baccalaureate or above",2016,6421,144,35377962,35702054,28,18,0,43,0,0,11,29,1,0,4,12,40,14
160630,Southern University at New Orleans,LA,Louisiana,"Degree-granting, primarily baccalaureate or above",2017,6421,218,50734758,36995323,20,14,0,31,0,0,35,30,1,0,5,13,39,12
160630,Southern University at New Orleans,LA,Louisiana,"Degree-granting, primarily baccalaureate or above",2018,7033,201,119038831,36708261,8,6,0,43,0,0,42,27,1,0,6,10,43,13
160630,Southern University at New Orleans,LA,Louisiana,"Degree-granting, primarily baccalaureate or above",2019,7169,222,48888029,34981482,22,19,0,30,1,0,28,30,1,0,5,10,29,24
160630,Southern University at New Orleans,LA,Louisiana,"Degree-granting, primarily baccalaureate or above",2020,7059,197,39766781,36898936,23,24,0,45,3,0,5,27,1,0,4,14,29,25
160630,Southern University at New Orleans,LA,Louisiana,"Degree-granting, primarily baccalaureate or above",2021,7059,111,40621280,37995390,15,21,0,55,0,0,8,25,1,0,4,10,39,21
160630,Southern University at New Orleans,LA,Louisiana,"Degree-granting, primarily baccalaureate or above",2022,7471,134,47277567,42858553,21,16,0,59,0,0,3,26,1,0,4,9,47,14
160658,University of Louisiana at Lafayette,LA,Louisiana,"Degree-granting, primarily baccalaureate or above",2015,8256,3179,231293487,218420056,44,20,0,18,9,0,8,39,22,2,9,11,16,1
160658,University of Louisiana at Lafayette,LA,Louisiana,"Degree-granting, primarily baccalaureate or above",2016,9450,3024,260678488,233002699,48,18,0,17,7,0,9,44,22,3,8,7,14,2
160658,University of Louisiana at Lafayette,LA,Louisiana,"Degree-granting, primarily baccalaureate or above",2017,9888,2982,292769384,285311764,48,16,0,17,9,3,7,40,18,2,8,6,16,10
160658,University of Louisiana at Lafayette,LA,Louisiana,"Degree-granting, primarily baccalaureate or above",2018,9912,2733,315858598,270663149,46,15,0,17,10,3,9,41,22,2,9,7,15,4
160658,University of Louisiana at Lafayette,LA,Louisiana,"Degree-granting, primarily baccalaureate or above",2019,10382,2536,295276532,278359042,49,16,0,19,9,2,5,42,22,3,8,6,15,4
160658,University of Louisiana at Lafayette,LA,Louisiana,"Degree-granting, primarily baccalaureate or above",2020,10358,2338,319006130,291080678,46,18,0,22,8,2,4,40,23,3,8,6,14,6
160658,University of Louisiana at Lafayette,LA,Louisiana,"Degree-granting, primarily baccalaureate or above",2021,10346,2693,350329493,299008928,39,12,0,30,8,8,3,39,23,2,8,6,14,8
160658,University of Louisiana at Lafayette,LA,Louisiana,"Degree-granting, primarily baccalaureate or above",2022,10382,2885,334377965,306022223,39,17,0,33,10,-6,7,35,28,2,7,5,13,10
159993,University of Louisiana at Monroe,LA,Louisiana,"Degree-granting, primarily baccalaureate or above",2015,7658,1301,113784379,102067682,43,23,0,23,2,1,8,47,5,10,6,11,13,9
159993,University of Louisiana at Monroe,LA,Louisiana,"Degree-granting, primarily baccalaureate or above",2016,8284,1366,120931018,103549692,45,21,0,24,1,0,10,46,6,10,6,9,14,10
159993,University of Louisiana at Monroe,LA,Louisiana,"Degree-granting, primarily baccalaureate or above",2017,8650,1342,116293388,108296306,49,21,0,22,1,2,4,45,6,10,7,9,15,7
159993,University of Louisiana at Monroe,LA,Louisiana,"Degree-granting, primarily baccalaureate or above",2018,8554,1308,117138382,112880682,49,22,0,23,1,2,3,42,7,8,7,10,16,11
159993,University of Louisiana at Monroe,LA,Louisiana,"Degree-granting, primarily baccalaureate or above",2019,8974,1112,116807610,106198161,51,22,0,22,1,2,2,42,7,7,8,10,16,11
159993,University of Louisiana at Monroe,LA,Louisiana,"Degree-granting, primarily baccalaureate or above",2020,9070,1108,127064722,111441890,45,29,0,22,2,1,2,43,7,7,8,9,15,12
159993,University of Louisiana at Monroe,LA,Louisiana,"Degree-granting, primarily baccalaureate or above",2021,9058,1140,131540351,109168135,42,18,0,29,2,7,2,37,7,6,6,8,21,15
159993,University of Louisiana at Monroe,LA,Louisiana,"Degree-granting, primarily baccalaureate or above",2022,9082,1018,148731364,133555348,35,20,0,27,5,-3,16,34,6,5,5,8,13,30
159939,University of New Orleans,LA,Louisiana,"Degree-granting, primarily baccalaureate or above",2015,8004,922,138944376,144725910,44,23,0,21,7,0,5,43,11,9,9,6,13,8
159939,University of New Orleans,LA,Louisiana,"Degree-granting, primarily baccalaureate or above",2016,8484,876,145631619,139498927,40,21,0,20,7,0,12,32,8,7,7,5,11,30
159939,University of New Orleans,LA,Louisiana,"Degree-granting, primarily baccalaureate or above",2017,8484,960,146699357,130336614,39,20,0,23,6,1,10,39,11,13,8,8,14,9
159939,University of New Orleans,LA,Louisiana,"Degree-granting, primarily baccalaureate or above",2018,8771,1019,151850696,144417763,37,19,0,29,6,1,7,28,7,13,6,6,11,28
159939,University of New Orleans,LA,Louisiana,"Degree-granting, primarily baccalaureate or above",2019,8772,935,153760067,150436005,37,18,0,30,6,1,7,27,8,14,7,5,12,27
159939,University of New Orleans,LA,Louisiana,"Degree-granting, primarily baccalaureate or above",2020,9072,1123,161344384,153710963,33,22,0,32,7,1,5,26,9,14,8,7,12,24
159939,University of New Orleans,LA,Louisiana,"Degree-granting, primarily baccalaureate or above",2021,9072,1151,150140999,149843313,37,12,0,33,5,4,8,27,10,12,7,6,10,27
159939,University of New Orleans,LA,Louisiana,"Degree-granting, primarily baccalaureate or above",2022,9172,1030,152955085,138210502,30,19,0,38,5,-2,9,24,11,13,7,5,11,29
165024,Bridgewater State University,MA,Massachusetts,"Degree-granting, primarily baccalaureate or above",2015,8474,1528,243625468,167755057,31,21,0,8,1,0,38,40,0,1,15,14,11,18
165024,Bridgewater State University,MA,Massachusetts,"Degree-granting, primarily baccalaureate or above",2016,9603,1420,165086295,177527007,50,33,0,12,1,0,3,37,0,2,13,13,13,22
165024,Bridgewater State University,MA,Massachusetts,"Degree-granting, primarily baccalaureate or above",2017,10026,1506,175093348,182241146,51,33,0,12,1,0,3,38,0,2,14,13,11,23
165024,Bridgewater State University,MA,Massachusetts,"Degree-granting, primarily baccalaureate or above",2018,10367,1518,182222668,194814054,53,32,0,12,1,0,2,38,0,1,14,12,11,24
165024,Bridgewater State University,MA,Massachusetts,"Degree-granting, primarily baccalaureate or above",2019,10732,1611,183242910,195609435,50,36,0,13,1,0,1,44,0,2,15,14,13,13
165024,Bridgewater State University,MA,Massachusetts,"Degree-granting, primarily baccalaureate or above",2020,10732,1389,188781237,194666811,48,36,0,14,1,0,2,46,0,1,14,13,14,12
165024,Bridgewater State University,MA,Massachusetts,"Degree-granting, primarily baccalaureate or above",2021,10732,1382,217243893,185767599,38,32,0,20,1,0,8,45,0,1,15,13,14,12
165024,Bridgewater State University,MA,Massachusetts,"Degree-granting, primarily baccalaureate or above",2022,11051,1570,216031269,205741984,34,37,0,25,1,0,3,47,0,1,15,15,14,9
165820,Fitchburg State University,MA,Massachusetts,"Degree-granting, primarily baccalaureate or above",2015,9935,789,85842499,79963861,37,42,0,12,1,0,8,55,0,1,9,18,13,4
165820,Fitchburg State University,MA,Massachusetts,"Degree-granting, primarily baccalaureate or above",2016,10385,763,86157206,83626154,40,43,0,12,1,0,4,55,0,1,10,17,16,3
165820,Fitchburg State University,MA,Massachusetts,"Degree-granting, primarily baccalaureate or above",2017,10410,751,91300356,89442364,40,43,0,11,1,1,4,55,0,1,9,16,16,3
165820,Fitchburg State University,MA,Massachusetts,"Degree-granting, primarily baccalaureate or above",2018,10354,715,95431221,92645163,41,41,0,12,1,1,3,53,0,1,10,16,16,3
165820,Fitchburg State University,MA,Massachusetts,"Degree-granting, primarily baccalaureate or above",2019,10610,673,105199878,102745294,40,42,0,11,1,1,6,49,0,1,11,19,14,6
165820,Fitchburg State University,MA,Massachusetts,"Degree-granting, primarily baccalaureate or above",2020,10830,661,107171213,106519952,38,41,0,15,1,1,4,48,0,1,11,20,15,5
165820,Fitchburg State University,MA,Massachusetts,"Degree-granting, primarily baccalaureate or above",2021,10830,567,121563034,108049748,33,38,0,15,1,3,10,46,0,1,11,18,16,8
165820,Fitchburg State University,MA,Massachusetts,"Degree-granting, primarily baccalaureate or above",2022,10921,486,127517871,114839641,28,40,0,18,1,-2,15,42,0,1,12,23,17,4
165866,Framingham State University,MA,Massachusetts,"Degree-granting, primarily baccalaureate or above",2015,8700,855,115141563,76237161,29,28,0,7,2,1,32,46,2,0,16,18,14,3
165866,Framingham State University,MA,Massachusetts,"Degree-granting, primarily baccalaureate or above",2016,9920,749,106975460,93187371,32,33,0,10,2,2,21,41,2,0,15,16,14,12
165866,Framingham State University,MA,Massachusetts,"Degree-granting, primarily baccalaureate or above",2017,9920,764,102657293,88476502,34,36,0,15,0,4,10,46,2,0,17,18,16,0
165866,Framingham State University,MA,Massachusetts,"Degree-granting, primarily baccalaureate or above",2018,10520,767,96626481,98214254,36,39,0,15,1,4,5,35,0,0,14,14,12,25
165866,Framingham State University,MA,Massachusetts,"Degree-granting, primarily baccalaureate or above",2019,11100,776,109451193,109180352,33,39,0,14,2,4,8,32,0,0,14,13,11,29
165866,Framingham State University,MA,Massachusetts,"Degree-granting, primarily baccalaureate or above",2020,11380,615,106021016,108403371,33,42,0,15,3,3,5,32,0,0,14,13,11,28
165866,Framingham State University,MA,Massachusetts,"Degree-granting, primarily baccalaureate or above",2021,11380,580,115290958,99085135,29,39,0,15,1,12,4,44,0,0,19,18,13,6
165866,Framingham State University,MA,Massachusetts,"Degree-granting, primarily baccalaureate or above",2022,11380,490,101540183,116950135,27,50,0,21,3,-7,6,27,0,0,12,12,11,37
166674,Massachusetts College of Art and Design,MA,Massachusetts,"Degree-granting, primarily baccalaureate or above",2015,11725,293,55395466,54747493,41,43,0,6,0,0,10,46,0,1,11,10,18,15
166674,Massachusetts College of Art and Design,MA,Massachusetts,"Degree-granting, primarily baccalaureate or above",2016,12200,374,56820706,57922274,39,45,0,5,0,0,10,42,0,1,10,10,17,19
166674,Massachusetts College of Art and Design,MA,Massachusetts,"Degree-granting, primarily baccalaureate or above",2017,12700,424,59902873,61198267,39,45,0,5,0,0,11,42,0,2,10,10,18,19
166674,Massachusetts College of Art and Design,MA,Massachusetts,"Degree-granting, primarily baccalaureate or above",2018,13200,364,64165416,61001896,40,43,0,6,0,0,11,41,0,2,11,10,19,18
166674,Massachusetts College of Art and Design,MA,Massachusetts,"Degree-granting, primarily baccalaureate or above",2019,13700,383,77315664,64086785,34,39,0,5,0,0,22,40,0,1,11,10,19,19
166674,Massachusetts College of Art and Design,MA,Massachusetts,"Degree-granting, primarily baccalaureate or above",2020,14200,331,68864133,65704664,42,44,0,7,0,0,7,41,0,1,11,10,18,19
166674,Massachusetts College of Art and Design,MA,Massachusetts,"Degree-granting, primarily baccalaureate or above",2021,14200,387,68646772,64792508,37,45,0,9,0,0,9,39,0,1,12,10,20,18
166674,Massachusetts College of Art and Design,MA,Massachusetts,"Degree-granting, primarily baccalaureate or above",2022,14570,409,71629103,75922280,33,47,0,14,0,0,6,34,0,1,10,9,17,29
167288,Massachusetts College of Liberal Arts,MA,Massachusetts,"Degree-granting, primarily baccalaureate or above",2015,9475,270,51558541,38204891,19,38,0,11,1,0,30,44,0,0,14,17,23,3
167288,Massachusetts College of Liberal Arts,MA,Massachusetts,"Degree-granting, primarily baccalaureate or above",2016,9875,327,44474901,39683845,21,47,0,12,1,0,19,45,0,0,14,17,22,3
167288,Massachusetts College of Liberal Arts,MA,Massachusetts,"Degree-granting, primarily baccalaureate or above",2017,10135,289,42407251,42085520,23,52,0,12,2,0,12,45,0,0,14,16,22,3
167288,Massachusetts College of Liberal Arts,MA,Massachusetts,"Degree-granting, primarily baccalaureate or above",2018,10559,262,41049102,42561912,24,54,0,13,2,0,8,44,0,0,15,17,22,3
167288,Massachusetts College of Liberal Arts,MA,Massachusetts,"Degree-granting, primarily baccalaureate or above",2019,10930,285,41558718,44285107,23,58,0,12,2,0,5,42,0,0,14,17,22,4
167288,Massachusetts College of Liberal Arts,MA,Massachusetts,"Degree-granting, primarily baccalaureate or above",2020,11433,171,43719497,44136623,21,57,0,13,2,0,7,42,0,0,13,16,23,6
167288,Massachusetts College of Liberal Arts,MA,Massachusetts,"Degree-granting, primarily baccalaureate or above",2021,11433,167,44184376,42857145,18,58,0,12,2,0,9,41,0,0,14,15,23,7
167288,Massachusetts College of Liberal Arts,MA,Massachusetts,"Degree-granting, primarily baccalaureate or above",2022,11590,177,47347284,45806696,13,60,0,10,2,0,15,41,0,0,15,16,19,9
166692,Massachusetts Maritime Academy,MA,Massachusetts,"Degree-granting, primarily baccalaureate or above",2015,7630,385,46329162,41824552,36,44,0,4,3,2,11,38,0,0,15,20,19,7
166692,Massachusetts Maritime Academy,MA,Massachusetts,"Degree-granting, primarily baccalaureate or above",2016,8004,402,43492001,43755040,44,47,0,4,4,-1,3,39,0,0,15,18,19,9
166692,Massachusetts Maritime Academy,MA,Massachusetts,"Degree-granting, primarily baccalaureate or above",2017,8398,392,51822379,48361024,42,44,0,5,3,5,2,40,0,0,16,17,19,8
166692,Massachusetts Maritime Academy,MA,Massachusetts,"Degree-granting, primarily baccalaureate or above",2018,9728,399,53066493,48428259,43,43,0,5,4,4,1,39,0,0,15,18,18,10
166692,Massachusetts Maritime Academy,MA,Massachusetts,"Degree-granting, primarily baccalaureate or above",2019,10018,404,59748504,52718795,40,42,0,6,4,4,4,38,0,0,15,19,18,9
166692,Massachusetts Maritime Academy,MA,Massachusetts,"Degree-granting, primarily baccalaureate or above",2020,11687,327,68092552,56216081,39,38,0,8,3,2,10,38,0,0,15,19,17,11
166692,Massachusetts Maritime Academy,MA,Massachusetts,"Degree-granting, primarily baccalaureate or above",2021,14389,321,69490958,54260887,34,38,0,7,1,13,8,36,0,0,15,18,18,13
166692,Massachusetts Maritime Academy,MA,Massachusetts,"Degree-granting, primarily baccalaureate or above",2022,10634,317,71573962,68032535,34,40,0,13,2,-7,17,32,0,0,17,17,22,12
167729,Salem State University,MA,Massachusetts,"Degree-granting, primarily baccalaureate or above",2015,9246,1093,139600352,141643360,41,39,0,14,1,0,4,49,0,1,13,13,20,4
167729,Salem State University,MA,Massachusetts,"Degree-granting, primarily baccalaureate or above",2016,9736,1145,142923140,153763766,44,39,0,13,2,0,2,40,0,1,10,13,17,19
167729,Salem State University,MA,Massachusetts,"Degree-granting, primarily baccalaureate or above",2017,10278,1094,157931078,161860762,42,37,0,12,1,1,6,40,0,1,10,12,17,20
167729,Salem State University,MA,Massachusetts,"Degree-granting, primarily baccalaureate or above",2018,10642,1111,157537056,165795339,44,38,0,12,2,1,3,40,0,1,11,12,16,21
167729,Salem State University,MA,Massachusetts,"Degree-granting, primarily baccalaureate or above",2019,11128,1011,161598505,170788033,42,41,0,12,2,1,2,40,0,1,11,12,13,24
167729,Salem State University,MA,Massachusetts,"Degree-granting, primarily baccalaureate or above",2020,11675,996,164803671,166553297,40,40,0,15,2,1,2,39,0,1,11,12,12,26
167729,Salem State University,MA,Massachusetts,"Degree-granting, primarily baccalaureate or above",2021,11675,939,173706208,143902986,36,39,0,18,1,3,3,36,0,1,10,12,9,31
167729,Salem State University,MA,Massachusetts,"Degree-granting, primarily baccalaureate or above",2022,11978,863,177068352,168238415,32,44,0,24,2,-3,2,31,0,1,9,11,11,38
166629,University of Massachusetts-Amherst,MA,Massachusetts,"Degree-granting, primarily baccalaureate or above",2015,14171,4702,908741000,829860602,38,33,0,14,5,1,9,49,16,4,9,8,10,3
166629,University of Massachusetts-Amherst,MA,Massachusetts,"Degree-granting, primarily baccalaureate or above",2016,14971,4679,970334000,884028727,38,33,0,14,7,0,9,50,16,4,9,8,10,2
166629,University of Massachusetts-Amherst,MA,Massachusetts,"Degree-granting, primarily baccalaureate or above",2017,15411,4752,1028858000,919444193,36,34,0,13,5,3,9,51,15,4,10,8,10,3
166629,University of Massachusetts-Amherst,MA,Massachusetts,"Degree-granting, primarily baccalaureate or above",2018,15887,5047,1040035291,991024710,38,35,0,13,6,3,6,51,15,3,9,8,10,4
166629,University of Massachusetts-Amherst,MA,Massachusetts,"Degree-granting, primarily baccalaureate or above",2019,16389,5766,1069837146,1023586952,38,35,0,14,6,4,4,52,15,3,9,8,10,3
166629,University of Massachusetts-Amherst,MA,Massachusetts,"Degree-granting, primarily baccalaureate or above",2020,16439,5055,1093256519,1043049911,39,35,0,15,5,2,4,53,14,3,9,7,11,3
166629,University of Massachusetts-Amherst,MA,Massachusetts,"Degree-granting, primarily baccalaureate or above",2021,16439,4872,1189876075,1085023386,36,34,0,16,5,2,7,52,14,3,10,6,12,3
166629,University of Massachusetts-Amherst,MA,Massachusetts,"Degree-granting, primarily baccalaureate or above",2022,16952,5589,1230171897,1123843712,36,34,0,19,7,-4,9,52,15,3,8,7,11,4
166638,University of Massachusetts-Boston,MA,Massachusetts,"Degree-granting, primarily baccalaureate or above",2015,12682,1680,401527000,370767000,42,27,0,15,3,1,10,46,12,3,10,7,17,4
166638,University of Massachusetts-Boston,MA,Massachusetts,"Degree-granting, primarily baccalaureate or above",2016,13435,1651,452421000,409705000,41,26,0,15,3,2,13,46,11,2,10,8,17,5
166638,University of Massachusetts-Boston,MA,Massachusetts,"Degree-granting, primarily baccalaureate or above",2017,13828,1881,451293000,417508000,41,29,0,15,3,2,9,47,13,2,10,8,16,4
166638,University of Massachusetts-Boston,MA,Massachusetts,"Degree-granting, primarily baccalaureate or above",2018,14167,2315,455037000,422950000,41,30,0,15,3,2,9,47,11,2,10,8,16,5
166638,University of Massachusetts-Boston,MA,Massachusetts,"Degree-granting, primarily baccalaureate or above",2019,14613,2123,446870000,418188000,40,31,0,14,5,2,7,49,11,2,10,9,14,4
166638,University of Massachusetts-Boston,MA,Massachusetts,"Degree-granting, primarily baccalaureate or above",2020,14677,2229,464133000,427172000,39,32,0,15,5,1,8,48,9,2,11,9,16,5
166638,University of Massachusetts-Boston,MA,Massachusetts,"Degree-granting, primarily baccalaureate or above",2021,14737,2246,506598000,443461000,36,30,0,20,4,2,9,47,10,3,10,9,14,8
166638,University of Massachusetts-Boston,MA,Massachusetts,"Degree-granting, primarily baccalaureate or above",2022,15132,2441,464929000,469201000,36,34,0,24,4,-2,3,45,9,3,9,9,17,8
167987,University of Massachusetts-Dartmouth,MA,Massachusetts,"Degree-granting, primarily baccalaureate or above",2015,12588,1430,201294000,189342000,36,35,0,13,2,2,12,45,10,2,19,8,12,4
167987,University of Massachusetts-Dartmouth,MA,Massachusetts,"Degree-granting, primarily baccalaureate or above",2016,13188,1367,222503000,197237000,34,34,0,12,2,2,16,47,8,2,19,9,12,4
167987,University of Massachusetts-Dartmouth,MA,Massachusetts,"Degree-granting, primarily baccalaureate or above",2017,13571,1333,210578000,197709000,37,38,0,13,2,2,8,48,7,2,13,12,16,3
167987,University of Massachusetts-Dartmouth,MA,Massachusetts,"Degree-granting, primarily baccalaureate or above",2018,13921,1421,207454000,212117000,38,40,0,14,1,2,5,46,7,2,13,11,19,2
167987,University of Massachusetts-Dartmouth,MA,Massachusetts,"Degree-granting, primarily baccalaureate or above",2019,14358,1320,212344000,215478000,37,41,0,13,3,2,4,46,7,2,14,11,16,4
167987,University of Massachusetts-Dartmouth,MA,Massachusetts,"Degree-granting, primarily baccalaureate or above",2020,14408,1282,217755000,216274000,37,43,0,12,4,2,2,47,7,2,14,10,17,3
167987,University of Massachusetts-Dartmouth,MA,Massachusetts,"Degree-granting, primarily baccalaureate or above",2021,14408,1265,249740000,224168000,33,38,0,16,3,2,8,45,7,2,14,8,20,5
167987,University of Massachusetts-Dartmouth,MA,Massachusetts,"Degree-granting, primarily baccalaureate or above",2022,14854,1319,257346000,230272000,29,38,0,17,3,-1,14,44,8,2,14,10,17,6
166513,University of Massachusetts-Lowell,MA,Massachusetts,"Degree-granting, primarily baccalaureate or above",2015,13427,1633,354094000,350420000,47,27,0,13,4,1,9,42,16,0,11,12,16,4
166513,University of Massachusetts-Lowell,MA,Massachusetts,"Degree-granting, primarily baccalaureate or above",2016,14307,1738,397315000,375570000,45,26,0,11,3,2,13,42,16,0,13,12,14,3
166513,University of Massachusetts-Lowell,MA,Massachusetts,"Degree-granting, primarily baccalaureate or above",2017,14800,2039,426615000,383519000,44,26,0,10,3,2,14,43,15,0,12,12,15,3
166513,University of Massachusetts-Lowell,MA,Massachusetts,"Degree-granting, primarily baccalaureate or above",2018,15180,2117,405337000,411534000,48,29,0,12,3,2,6,42,15,0,12,12,14,4
166513,University of Massachusetts-Lowell,MA,Massachusetts,"Degree-granting, primarily baccalaureate or above",2019,15648,2391,420003000,426455000,46,29,0,13,4,2,5,42,17,0,12,11,14,3
166513,University of Massachusetts-Lowell,MA,Massachusetts,"Degree-granting, primarily baccalaureate or above",2020,15698,2082,438021000,441888000,45,29,0,15,4,1,6,43,18,0,12,11,13,3
166513,University of Massachusetts-Lowell,MA,Massachusetts,"Degree-granting, primarily baccalaureate or above",2021,15698,1907,471662000,437713000,44,28,0,17,4,3,4,43,19,0,12,9,12,4
166513,University of Massachusetts-Lowell,MA,Massachusetts,"Degree-granting, primarily baccalaureate or above",2022,16182,1937,478343000,489850000,39,29,0,21,6,-2,6,39,20,0,14,10,11,5
168263,Westfield State University,MA,Massachusetts,"Degree-granting, primarily baccalaureate or above",2015,8815,1292,99469779,82570317,43,32,0,11,0,0,13,53,0,0,13,18,14,3
168263,Westfield State University,MA,Massachusetts,"Degree-granting, primarily baccalaureate or above",2016,9275,1068,111912151,86540353,40,30,0,10,1,0,19,53,0,1,13,17,14,3
168263,Westfield State University,MA,Massachusetts,"Degree-granting, primarily baccalaureate or above",2017,9715,1011,107421166,93361687,44,33,0,10,1,0,11,53,0,0,14,17,13,3
168263,Westfield State University,MA,Massachusetts,"Degree-granting, primarily baccalaureate or above",2018,10429,1003,103855985,100875063,47,34,0,12,1,0,6,51,0,0,15,17,14,3
168263,Westfield State University,MA,Massachusetts,"Degree-granting, primarily baccalaureate or above",2019,10849,1043,107843328,107371813,46,36,0,12,1,0,5,51,0,1,15,17,13,3
168263,Westfield State University,MA,Massachusetts,"Degree-granting, primarily baccalaureate or above",2020,11139,836,121209108,113060171,41,33,0,13,1,1,12,45,0,1,13,16,12,13
168263,Westfield State University,MA,Massachusetts,"Degree-granting, primarily baccalaureate or above",2021,11139,802,121826365,102279738,36,34,0,17,0,4,8,48,0,0,14,14,13,11
168263,Westfield State University,MA,Massachusetts,"Degree-granting, primarily baccalaureate or above",2022,11500,803,121877338,102996615,35,39,0,23,1,-2,6,48,0,0,15,17,14,6
168430,Worcester State University,MA,Massachusetts,"Degree-granting, primarily baccalaureate or above",2015,8857,814,85983674,78343768,42,37,0,20,0,1,0,56,0,2,9,12,18,3
168430,Worcester State University,MA,Massachusetts,"Degree-granting, primarily baccalaureate or above",2016,9202,791,87152797,85026238,40,39,0,20,0,1,0,49,0,1,11,13,22,3
168430,Worcester State University,MA,Massachusetts,"Degree-granting, primarily baccalaureate or above",2017,9532,910,90120393,89237913,41,39,0,21,0,0,0,50,0,2,11,16,19,3
168430,Worcester State University,MA,Massachusetts,"Degree-granting, primarily baccalaureate or above",2018,10161,891,93941208,93939086,41,38,0,18,3,0,0,50,0,2,10,16,19,3
168430,Worcester State University,MA,Massachusetts,"Degree-granting, primarily baccalaureate or above",2019,10586,886,105464761,99673864,38,37,0,17,3,1,4,42,0,0,6,12,14,26
168430,Worcester State University,MA,Massachusetts,"Degree-granting, primarily baccalaureate or above",2020,10586,807,103074587,103075668,38,33,0,19,1,1,7,44,0,0,6,11,12,27
168430,Worcester State University,MA,Massachusetts,"Degree-granting, primarily baccalaureate or above",2021,10586,756,105376086,100230450,39,40,0,9,2,0,11,43,0,0,6,11,13,27
168430,Worcester State University,MA,Massachusetts,"Degree-granting, primarily baccalaureate or above",2022,10786,799,120543795,109027344,33,39,0,9,2,-1,18,41,0,0,6,10,12,31
162007,Bowie State University,MD,Maryland,"Degree-granting, primarily baccalaureate or above",2015,7660,591,91857631,78525894,26,44,0,20,1,1,8,44,1,0,18,10,22,4
162007,Bowie State University,MD,Maryland,"Degree-granting, primarily baccalaureate or above",2016,7880,967,133488467,82944228,17,31,0,15,0,1,36,43,1,0,18,12,22,3
162007,Bowie State University,MD,Maryland,"Degree-granting, primarily baccalaureate or above",2017,8064,1086,127097571,84259768,19,35,0,17,0,1,28,45,0,0,18,13,20,3
162007,Bowie State University,MD,Maryland,"Degree-granting, primarily baccalaureate or above",2018,8234,909,104870036,98529523,26,42,0,21,0,1,9,50,1,0,17,11,19,2
162007,Bowie State University,MD,Maryland,"Degree-granting, primarily baccalaureate or above",2019,8444,821,102129738,107700535,29,45,0,22,0,2,2,43,1,0,17,10,20,10
162007,Bowie State University,MD,Maryland,"Degree-granting, primarily baccalaureate or above",2020,8444,970,112035718,115283097,26,43,0,28,0,1,1,38,1,0,18,11,20,12
162007,Bowie State University,MD,Maryland,"Degree-granting, primarily baccalaureate or above",2021,8558,913,126605856,124887674,22,37,0,36,0,1,5,36,1,0,22,18,18,4
162007,Bowie State University,MD,Maryland,"Degree-granting, primarily baccalaureate or above",2022,8748,1188,157050433,146075535,18,32,0,44,0,0,5,30,1,0,25,11,15,19
162283,Coppin State University,MD,Maryland,"Degree-granting, primarily baccalaureate or above",2015,7346,258,89851550,65538709,5,47,0,16,2,0,31,36,0,0,11,8,30,15
162283,Coppin State University,MD,Maryland,"Degree-granting, primarily baccalaureate or above",2016,7438,393,82756247,74986856,6,54,0,15,1,0,24,38,1,0,10,7,30,15
162283,Coppin State University,MD,Maryland,"Degree-granting, primarily baccalaureate or above",2017,7474,411,70072015,76567238,7,66,0,19,1,1,6,34,1,0,11,6,31,17
162283,Coppin State University,MD,Maryland,"Degree-granting, primarily baccalaureate or above",2018,8873,408,68575826,77691463,7,68,0,19,2,0,4,31,1,0,11,8,35,14
162283,Coppin State University,MD,Maryland,"Degree-granting, primarily baccalaureate or above",2019,6716,442,68807718,74911449,7,69,0,18,1,1,4,34,1,0,11,9,28,17
162283,Coppin State University,MD,Maryland,"Degree-granting, primarily baccalaureate or above",2020,6716,301,76825634,76792394,6,64,0,23,1,0,6,34,1,0,11,9,30,16
162283,Coppin State University,MD,Maryland,"Degree-granting, primarily baccalaureate or above",2021,6809,177,87519259,88211611,5,57,0,26,1,1,10,30,1,0,9,7,40,13
162283,Coppin State University,MD,Maryland,"Degree-granting, primarily baccalaureate or above",2022,6904,347,101642184,96075722,5,47,0,30,1,0,17,28,1,0,9,7,38,17
162584,Frostburg State University,MD,Maryland,"Degree-granting, primarily baccalaureate or above",2015,8488,933,92410175,86662728,30,40,0,13,1,0,15,45,0,5,15,8,18,9
162584,Frostburg State University,MD,Maryland,"Degree-granting, primarily baccalaureate or above",2016,8702,831,90639983,89456381,34,43,0,14,1,0,7,45,1,5,13,7,19,9
162584,Frostburg State University,MD,Maryland,"Degree-granting, primarily baccalaureate or above",2017,8914,774,91650504,91739940,32,44,0,14,1,1,7,45,0,5,13,7,20,10
162584,Frostburg State University,MD,Maryland,"Degree-granting, primarily baccalaureate or above",2018,9172,737,86361463,91083636,33,48,0,14,1,1,3,45,0,5,14,7,18,10
162584,Frostburg State University,MD,Maryland,"Degree-granting, primarily baccalaureate or above",2019,9410,740,90683950,94002331,32,47,0,14,2,1,5,39,0,6,12,6,16,21
162584,Frostburg State University,MD,Maryland,"Degree-granting, primarily baccalaureate or above",2020,9410,628,95173732,96499744,30,47,0,14,3,1,6,40,0,5,12,6,15,21
162584,Frostburg State University,MD,Maryland,"Degree-granting, primarily baccalaureate or above",2021,9594,587,105417799,97191625,25,41,0,17,1,2,14,39,0,6,11,5,12,26
162584,Frostburg State University,MD,Maryland,"Degree-granting, primarily baccalaureate or above",2022,9804,497,132702501,102987247,20,34,0,21,1,0,23,37,0,6,11,7,14,26
163453,Morgan State University,MD,Maryland,"Degree-granting, primarily baccalaureate or above",2015,7508,1168,215794809,169102079,19,39,0,20,0,0,21,39,15,0,15,4,22,5
163453,Morgan State University,MD,Maryland,"Degree-granting, primarily baccalaureate or above",2016,7636,1141,236300722,179566392,18,36,0,20,1,0,24,33,15,0,13,4,19,15
163453,Morgan State University,MD,Maryland,"Degree-granting, primarily baccalaureate or above",2017,7766,1204,232942062,203472806,22,40,0,19,1,1,18,32,13,0,12,4,21,17
163453,Morgan State University,MD,Maryland,"Degree-granting, primarily baccalaureate or above",2018,7900,1335,217562426,208082613,23,43,0,21,1,1,12,31,12,0,12,4,20,21
163453,Morgan State University,MD,Maryland,"Degree-granting, primarily baccalaureate or above",2019,8008,1374,246194778,211410685,20,40,0,18,1,1,21,32,12,0,14,4,21,16
163453,Morgan State University,MD,Maryland,"Degree-granting, primarily baccalaureate or above",2020,7628,1213,255587515,222627568,20,41,0,23,1,1,15,30,17,0,11,4,20,18
163453,Morgan State University,MD,Maryland,"Degree-granting, primarily baccalaureate or above",2021,8008,2326,364111081,244312552,13,31,0,30,1,0,25,25,23,0,11,4,19,18
163453,Morgan State University,MD,Maryland,"Degree-granting, primarily baccalaureate or above",2022,8008,2201,286341734,275468468,19,41,0,33,1,0,6,25,20,0,11,6,19,19
163851,Salisbury University,MD,Maryland,"Degree-granting, primarily baccalaureate or above",2015,9086,1189,143175060,108203888,38,31,0,9,1,1,20,56,1,7,10,7,17,2
163851,Salisbury University,MD,Maryland,"Degree-granting, primarily baccalaureate or above",2016,9364,1329,184489604,115158602,31,26,0,7,0,1,35,55,1,7,11,7,17,2
163851,Salisbury University,MD,Maryland,"Degree-granting, primarily baccalaureate or above",2017,9582,1328,128570976,126270659,46,39,0,10,0,2,3,51,1,6,13,7,15,7
163851,Salisbury University,MD,Maryland,"Degree-granting, primarily baccalaureate or above",2018,9824,1289,127025250,131222174,45,42,0,11,0,2,0,49,1,6,14,7,14,9
163851,Salisbury University,MD,Maryland,"Degree-granting, primarily baccalaureate or above",2019,10044,1470,132080809,141592300,44,42,0,11,0,2,2,47,1,5,13,7,13,14
163851,Salisbury University,MD,Maryland,"Degree-granting, primarily baccalaureate or above",2020,10044,1218,140056029,144070722,41,42,0,15,0,2,0,46,1,6,13,6,13,14
163851,Salisbury University,MD,Maryland,"Degree-granting, primarily baccalaureate or above",2021,10188,1217,142212266,146017634,37,43,0,19,0,1,0,45,1,6,13,8,13,14
163851,Salisbury University,MD,Maryland,"Degree-granting, primarily baccalaureate or above",2022,10396,1382,149785051,156503463,33,43,0,21,0,1,3,45,1,6,13,7,13,15
163912,St. Mary's College of Maryland,MD,Maryland,"Degree-granting, primarily baccalaureate or above",2015,13895,394,58692097,54585976,37,38,0,5,3,0,16,49,1,0,5,15,27,4
163912,St. Mary's College of Maryland,MD,Maryland,"Degree-granting, primarily baccalaureate or above",2016,14192,334,66941723,58442244,31,38,0,3,4,1,24,45,1,0,4,15,30,4
163912,St. Mary's College of Maryland,MD,Maryland,"Degree-granting, primarily baccalaureate or above",2017,14496,342,56353155,57434184,34,45,0,4,4,0,14,45,0,0,6,15,30,4
163912,St. Mary's College of Maryland,MD,Maryland,"Degree-granting, primarily baccalaureate or above",2018,14806,376,51880251,56961576,33,47,0,5,4,0,11,44,1,0,5,16,30,4
163912,St. Mary's College of Maryland,MD,Maryland,"Degree-granting, primarily baccalaureate or above",2019,15124,320,64666654,60908286,28,40,0,3,8,1,21,41,1,0,5,16,29,8
163912,St. Mary's College of Maryland,MD,Maryland,"Degree-granting, primarily baccalaureate or above",2020,15124,381,63098674,59688698,27,43,0,3,5,1,21,40,1,0,4,17,29,8
163912,St. Mary's College of Maryland,MD,Maryland,"Degree-granting, primarily baccalaureate or above",2021,15124,381,86356479,63831180,20,32,0,5,0,1,43,40,1,0,4,17,30,8
163912,St. Mary's College of Maryland,MD,Maryland,"Degree-granting, primarily baccalaureate or above",2022,15184,410,90563042,68623252,20,33,0,7,1,0,40,38,1,0,4,18,31,8
164076,Towson University,MD,Maryland,"Degree-granting, primarily baccalaureate or above",2015,9182,2714,294405207,284933480,46,35,0,11,1,1,6,45,2,5,18,8,16,6
164076,Towson University,MD,Maryland,"Degree-granting, primarily baccalaureate or above",2016,9408,2755,304390458,292774368,45,36,0,12,0,1,6,45,2,5,17,8,16,7
164076,Towson University,MD,Maryland,"Degree-granting, primarily baccalaureate or above",2017,9694,2741,310434212,302478036,44,37,0,11,0,2,6,47,2,4,15,9,18,6
164076,Towson University,MD,Maryland,"Degree-granting, primarily baccalaureate or above",2018,9940,2996,325766001,323693644,43,36,0,12,0,2,7,43,2,4,15,8,17,12
164076,Towson University,MD,Maryland,"Degree-granting, primarily baccalaureate or above",2019,10198,2795,381375438,336053293,38,32,0,10,0,2,18,41,1,3,13,8,15,19
164076,Towson University,MD,Maryland,"Degree-granting, primarily baccalaureate or above",2020,10198,2394,432020757,350653688,33,31,0,11,1,1,24,40,1,3,12,8,16,21
164076,Towson University,MD,Maryland,"Degree-granting, primarily baccalaureate or above",2021,10464,2592,367816943,355711406,36,37,0,13,0,1,13,41,1,2,12,7,16,21
164076,Towson University,MD,Maryland,"Degree-granting, primarily baccalaureate or above",2022,10818,2671,398107228,378946644,31,37,0,22,0,1,9,40,1,2,11,6,16,22
161873,University of Baltimore,MD,Maryland,"Degree-granting, primarily baccalaureate or above",2015,8326,141,107528626,106919273,50,31,0,13,2,1,3,43,6,0,14,10,21,6
161873,University of Baltimore,MD,Maryland,"Degree-granting, primarily baccalaureate or above",2016,8596,176,107461422,110011967,48,33,0,13,2,1,3,44,7,0,14,9,21,6
161873,University of Baltimore,MD,Maryland,"Degree-granting, primarily baccalaureate or above",2017,8824,129,109225329,108563757,45,33,0,14,2,1,5,45,8,0,13,10,18,6
161873,University of Baltimore,MD,Maryland,"Degree-granting, primarily baccalaureate or above",2018,8958,76,119616087,113441385,40,31,0,16,4,1,9,40,11,0,13,10,16,9
161873,University of Baltimore,MD,Maryland,"Degree-granting, primarily baccalaureate or above",2019,9096,46,112756599,112001358,40,34,0,18,4,1,3,37,13,0,12,9,15,14
161873,University of Baltimore,MD,Maryland,"Degree-granting, primarily baccalaureate or above",2020,8814,74,110135269,113457955,37,37,0,18,4,1,2,37,15,0,12,9,14,13
161873,University of Baltimore,MD,Maryland,"Degree-granting, primarily baccalaureate or above",2021,9364,66,110901708,110842401,34,39,0,17,5,1,4,36,14,0,13,10,16,11
161873,University of Baltimore,MD,Maryland,"Degree-granting, primarily baccalaureate or above",2022,9506,31,116325861,110566583,30,39,0,19,5,1,7,36,7,9,13,10,14,11
163338,University of Maryland Eastern Shore,MD,Maryland,"Degree-granting, primarily baccalaureate or above",2015,7625,1020,130701330,91117542,13,28,0,23,1,0,34,45,13,4,15,7,15,0
163338,University of Maryland Eastern Shore,MD,Maryland,"Degree-granting, primarily baccalaureate or above",2016,7804,715,110874474,91847742,15,35,0,25,1,0,23,44,13,4,15,7,15,2
163338,University of Maryland Eastern Shore,MD,Maryland,"Degree-granting, primarily baccalaureate or above",2017,8042,565,89427859,95814023,17,46,0,28,2,1,5,48,12,3,12,7,17,1
163338,University of Maryland Eastern Shore,MD,Maryland,"Degree-granting, primarily baccalaureate or above",2018,8302,505,84423210,90680769,17,49,0,29,1,1,3,50,11,3,11,7,17,1
163338,University of Maryland Eastern Shore,MD,Maryland,"Degree-granting, primarily baccalaureate or above",2019,8558,509,88956216,94732282,14,50,0,27,2,1,6,46,12,3,9,6,13,11
163338,University of Maryland Eastern Shore,MD,Maryland,"Degree-granting, primarily baccalaureate or above",2020,8558,469,101495263,97837322,14,45,0,31,1,0,8,49,11,3,9,6,13,9
163338,University of Maryland Eastern Shore,MD,Maryland,"Degree-granting, primarily baccalaureate or above",2021,8724,484,134566917,101279842,9,35,0,25,1,1,28,42,13,4,8,5,20,8
163338,University of Maryland Eastern Shore,MD,Maryland,"Degree-granting, primarily baccalaureate or above",2022,8898,588,139875935,111829456,10,34,0,28,2,0,26,42,14,3,7,5,21,7
163268,University of Maryland-Baltimore County,MD,Maryland,"Degree-granting, primarily baccalaureate or above",2015,11006,1559,353640023,326919457,30,31,0,24,5,0,10,36,22,7,9,6,11,9
163268,University of Maryland-Baltimore County,MD,Maryland,"Degree-granting, primarily baccalaureate or above",2016,11264,1538,357007190,326397498,31,31,0,24,5,0,8,37,23,7,8,6,12,7
163268,University of Maryland-Baltimore County,MD,Maryland,"Degree-granting, primarily baccalaureate or above",2017,11518,1772,357680276,345729629,31,32,0,24,5,1,7,37,22,6,8,6,13,7
163268,University of Maryland-Baltimore County,MD,Maryland,"Degree-granting, primarily baccalaureate or above",2018,11778,1794,393762329,361931820,28,31,0,23,3,1,13,37,20,7,8,7,12,9
163268,University of Maryland-Baltimore County,MD,Maryland,"Degree-granting, primarily baccalaureate or above",2019,12028,1701,436790862,382207962,26,30,0,22,3,1,18,34,19,6,7,6,12,17
163268,University of Maryland-Baltimore County,MD,Maryland,"Degree-granting, primarily baccalaureate or above",2020,9420,1675,393814513,402281762,29,37,0,26,3,1,5,33,20,6,7,7,11,17
163268,University of Maryland-Baltimore County,MD,Maryland,"Degree-granting, primarily baccalaureate or above",2021,12280,2052,402532824,407807286,27,37,0,29,4,1,2,33,19,6,7,5,11,19
163268,University of Maryland-Baltimore County,MD,Maryland,"Degree-granting, primarily baccalaureate or above",2022,12606,2144,447196233,428575192,26,36,0,29,5,0,4,34,19,6,7,6,11,17
163286,University of Maryland-College Park,MD,Maryland,"Degree-granting, primarily baccalaureate or above",2015,9996,3959,1566924890,1472504118,28,30,0,27,7,1,7,36,31,6,12,4,9,2
163286,University of Maryland-College Park,MD,Maryland,"Degree-granting, primarily baccalaureate or above",2016,10181,4551,1701945464,1546672395,27,28,0,26,7,0,10,32,29,6,11,4,8,10
163286,University of Maryland-College Park,MD,Maryland,"Degree-granting, primarily baccalaureate or above",2017,10399,4156,1764003960,1618058188,28,28,0,25,7,1,10,32,29,6,12,4,8,10
163286,University of Maryland-College Park,MD,Maryland,"Degree-granting, primarily baccalaureate or above",2018,10595,4748,1786232938,1665091387,29,28,0,24,7,1,10,32,28,6,12,4,9,10
163286,University of Maryland-College Park,MD,Maryland,"Degree-granting, primarily baccalaureate or above",2019,10779,4279,1840331663,1734529859,29,29,0,24,8,2,8,31,28,5,12,3,9,12
163286,University of Maryland-College Park,MD,Maryland,"Degree-granting, primarily baccalaureate or above",2020,10779,4347,1861876231,1790971505,29,30,0,24,8,1,7,32,28,5,13,4,8,11
163286,University of Maryland-College Park,MD,Maryland,"Degree-granting, primarily baccalaureate or above",2021,10955,6072,1932608923,1810142639,27,30,0,23,7,3,11,32,28,6,12,3,8,10
163286,University of Maryland-College Park,MD,Maryland,"Degree-granting, primarily baccalaureate or above",2022,11233,5849,2054479349,1883235115,26,29,0,25,8,1,11,33,30,5,11,3,9,8
161299,Maine Maritime Academy,ME,Maine,"Degree-granting, primarily baccalaureate or above",2015,12788,208,38314971,33819045,51,22,0,8,3,0,16,31,4,3,6,15,36,7
161299,Maine Maritime Academy,ME,Maine,"Degree-granting, primarily baccalaureate or above",2016,13078,246,39992061,36572015,54,23,0,9,3,1,12,30,3,2,5,14,39,6
161299,Maine Maritime Academy,ME,Maine,"Degree-granting, primarily baccalaureate or above",2017,13278,244,42797565,37210489,50,21,0,7,3,10,10,30,4,2,5,14,40,6
161299,Maine Maritime Academy,ME,Maine,"Degree-granting, primarily baccalaureate or above",2018,13478,222,46793220,36133583,45,21,0,5,4,7,18,32,1,2,5,14,39,7
161299,Maine Maritime Academy,ME,Maine,"Degree-granting, primarily baccalaureate or above",2019,13792,262,49342575,35533423,42,22,0,3,8,7,18,32,1,2,5,16,37,8
161299,Maine Maritime Academy,ME,Maine,"Degree-granting, primarily baccalaureate or above",2020,14058,217,39979180,37212950,51,23,0,5,3,2,15,28,0,2,5,15,40,11
161299,Maine Maritime Academy,ME,Maine,"Degree-granting, primarily baccalaureate or above",2021,14338,207,60016520,37500324,35,15,0,12,2,27,9,31,0,2,5,12,39,11
161299,Maine Maritime Academy,ME,Maine,"Degree-granting, primarily baccalaureate or above",2022,14562,219,36827423,39660935,53,27,0,4,7,-11,19,34,0,2,5,13,35,11
161253,University of Maine,ME,Maine,"Degree-granting, primarily baccalaureate or above",2015,10610,2047,300492000,300621000,30,31,0,18,7,0,14,32,22,14,11,9,9,4
161253,University of Maine,ME,Maine,"Degree-granting, primarily baccalaureate or above",2016,10628,2230,307392000,306001000,30,30,0,18,7,0,15,31,22,13,11,9,9,4
161253,University of Maine,ME,Maine,"Degree-granting, primarily baccalaureate or above",2017,10902,2299,320271000,316709000,32,30,0,16,7,3,12,30,24,13,11,9,11,3
161253,University of Maine,ME,Maine,"Degree-granting, primarily baccalaureate or above",2018,11170,2248,330223000,324338000,33,30,0,16,7,2,13,30,24,12,11,9,10,4
161253,University of Maine,ME,Maine,"Degree-granting, primarily baccalaureate or above",2019,11438,2140,340844000,339698000,33,29,0,16,8,1,14,30,24,12,11,9,10,4
161253,University of Maine,ME,Maine,"Degree-granting, primarily baccalaureate or above",2020,11738,2059,347045000,341858000,32,28,0,18,8,0,13,30,24,11,11,9,10,5
161253,University of Maine,ME,Maine,"Degree-granting, primarily baccalaureate or above",2021,11986,2317,419710000,352926000,28,25,0,18,8,5,16,30,25,11,11,8,10,5
161253,University of Maine,ME,Maine,"Degree-granting, primarily baccalaureate or above",2022,12136,1940,435747000,403720000,28,24,0,24,7,-3,20,29,26,10,10,9,10,6
161226,University of Maine at Farmington,ME,Maine,"Degree-granting, primarily baccalaureate or above",2015,9217,448,32555000,34450000,37,32,0,24,2,0,6,56,2,3,10,16,9,5
161226,University of Maine at Farmington,ME,Maine,"Degree-granting, primarily baccalaureate or above",2016,8695,435,35775000,37214000,32,32,0,28,1,-1,8,56,2,2,8,15,12,5
161226,University of Maine at Farmington,ME,Maine,"Degree-granting, primarily baccalaureate or above",2017,9458,437,37489000,38581000,30,33,0,27,2,4,4,57,2,2,8,15,11,5
161226,University of Maine at Farmington,ME,Maine,"Degree-granting, primarily baccalaureate or above",2018,9118,392,38435000,39742000,30,33,0,26,3,2,6,55,2,2,9,16,11,5
161226,University of Maine at Farmington,ME,Maine,"Degree-granting, primarily baccalaureate or above",2019,9344,384,40763000,40532000,28,31,0,24,4,1,12,55,1,3,8,16,12,5
161226,University of Maine at Farmington,ME,Maine,"Degree-granting, primarily baccalaureate or above",2020,9572,373,43750000,42452000,25,31,0,28,6,0,10,51,2,3,8,16,12,8
161226,University of Maine at Farmington,ME,Maine,"Degree-granting, primarily baccalaureate or above",2021,9590,345,46781000,42121000,21,28,0,28,3,8,12,51,3,3,9,15,11,8
161226,University of Maine at Farmington,ME,Maine,"Degree-granting, primarily baccalaureate or above",2022,9890,264,44250000,44274000,21,32,0,36,1,-5,15,48,3,3,9,14,12,12
161235,University of Maine at Fort Kent,ME,Maine,"Degree-granting, primarily baccalaureate or above",2015,7575,124,14577000,14140000,32,30,0,18,1,0,19,44,0,4,10,20,16,5
161235,University of Maine at Fort Kent,ME,Maine,"Degree-granting, primarily baccalaureate or above",2016,7575,172,16057000,14923000,34,30,0,16,4,0,16,41,1,4,11,20,19,5
161235,University of Maine at Fort Kent,ME,Maine,"Degree-granting, primarily baccalaureate or above",2017,7965,135,16127000,15606000,38,33,0,17,1,1,10,41,1,4,11,18,19,6
161235,University of Maine at Fort Kent,ME,Maine,"Degree-granting, primarily baccalaureate or above",2018,8115,157,16936000,15529000,36,39,0,16,4,1,5,41,1,3,12,20,16,6
161235,University of Maine at Fort Kent,ME,Maine,"Degree-granting, primarily baccalaureate or above",2019,8295,132,17019000,16430000,34,41,0,17,1,1,6,39,1,4,11,21,18,6
161235,University of Maine at Fort Kent,ME,Maine,"Degree-granting, primarily baccalaureate or above",2020,8475,90,18869000,16606000,29,43,0,16,1,0,11,40,1,4,12,22,14,7
161235,University of Maine at Fort Kent,ME,Maine,"Degree-granting, primarily baccalaureate or above",2021,8505,99,21344000,16585000,25,37,0,16,1,2,19,38,1,4,13,22,17,6
161235,University of Maine at Fort Kent,ME,Maine,"Degree-granting, primarily baccalaureate or above",2022,8805,57,19061000,17481000,25,46,0,22,1,-1,8,33,0,3,13,24,16,9
161341,University of Maine at Presque Isle,ME,Maine,"Degree-granting, primarily baccalaureate or above",2015,7300,202,16070000,18287000,21,39,0,26,2,0,11,39,0,9,14,21,12,5
161341,University of Maine at Presque Isle,ME,Maine,"Degree-granting, primarily baccalaureate or above",2016,7436,177,18323000,18316000,18,36,0,24,3,0,19,38,0,9,12,21,14,6
161341,University of Maine at Presque Isle,ME,Maine,"Degree-granting, primarily baccalaureate or above",2017,7884,176,17840000,18249000,19,41,0,24,2,1,14,37,0,9,12,21,16,4
161341,University of Maine at Presque Isle,ME,Maine,"Degree-granting, primarily baccalaureate or above",2018,8035,168,18687000,18886000,22,44,0,24,1,1,9,37,1,10,12,21,15,5
161341,University of Maine at Presque Isle,ME,Maine,"Degree-granting, primarily baccalaureate or above",2019,8330,189,18870000,19285000,22,41,0,24,3,0,11,37,0,9,11,21,15,6
161341,University of Maine at Presque Isle,ME,Maine,"Degree-granting, primarily baccalaureate or above",2020,8585,177,19755000,19455000,20,41,0,26,3,0,10,38,1,9,12,20,16,4
161341,University of Maine at Presque Isle,ME,Maine,"Degree-granting, primarily baccalaureate or above",2021,8638,162,22941000,20571000,19,36,0,27,3,1,13,38,1,7,14,19,16,6
161341,University of Maine at Presque Isle,ME,Maine,"Degree-granting, primarily baccalaureate or above",2022,8750,141,27287000,24428000,17,32,0,31,1,-1,19,37,0,8,13,21,14,8
161554,University of Southern Maine,ME,Maine,"Degree-granting, primarily baccalaureate or above",2015,7796,705,153878000,150991000,35,29,0,21,4,0,11,41,6,14,14,10,10,5
161554,University of Southern Maine,ME,Maine,"Degree-granting, primarily baccalaureate or above",2016,7796,805,145325000,139601000,34,33,0,20,4,0,8,37,5,15,15,12,11,6
161554,University of Southern Maine,ME,Maine,"Degree-granting, primarily baccalaureate or above",2017,8638,923,151206000,147768000,33,34,0,19,5,1,8,36,6,15,14,11,12,6
161554,University of Southern Maine,ME,Maine,"Degree-granting, primarily baccalaureate or above",2018,8918,947,151380000,153776000,35,34,0,19,5,1,7,36,6,14,14,11,13,6
161554,University of Southern Maine,ME,Maine,"Degree-granting, primarily baccalaureate or above",2019,9226,893,154779000,155951000,35,33,0,18,6,1,7,36,6,13,14,12,12,7
161554,University of Southern Maine,ME,Maine,"Degree-granting, primarily baccalaureate or above",2020,9528,808,164107000,159521000,33,32,0,20,5,0,10,36,5,14,14,12,12,7
161554,University of Southern Maine,ME,Maine,"Degree-granting, primarily baccalaureate or above",2021,9904,895,182466000,161570000,30,28,0,22,4,2,13,37,5,14,14,11,12,7
161554,University of Southern Maine,ME,Maine,"Degree-granting, primarily baccalaureate or above",2022,10120,751,203654000,178220000,25,27,0,24,4,-1,20,35,4,14,14,12,11,9
169248,Central Michigan University,MI,Michigan,"Degree-granting, primarily baccalaureate or above",2015,11850,3486,378161248,351687347,59,21,0,10,2,1,7,53,4,6,13,7,11,6
169248,Central Michigan University,MI,Michigan,"Degree-granting, primarily baccalaureate or above",2016,12150,3519,375777702,348711016,59,22,0,9,3,-2,9,55,4,6,14,7,10,4
169248,Central Michigan University,MI,Michigan,"Degree-granting, primarily baccalaureate or above",2017,12510,3076,450584049,371689618,49,19,0,8,2,9,14,48,4,5,16,9,12,6
169248,Central Michigan University,MI,Michigan,"Degree-granting, primarily baccalaureate or above",2018,12960,2732,410003759,360229472,53,21,0,9,3,7,7,48,5,6,16,8,11,6
169248,Central Michigan University,MI,Michigan,"Degree-granting, primarily baccalaureate or above",2019,12960,2473,394827730,358237031,52,22,0,9,2,5,9,47,5,5,16,8,12,7
169248,Central Michigan University,MI,Michigan,"Degree-granting, primarily baccalaureate or above",2020,12960,2088,383387618,354106287,50,21,0,11,5,3,10,45,5,6,16,8,12,9
169248,Central Michigan University,MI,Michigan,"Degree-granting, primarily baccalaureate or above",2021,13200,1910,470637993,331610349,37,19,0,14,4,20,7,44,7,5,16,8,11,8
169248,Central Michigan University,MI,Michigan,"Degree-granting, primarily baccalaureate or above",2022,13650,2019,333362550,328878421,46,29,0,21,4,-12,11,39,8,6,15,8,10,14
169798,Eastern Michigan University,MI,Michigan,"Degree-granting, primarily baccalaureate or above",2015,11209,2872,306313112,313728531,55,24,0,13,2,0,5,49,1,4,12,12,12,10
169798,Eastern Michigan University,MI,Michigan,"Degree-granting, primarily baccalaureate or above",2016,11209,2801,286744149,305821445,63,25,0,14,2,-7,3,50,2,5,13,7,12,11
169798,Eastern Michigan University,MI,Michigan,"Degree-granting, primarily baccalaureate or above",2017,12019,2811,327702428,313687131,53,23,0,11,2,5,6,39,2,4,11,6,10,29
169798,Eastern Michigan University,MI,Michigan,"Degree-granting, primarily baccalaureate or above",2018,12508,2404,311232077,305231256,55,24,0,12,2,2,5,39,2,4,11,6,10,29
169798,Eastern Michigan University,MI,Michigan,"Degree-granting, primarily baccalaureate or above",2019,13233,2152,329797365,318560814,50,24,0,11,3,0,12,38,2,4,11,6,10,29
169798,Eastern Michigan University,MI,Michigan,"Degree-granting, primarily baccalaureate or above",2020,13700,1922,289196160,298670425,56,24,0,14,3,-2,5,36,3,4,10,8,10,29
169798,Eastern Michigan University,MI,Michigan,"Degree-granting, primarily baccalaureate or above",2021,14060,2312,333553159,298242424,45,24,0,23,3,2,4,35,2,5,12,10,8,28
169798,Eastern Michigan University,MI,Michigan,"Degree-granting, primarily baccalaureate or above",2022,16410,2177,353690951,311013870,46,24,0,22,4,1,4,34,2,4,10,12,9,28
169910,Ferris State University,MI,Michigan,"Degree-granting, primarily baccalaureate or above",2015,10970,1967,224357380,227026060,54,22,0,12,4,1,7,51,0,2,15,11,12,8
169910,Ferris State University,MI,Michigan,"Degree-granting, primarily baccalaureate or above",2016,11290,1830,222303341,242229036,56,23,0,12,2,1,6,43,0,2,12,8,12,22
169910,Ferris State University,MI,Michigan,"Degree-granting, primarily baccalaureate or above",2017,11628,1822,234405069,225478674,52,23,0,10,3,5,7,43,0,2,12,8,11,22
169910,Ferris State University,MI,Michigan,"Degree-granting, primarily baccalaureate or above",2018,11788,1882,247454741,237672183,48,22,0,10,3,3,12,42,0,2,13,8,12,23
169910,Ferris State University,MI,Michigan,"Degree-granting, primarily baccalaureate or above",2019,12068,1892,239597718,233067345,48,23,0,10,3,4,11,43,0,2,12,8,11,24
169910,Ferris State University,MI,Michigan,"Degree-granting, primarily baccalaureate or above",2020,12376,1540,221847636,232559276,52,23,0,11,4,2,8,43,0,2,11,8,13,23
169910,Ferris State University,MI,Michigan,"Degree-granting, primarily baccalaureate or above",2021,12740,1405,266741754,211159284,41,21,0,8,3,17,10,40,0,1,11,8,12,27
169910,Ferris State University,MI,Michigan,"Degree-granting, primarily baccalaureate or above",2022,13076,1744,235390615,214651229,44,26,0,10,3,-7,24,37,1,1,10,9,12,31
170082,Grand Valley State University,MI,Michigan,"Degree-granting, primarily baccalaureate or above",2015,11363,4117,408694860,378375524,58,15,0,13,2,1,11,50,2,9,14,9,12,4
170082,Grand Valley State University,MI,Michigan,"Degree-granting, primarily baccalaureate or above",2016,11520,4306,412409877,403727883,60,16,0,12,2,0,9,46,2,8,13,9,11,12
170082,Grand Valley State University,MI,Michigan,"Degree-granting, primarily baccalaureate or above",2017,11994,4117,447990898,412840256,59,15,0,11,2,4,9,46,2,7,13,9,11,12
170082,Grand Valley State University,MI,Michigan,"Degree-granting, primarily baccalaureate or above",2018,12484,4311,454487851,427153635,59,15,0,11,2,3,9,46,2,7,13,9,11,12
170082,Grand Valley State University,MI,Michigan,"Degree-granting, primarily baccalaureate or above",2019,12860,4236,468578410,419105727,58,15,0,10,3,4,9,51,2,8,14,9,12,5
170082,Grand Valley State University,MI,Michigan,"Degree-granting, primarily baccalaureate or above",2020,13244,3786,452919768,425248801,60,14,0,15,2,2,6,49,2,9,14,9,12,6
170082,Grand Valley State University,MI,Michigan,"Degree-granting, primarily baccalaureate or above",2021,13560,3807,523985091,419499584,49,14,0,14,3,10,9,47,2,9,17,8,11,6
170082,Grand Valley State University,MI,Michigan,"Degree-granting, primarily baccalaureate or above",2022,13952,3875,504273995,459713060,51,15,0,24,8,-3,6,43,2,9,14,9,12,11
170639,Lake Superior State University,MI,Michigan,"Degree-granting, primarily baccalaureate or above",2015,10517,435,41005457,38422604,37,31,0,14,10,1,6,45,3,5,11,9,20,8
170639,Lake Superior State University,MI,Michigan,"Degree-granting, primarily baccalaureate or above",2016,11019,392,44943730,38855718,32,30,0,12,9,0,17,45,2,5,12,9,20,6
170639,Lake Superior State University,MI,Michigan,"Degree-granting, primarily baccalaureate or above",2017,11427,361,43827624,36756762,34,31,0,13,9,4,11,45,2,6,12,8,20,7
170639,Lake Superior State University,MI,Michigan,"Degree-granting, primarily baccalaureate or above",2018,11895,411,40225397,36472712,34,34,0,12,9,3,7,46,1,6,12,10,19,6
170639,Lake Superior State University,MI,Michigan,"Degree-granting, primarily baccalaureate or above",2019,12255,319,40927801,37559229,34,35,0,11,9,3,8,42,2,5,11,8,20,11
170639,Lake Superior State University,MI,Michigan,"Degree-granting, primarily baccalaureate or above",2020,12744,335,39647191,37379141,33,32,0,12,10,2,11,44,2,5,10,8,19,11
170639,Lake Superior State University,MI,Michigan,"Degree-granting, primarily baccalaureate or above",2021,13200,373,50963130,33670334,25,28,0,19,8,8,12,46,4,6,11,8,22,4
170639,Lake Superior State University,MI,Michigan,"Degree-granting, primarily baccalaureate or above",2022,13728,279,48102224,37118669,26,37,0,20,9,-6,14,43,7,5,10,7,22,6
171100,Michigan State University,MI,Michigan,"Degree-granting, primarily baccalaureate or above",2015,13560,8173,2083583568,1765472664,38,13,0,18,7,4,19,41,22,14,8,4,8,4
171100,Michigan State University,MI,Michigan,"Degree-granting, primarily baccalaureate or above",2016,14062,8190,2066291306,2017599084,40,13,0,19,7,-5,27,35,17,12,6,3,7,20
171100,Michigan State University,MI,Michigan,"Degree-granting, primarily baccalaureate or above",2017,14460,8366,2597982277,2151533334,33,11,0,15,6,15,20,35,18,13,6,2,7,18
171100,Michigan State University,MI,Michigan,"Degree-granting, primarily baccalaureate or above",2018,14460,8688,2524672090,2678684676,34,11,0,17,6,13,19,30,17,13,7,2,25,6
171100,Michigan State University,MI,Michigan,"Degree-granting, primarily baccalaureate or above",2019,14460,8801,2459459489,2226216708,35,12,0,18,6,10,19,36,21,16,8,3,9,7
171100,Michigan State University,MI,Michigan,"Degree-granting, primarily baccalaureate or above",2020,14460,8389,2455443605,2339833652,37,10,0,19,5,7,22,35,20,17,8,3,9,10
171100,Michigan State University,MI,Michigan,"Degree-granting, primarily baccalaureate or above",2021,14750,9225,3462696373,465414149,25,8,0,16,5,35,11,160,96,69,37,14,43,-319
171100,Michigan State University,MI,Michigan,"Degree-granting, primarily baccalaureate or above",2022,15372,9829,2255839211,2314116136,38,13,0,25,8,-7,23,35,21,16,8,3,8,8
171128,Michigan Technological University,MI,Michigan,"Degree-granting, primarily baccalaureate or above",2015,14286,1277,212277888,206462092,41,22,0,17,12,1,8,35,28,5,11,7,10,3
171128,Michigan Technological University,MI,Michigan,"Degree-granting, primarily baccalaureate or above",2016,14634,1381,217517679,210052706,42,22,0,17,14,0,6,34,28,5,11,7,11,4
171128,Michigan Technological University,MI,Michigan,"Degree-granting, primarily baccalaureate or above",2017,15074,1323,229207752,225929516,42,21,0,15,11,7,4,34,27,5,11,7,12,4
171128,Michigan Technological University,MI,Michigan,"Degree-granting, primarily baccalaureate or above",2018,15646,1245,238504890,229293924,41,21,0,16,12,5,5,33,29,5,12,7,10,5
171128,Michigan Technological University,MI,Michigan,"Degree-granting, primarily baccalaureate or above",2019,15960,1301,241935823,243194042,42,21,0,17,13,3,5,32,27,5,11,7,11,7
171128,Michigan Technological University,MI,Michigan,"Degree-granting, primarily baccalaureate or above",2020,16436,1201,227767351,232694119,44,20,0,15,12,3,5,33,28,4,11,7,11,6
171128,Michigan Technological University,MI,Michigan,"Degree-granting, primarily baccalaureate or above",2021,16966,1479,294736566,224489434,33,17,0,19,16,9,5,33,30,5,11,6,11,4
171128,Michigan Technological University,MI,Michigan,"Degree-granting, primarily baccalaureate or above",2022,17614,1388,252473624,236937763,40,21,0,23,14,-3,5,32,32,4,12,8,10,1
171456,Northern Michigan University,MI,Michigan,"Degree-granting, primarily baccalaureate or above",2015,9620,1426,140056687,125917244,43,32,0,12,3,0,10,45,1,10,13,14,11,6
171456,Northern Michigan University,MI,Michigan,"Degree-granting, primarily baccalaureate or above",2016,9766,1355,137442405,133385963,43,33,0,12,3,2,8,39,1,8,12,14,11,16
171456,Northern Michigan University,MI,Michigan,"Degree-granting, primarily baccalaureate or above",2017,10240,1501,138228811,130129534,44,34,0,11,3,2,7,38,1,8,11,15,10,17
171456,Northern Michigan University,MI,Michigan,"Degree-granting, primarily baccalaureate or above",2018,10729,1624,143146072,136635863,43,33,0,11,3,1,9,38,1,8,10,15,10,18
171456,Northern Michigan University,MI,Michigan,"Degree-granting, primarily baccalaureate or above",2019,11255,1610,153405889,144193084,43,31,0,11,3,4,8,39,1,8,10,15,10,17
171456,Northern Michigan University,MI,Michigan,"Degree-granting, primarily baccalaureate or above",2020,11680,1360,159116021,144806152,45,28,0,13,3,4,8,38,1,6,11,13,11,20
171456,Northern Michigan University,MI,Michigan,"Degree-granting, primarily baccalaureate or above",2021,12172,1496,178256882,138628860,38,27,0,20,2,5,7,36,1,7,11,12,11,22
171456,Northern Michigan University,MI,Michigan,"Degree-granting, primarily baccalaureate or above",2022,12648,1416,161639309,147276611,45,33,0,18,3,-8,9,34,1,6,10,13,11,25
171571,Oakland University,MI,Michigan,"Degree-granting, primarily baccalaureate or above",2015,11344,2713,291466817,273824546,61,17,0,11,2,2,7,51,4,2,14,14,10,5
171571,Oakland University,MI,Michigan,"Degree-granting, primarily baccalaureate or above",2016,12064,2595,304522627,289257754,66,16,0,10,2,2,5,48,4,2,17,14,10,5
171571,Oakland University,MI,Michigan,"Degree-granting, primarily baccalaureate or above",2017,11970,2456,325366397,298382426,64,15,0,9,2,5,4,47,4,2,19,14,11,4
171571,Oakland University,MI,Michigan,"Degree-granting, primarily baccalaureate or above",2018,12606,2700,326328337,300741986,63,16,0,10,2,4,5,47,4,2,19,14,10,3
171571,Oakland University,MI,Michigan,"Degree-granting, primarily baccalaureate or above",2019,13346,2667,339782811,303038979,62,16,0,9,2,6,5,48,4,2,19,14,10,3
171571,Oakland University,MI,Michigan,"Degree-granting, primarily baccalaureate or above",2020,13934,2258,334453019,310071560,65,14,0,11,2,3,5,47,4,2,19,13,10,5
171571,Oakland University,MI,Michigan,"Degree-granting, primarily baccalaureate or above",2021,13934,2025,404059999,307662743,52,13,0,14,2,13,6,50,4,1,18,12,9,6
171571,Oakland University,MI,Michigan,"Degree-granting, primarily baccalaureate or above",2022,14476,2117,333481707,334405439,60,17,0,24,3,-10,7,46,5,1,18,13,8,9
172051,Saginaw Valley State University,MI,Michigan,"Degree-granting, primarily baccalaureate or above",2015,8968,1573,132053162,112757807,53,21,0,13,4,0,9,49,1,3,16,11,13,7
172051,Saginaw Valley State University,MI,Michigan,"Degree-granting, primarily baccalaureate or above",2016,9345,1353,133782577,117046797,54,21,0,12,5,0,8,47,1,3,16,12,13,7
172051,Saginaw Valley State University,MI,Michigan,"Degree-granting, primarily baccalaureate or above",2017,9819,1231,129133821,115834717,54,23,0,12,4,0,8,47,1,4,16,13,12,7
172051,Saginaw Valley State University,MI,Michigan,"Degree-granting, primarily baccalaureate or above",2018,10308,1577,130936764,115378005,52,23,0,12,4,0,9,48,1,4,16,13,13,6
172051,Saginaw Valley State University,MI,Michigan,"Degree-granting, primarily baccalaureate or above",2019,10814,1470,137988438,119758519,50,22,0,12,4,2,9,47,2,4,15,13,12,7
172051,Saginaw Valley State University,MI,Michigan,"Degree-granting, primarily baccalaureate or above",2020,10814,1383,141934275,117784418,49,19,0,13,4,2,13,47,2,4,14,12,13,9
172051,Saginaw Valley State University,MI,Michigan,"Degree-granting, primarily baccalaureate or above",2021,11130,1336,145666452,118228261,43,21,0,24,4,0,7,46,2,3,12,11,12,12
172051,Saginaw Valley State University,MI,Michigan,"Degree-granting, primarily baccalaureate or above",2022,11565,1337,142177401,127892216,41,23,0,26,5,-2,8,43,2,4,12,12,13,14
170976,University of Michigan-Ann Arbor,MI,Michigan,"Degree-granting, primarily baccalaureate or above",2015,13856,6092,3186994000,2836514000,31,9,0,27,11,11,10,37,28,7,13,4,7,5
170976,University of Michigan-Ann Arbor,MI,Michigan,"Degree-granting, primarily baccalaureate or above",2016,14402,6689,2768181000,3000759000,36,11,0,33,13,-5,11,36,29,6,13,4,7,5
170976,University of Michigan-Ann Arbor,MI,Michigan,"Degree-granting, primarily baccalaureate or above",2017,14826,6879,4469286000,3185536000,24,7,0,22,9,31,7,37,29,6,13,4,7,5
170976,University of Michigan-Ann Arbor,MI,Michigan,"Degree-granting, primarily baccalaureate or above",2018,15262,6695,4494847000,3500056000,26,7,0,22,9,28,8,34,26,6,12,3,7,11
170976,University of Michigan-Ann Arbor,MI,Michigan,"Degree-granting, primarily baccalaureate or above",2019,15558,6830,4145636000,3649405000,29,8,0,25,10,19,9,34,26,5,13,3,7,11
170976,University of Michigan-Ann Arbor,MI,Michigan,"Degree-granting, primarily baccalaureate or above",2020,15948,6879,3787936000,3685861000,34,8,0,31,11,9,8,34,26,5,13,4,7,11
170976,University of Michigan-Ann Arbor,MI,Michigan,"Degree-granting, primarily baccalaureate or above",2021,16178,7290,8694951000,3867640000,15,4,0,15,5,58,3,31,24,7,12,3,9,15
170976,University of Michigan-Ann Arbor,MI,Michigan,"Degree-granting, primarily baccalaureate or above",2022,16736,7050,4183994000,4265880000,34,8,0,30,11,7,9,30,23,6,12,3,13,14
171137,University of Michigan-Dearborn,MI,Michigan,"Degree-granting, primarily baccalaureate or above",2015,11304,985,140228000,123977000,58,17,0,11,3,1,10,55,3,1,15,9,13,3
171137,University of Michigan-Dearborn,MI,Michigan,"Degree-granting, primarily baccalaureate or above",2016,12032,1074,158086000,133603000,53,15,0,10,2,0,19,54,3,1,17,9,12,4
171137,University of Michigan-Dearborn,MI,Michigan,"Degree-granting, primarily baccalaureate or above",2017,12472,1106,150876000,137802000,59,16,0,11,2,4,7,53,3,1,17,9,12,5
171137,University of Michigan-Dearborn,MI,Michigan,"Degree-granting, primarily baccalaureate or above",2018,12930,1093,157009000,144293000,57,16,0,12,4,3,7,53,3,1,17,10,12,3
171137,University of Michigan-Dearborn,MI,Michigan,"Degree-granting, primarily baccalaureate or above",2019,13304,1015,151208000,148267000,62,17,0,13,4,3,2,53,3,2,17,9,13,3
171137,University of Michigan-Dearborn,MI,Michigan,"Degree-granting, primarily baccalaureate or above",2020,13552,1003,154312000,150913000,61,15,0,14,4,0,6,52,3,2,17,9,13,5
171137,University of Michigan-Dearborn,MI,Michigan,"Degree-granting, primarily baccalaureate or above",2021,13816,1084,200532000,140287000,44,13,0,18,2,11,13,51,3,9,16,9,6,5
171137,University of Michigan-Dearborn,MI,Michigan,"Degree-granting, primarily baccalaureate or above",2022,14320,1005,187402000,160088000,43,15,0,24,2,5,11,49,3,9,16,9,8,8
171146,University of Michigan-Flint,MI,Michigan,"Degree-granting, primarily baccalaureate or above",2015,9936,642,127727000,113633000,58,17,0,12,2,3,8,54,1,4,12,10,14,5
171146,University of Michigan-Flint,MI,Michigan,"Degree-granting, primarily baccalaureate or above",2016,10344,640,134823000,122772000,55,16,0,11,1,0,16,55,1,4,11,10,14,5
171146,University of Michigan-Flint,MI,Michigan,"Degree-granting, primarily baccalaureate or above",2017,11190,688,140878000,123937000,51,16,0,10,10,9,4,54,1,4,11,9,14,6
171146,University of Michigan-Flint,MI,Michigan,"Degree-granting, primarily baccalaureate or above",2018,11304,669,126673000,124254000,56,18,0,13,2,8,3,52,1,5,11,9,14,8
171146,University of Michigan-Flint,MI,Michigan,"Degree-granting, primarily baccalaureate or above",2019,12202,604,124483000,124821000,59,19,0,11,1,7,3,53,1,5,13,8,13,7
171146,University of Michigan-Flint,MI,Michigan,"Degree-granting, primarily baccalaureate or above",2020,12744,559,127847000,121787000,59,17,0,12,0,0,13,52,1,4,12,8,14,10
171146,University of Michigan-Flint,MI,Michigan,"Degree-granting, primarily baccalaureate or above",2021,12750,493,206517000,120073000,36,12,0,13,6,20,14,49,1,7,11,7,8,16
171146,University of Michigan-Flint,MI,Michigan,"Degree-granting, primarily baccalaureate or above",2022,13242,521,152056000,126220000,44,17,0,17,3,12,6,47,1,8,11,8,13,12
172644,Wayne State University,MI,Michigan,"Degree-granting, primarily baccalaureate or above",2015,12064,2562,825066581,808501846,32,23,0,20,16,1,8,41,22,8,11,5,11,2
172644,Wayne State University,MI,Michigan,"Degree-granting, primarily baccalaureate or above",2016,12519,2588,838121000,798704000,32,23,0,19,15,2,10,40,23,8,11,6,11,2
172644,Wayne State University,MI,Michigan,"Degree-granting, primarily baccalaureate or above",2017,12979,2653,878407000,821535000,32,22,0,19,21,1,5,38,23,8,11,6,12,2
172644,Wayne State University,MI,Michigan,"Degree-granting, primarily baccalaureate or above",2018,13097,3038,852160000,832897000,33,23,0,19,18,0,6,38,23,8,11,5,12,2
172644,Wayne State University,MI,Michigan,"Degree-granting, primarily baccalaureate or above",2019,13517,2968,864990000,854224000,33,23,0,20,16,3,6,37,22,9,12,6,13,2
172644,Wayne State University,MI,Michigan,"Degree-granting, primarily baccalaureate or above",2020,13517,3120,862473000,853857000,34,21,0,23,14,2,6,38,22,8,12,6,12,3
172644,Wayne State University,MI,Michigan,"Degree-granting, primarily baccalaureate or above",2021,14043,2732,929676000,829119000,30,23,0,23,15,3,6,38,21,8,11,6,12,4
172644,Wayne State University,MI,Michigan,"Degree-granting, primarily baccalaureate or above",2022,14675,2577,895271000,875024000,31,23,0,27,17,-5,6,37,21,8,11,6,12,6
172699,Western Michigan University,MI,Michigan,"Degree-granting, primarily baccalaureate or above",2015,11535,2988,464591013,449130027,50,22,0,10,8,0,10,46,5,3,15,7,10,14
172699,Western Michigan University,MI,Michigan,"Degree-granting, primarily baccalaureate or above",2016,12112,2930,489268277,512309502,48,21,0,9,10,0,11,43,4,2,13,5,10,23
172699,Western Michigan University,MI,Michigan,"Degree-granting, primarily baccalaureate or above",2017,11943,3178,503505687,466488733,48,21,0,9,9,3,10,50,5,2,15,5,10,13
172699,Western Michigan University,MI,Michigan,"Degree-granting, primarily baccalaureate or above",2018,12483,3023,498463521,449626479,49,22,0,9,8,2,9,52,5,2,14,6,12,10
172699,Western Michigan University,MI,Michigan,"Degree-granting, primarily baccalaureate or above",2019,13017,2919,514600258,455070030,47,22,0,9,8,2,11,49,4,2,14,5,12,13
172699,Western Michigan University,MI,Michigan,"Degree-granting, primarily baccalaureate or above",2020,13017,2613,477698319,441100594,51,21,0,10,8,2,8,52,4,2,14,5,12,11
172699,Western Michigan University,MI,Michigan,"Degree-granting, primarily baccalaureate or above",2021,13434,2112,551755098,379826205,41,21,0,17,6,7,8,49,5,2,13,5,12,13
172699,Western Michigan University,MI,Michigan,"Degree-granting, primarily baccalaureate or above",2022,14623,2621,486593549,408443254,45,25,0,18,11,-6,7,47,5,2,14,6,13,13
173124,Bemidji State University,MN,Minnesota,"Degree-granting, primarily baccalaureate or above",2015,8366,748,63917000,59130000,33,31,0,21,3,0,12,41,0,0,15,24,18,1
173124,Bemidji State University,MN,Minnesota,"Degree-granting, primarily baccalaureate or above",2016,8394,817,65920000,62735000,34,32,0,20,4,0,9,44,0,0,13,24,17,2
173124,Bemidji State University,MN,Minnesota,"Degree-granting, primarily baccalaureate or above",2017,8677,764,62114000,73156000,36,34,0,21,4,1,4,38,0,0,14,20,14,13
173124,Bemidji State University,MN,Minnesota,"Degree-granting, primarily baccalaureate or above",2018,8696,756,64909000,70248000,36,35,0,22,4,1,3,40,0,0,13,21,14,11
173124,Bemidji State University,MN,Minnesota,"Degree-granting, primarily baccalaureate or above",2019,8940,631,71453000,56726000,32,31,0,21,4,1,12,51,0,1,16,28,18,-13
173124,Bemidji State University,MN,Minnesota,"Degree-granting, primarily baccalaureate or above",2020,9076,509,77330000,69323000,29,32,0,21,3,1,14,43,0,0,15,23,15,4
173124,Bemidji State University,MN,Minnesota,"Degree-granting, primarily baccalaureate or above",2021,9806,538,69367000,68041000,29,36,0,26,3,1,5,44,0,0,13,23,17,3
173124,Bemidji State University,MN,Minnesota,"Degree-granting, primarily baccalaureate or above",2022,10130,468,72466000,69270000,28,35,0,31,3,0,3,45,0,0,14,25,18,-2
174020,Metropolitan State University,MN,Minnesota,"Degree-granting, primarily baccalaureate or above",2015,7491,122,88910000,78544000,32,28,0,22,1,0,16,42,0,0,30,11,14,3
174020,Metropolitan State University,MN,Minnesota,"Degree-granting, primarily baccalaureate or above",2016,7566,146,89240000,80508000,34,31,0,21,1,0,12,41,1,0,27,10,19,2
174020,Metropolitan State University,MN,Minnesota,"Degree-granting, primarily baccalaureate or above",2017,7859,122,81103000,90205000,38,35,0,23,2,1,1,37,0,0,25,9,16,13
174020,Metropolitan State University,MN,Minnesota,"Degree-granting, primarily baccalaureate or above",2018,7879,155,88698000,94346000,35,36,0,24,2,1,2,37,0,0,24,9,19,11
174020,Metropolitan State University,MN,Minnesota,"Degree-granting, primarily baccalaureate or above",2019,8114,170,88776000,78369000,34,36,0,25,2,1,2,45,1,0,31,11,21,-9
174020,Metropolitan State University,MN,Minnesota,"Degree-granting, primarily baccalaureate or above",2020,8249,134,94788000,95504000,32,36,0,28,2,1,2,37,1,0,27,9,17,8
174020,Metropolitan State University,MN,Minnesota,"Degree-granting, primarily baccalaureate or above",2021,9395,133,98225000,93611000,30,35,0,32,1,0,1,35,1,0,28,8,19,8
174020,Metropolitan State University,MN,Minnesota,"Degree-granting, primarily baccalaureate or above",2022,9684,131,107093000,95535000,24,33,0,40,2,0,1,37,2,0,26,9,20,6
174358,Minnesota State University Moorhead,MN,Minnesota,"Degree-granting, primarily baccalaureate or above",2015,8096,729,77967000,78322000,39,38,0,14,4,1,5,48,0,1,19,19,11,1
174358,Minnesota State University Moorhead,MN,Minnesota,"Degree-granting, primarily baccalaureate or above",2016,8114,868,76663000,75989000,39,41,0,13,3,1,3,52,0,1,16,20,9,2
174358,Minnesota State University Moorhead,MN,Minnesota,"Degree-granting, primarily baccalaureate or above",2017,8468,844,76731000,89512000,40,40,0,13,3,1,3,45,0,1,15,18,9,12
174358,Minnesota State University Moorhead,MN,Minnesota,"Degree-granting, primarily baccalaureate or above",2018,8496,795,80159000,87718000,38,40,0,14,4,1,3,47,0,1,16,18,9,9
174358,Minnesota State University Moorhead,MN,Minnesota,"Degree-granting, primarily baccalaureate or above",2019,8954,788,78612000,72419000,38,39,0,15,4,2,4,58,0,1,19,23,11,-13
174358,Minnesota State University Moorhead,MN,Minnesota,"Degree-granting, primarily baccalaureate or above",2020,8980,732,81714000,82527000,37,38,0,16,3,1,4,51,0,1,18,18,9,3
174358,Minnesota State University Moorhead,MN,Minnesota,"Degree-granting, primarily baccalaureate or above",2021,9468,613,86272000,81984000,35,36,0,21,3,1,3,49,0,1,18,17,11,4
174358,Minnesota State University Moorhead,MN,Minnesota,"Degree-granting, primarily baccalaureate or above",2022,10236,632,86578000,74672000,34,36,0,24,3,0,2,50,0,1,21,20,13,-5
173920,Minnesota State University-Mankato,MN,Minnesota,"Degree-granting, primarily baccalaureate or above",2015,7836,2402,175135000,177860000,46,31,0,17,1,0,4,49,1,2,16,18,12,2
173920,Minnesota State University-Mankato,MN,Minnesota,"Degree-granting, primarily baccalaureate or above",2016,7858,2433,190768000,177737000,44,31,0,15,1,0,8,50,1,2,16,18,11,2
173920,Minnesota State University-Mankato,MN,Minnesota,"Degree-granting, primarily baccalaureate or above",2017,8164,2266,188270000,214529000,46,31,0,16,1,1,5,45,1,2,14,15,10,13
173920,Minnesota State University-Mankato,MN,Minnesota,"Degree-granting, primarily baccalaureate or above",2018,8184,2393,197496000,214240000,47,32,0,16,2,1,3,45,1,2,14,16,11,11
173920,Minnesota State University-Mankato,MN,Minnesota,"Degree-granting, primarily baccalaureate or above",2019,8438,2287,202506000,190893000,47,31,0,15,2,1,4,53,2,2,17,18,13,-6
173920,Minnesota State University-Mankato,MN,Minnesota,"Degree-granting, primarily baccalaureate or above",2020,8566,2284,215004000,221508000,47,30,0,17,1,1,3,48,1,1,15,16,11,8
173920,Minnesota State University-Mankato,MN,Minnesota,"Degree-granting, primarily baccalaureate or above",2021,9146,2113,224484000,225102000,47,29,0,19,1,0,3,48,1,1,15,15,12,8
173920,Minnesota State University-Mankato,MN,Minnesota,"Degree-granting, primarily baccalaureate or above",2022,9444,2307,240267000,225115000,45,28,0,24,1,0,3,50,1,1,15,17,13,2
174783,Saint Cloud State University,MN,Minnesota,"Degree-granting, primarily baccalaureate or above",2015,7814,1863,159512000,172984000,37,38,0,19,2,0,3,49,2,2,14,16,16,2
174783,Saint Cloud State University,MN,Minnesota,"Degree-granting, primarily baccalaureate or above",2016,7910,1798,161077000,168672000,38,40,0,18,2,0,2,50,2,2,13,15,15,3
174783,Saint Cloud State University,MN,Minnesota,"Degree-granting, primarily baccalaureate or above",2017,8228,1509,162786000,192749000,39,39,0,18,2,0,3,44,2,2,12,14,13,13
174783,Saint Cloud State University,MN,Minnesota,"Degree-granting, primarily baccalaureate or above",2018,8265,1293,167993000,183962000,37,39,0,18,3,1,3,45,2,1,13,14,14,10
174783,Saint Cloud State University,MN,Minnesota,"Degree-granting, primarily baccalaureate or above",2019,8656,1237,170401000,147725000,34,38,0,17,3,1,7,56,2,2,16,18,18,-11
174783,Saint Cloud State University,MN,Minnesota,"Degree-granting, primarily baccalaureate or above",2020,8779,1022,165158000,175048000,35,38,0,21,3,1,2,49,2,1,13,15,15,5
174783,Saint Cloud State University,MN,Minnesota,"Degree-granting, primarily baccalaureate or above",2021,9170,837,155940000,166892000,32,39,0,25,2,0,1,48,2,1,14,14,16,6
174783,Saint Cloud State University,MN,Minnesota,"Degree-granting, primarily baccalaureate or above",2022,10117,771,165825000,154072000,31,36,0,28,2,0,2,49,2,1,17,16,19,-4
175078,Southwest Minnesota State University,MN,Minnesota,"Degree-granting, primarily baccalaureate or above",2015,8326,449,39539000,40347000,35,42,0,17,3,0,2,44,0,2,12,22,18,2
175078,Southwest Minnesota State University,MN,Minnesota,"Degree-granting, primarily baccalaureate or above",2016,8347,495,41460000,41644000,35,44,0,15,5,0,1,46,0,3,13,22,15,2
175078,Southwest Minnesota State University,MN,Minnesota,"Degree-granting, primarily baccalaureate or above",2017,8610,332,42770000,48502000,34,43,0,15,5,0,3,41,0,2,10,20,15,12
175078,Southwest Minnesota State University,MN,Minnesota,"Degree-granting, primarily baccalaureate or above",2018,8612,349,44346000,48629000,31,45,0,16,5,1,3,44,0,2,10,22,13,9
175078,Southwest Minnesota State University,MN,Minnesota,"Degree-granting, primarily baccalaureate or above",2019,8874,297,46089000,41136000,29,44,0,15,5,1,5,51,0,3,12,27,18,-10
175078,Southwest Minnesota State University,MN,Minnesota,"Degree-granting, primarily baccalaureate or above",2020,9058,349,46323000,47933000,30,46,0,17,4,1,3,44,0,2,11,23,16,4
175078,Southwest Minnesota State University,MN,Minnesota,"Degree-granting, primarily baccalaureate or above",2021,9482,421,47314000,48605000,28,45,0,19,6,0,2,43,0,3,10,22,16,5
175078,Southwest Minnesota State University,MN,Minnesota,"Degree-granting, primarily baccalaureate or above",2022,10122,326,52212000,47482000,27,42,0,24,5,0,2,44,0,3,13,24,17,0
174075,University of Minnesota-Crookston,MN,Minnesota,"Degree-granting, primarily baccalaureate or above",2015,11646,239,30269120,25797023,39,32,0,15,3,1,10,47,2,2,15,12,9,13
174075,University of Minnesota-Crookston,MN,Minnesota,"Degree-granting, primarily baccalaureate or above",2016,11700,209,37888896,26657705,31,27,0,11,3,1,27,48,2,2,13,13,9,13
174075,University of Minnesota-Crookston,MN,Minnesota,"Degree-granting, primarily baccalaureate or above",2017,11814,206,29202694,29698409,39,37,0,14,4,1,4,42,2,1,12,14,8,20
174075,University of Minnesota-Crookston,MN,Minnesota,"Degree-granting, primarily baccalaureate or above",2018,11822,228,29733247,28983802,37,39,0,16,4,2,1,42,2,1,13,14,9,19
174075,University of Minnesota-Crookston,MN,Minnesota,"Degree-granting, primarily baccalaureate or above",2019,12116,214,42832317,27596369,28,28,0,13,3,1,27,46,2,2,13,14,10,13
174075,University of Minnesota-Crookston,MN,Minnesota,"Degree-granting, primarily baccalaureate or above",2020,12014,200,31662597,27893498,32,40,0,19,4,2,3,46,2,3,12,13,9,14
174075,University of Minnesota-Crookston,MN,Minnesota,"Degree-granting, primarily baccalaureate or above",2021,12514,168,36132293,26827087,30,36,0,18,4,1,12,45,2,3,12,13,9,15
174075,University of Minnesota-Crookston,MN,Minnesota,"Degree-granting, primarily baccalaureate or above",2022,13010,187,31653694,27002157,24,41,0,26,6,2,2,40,3,4,13,13,12,16
174233,University of Minnesota-Duluth,MN,Minnesota,"Degree-granting, primarily baccalaureate or above",2015,13082,1997,188430099,181507870,47,21,0,17,4,3,8,40,14,4,15,8,7,12
174233,University of Minnesota-Duluth,MN,Minnesota,"Degree-granting, primarily baccalaureate or above",2016,13139,2138,196312980,185213203,46,21,0,16,4,3,10,40,14,3,15,9,8,11
174233,University of Minnesota-Duluth,MN,Minnesota,"Degree-granting, primarily baccalaureate or above",2017,13344,2279,200603376,213927253,46,22,0,16,4,3,9,36,13,3,14,9,7,19
174233,University of Minnesota-Duluth,MN,Minnesota,"Degree-granting, primarily baccalaureate or above",2018,13366,2221,238332259,206337458,39,20,0,15,4,5,18,36,13,3,15,9,7,15
174233,University of Minnesota-Duluth,MN,Minnesota,"Degree-granting, primarily baccalaureate or above",2019,13680,2043,287678975,202531055,33,17,0,13,3,2,33,39,14,3,16,10,7,11
174233,University of Minnesota-Duluth,MN,Minnesota,"Degree-granting, primarily baccalaureate or above",2020,13576,1780,215733040,200198918,41,24,0,17,4,6,8,40,12,2,16,10,10,11
174233,University of Minnesota-Duluth,MN,Minnesota,"Degree-granting, primarily baccalaureate or above",2021,13850,2029,214665386,182308595,38,26,0,22,4,1,10,40,13,3,15,9,7,14
174233,University of Minnesota-Duluth,MN,Minnesota,"Degree-granting, primarily baccalaureate or above",2022,14126,1977,208869589,194021234,36,26,0,26,4,0,7,39,13,3,15,10,8,13
174251,University of Minnesota-Morris,MN,Minnesota,"Degree-granting, primarily baccalaureate or above",2015,12846,416,40167164,38663309,24,49,0,15,4,1,8,42,3,3,14,15,8,14
174251,University of Minnesota-Morris,MN,Minnesota,"Degree-granting, primarily baccalaureate or above",2016,12846,376,38160125,38739524,23,53,0,17,4,1,2,44,3,2,14,15,9,14
174251,University of Minnesota-Morris,MN,Minnesota,"Degree-granting, primarily baccalaureate or above",2017,13072,356,39049510,42930006,23,53,0,18,3,1,2,38,2,3,12,13,8,23
174251,University of Minnesota-Morris,MN,Minnesota,"Degree-granting, primarily baccalaureate or above",2018,13314,370,42752452,42871630,19,52,0,17,6,2,4,40,3,3,13,15,8,18
174251,University of Minnesota-Morris,MN,Minnesota,"Degree-granting, primarily baccalaureate or above",2019,13578,322,58605359,40458837,13,39,0,12,2,1,33,42,3,3,14,16,9,13
174251,University of Minnesota-Morris,MN,Minnesota,"Degree-granting, primarily baccalaureate or above",2020,13578,269,46262297,41772955,14,51,0,20,3,2,11,42,2,4,14,15,9,13
174251,University of Minnesota-Morris,MN,Minnesota,"Degree-granting, primarily baccalaureate or above",2021,13848,293,44084691,37149813,13,55,0,19,3,1,9,40,2,3,14,15,9,16
174251,University of Minnesota-Morris,MN,Minnesota,"Degree-granting, primarily baccalaureate or above",2022,14120,273,43385525,37430611,11,58,0,25,3,1,2,39,2,4,14,16,9,17
456959,University of Minnesota-Rochester,MN,Minnesota,"Degree-granting, primarily baccalaureate or above",2015,13232,88,17361695,20726766,41,45,0,8,1,0,5,17,3,0,7,10,22,39
456959,University of Minnesota-Rochester,MN,Minnesota,"Degree-granting, primarily baccalaureate or above",2016,13232,145,16113250,20465393,38,49,0,9,1,0,3,16,3,0,8,10,21,42
456959,University of Minnesota-Rochester,MN,Minnesota,"Degree-granting, primarily baccalaureate or above",2017,13352,188,15702596,20309722,38,53,0,9,0,0,0,15,3,0,9,10,26,36
456959,University of Minnesota-Rochester,MN,Minnesota,"Degree-granting, primarily baccalaureate or above",2018,13352,169,18336803,19523830,36,45,0,10,1,1,7,19,3,0,10,12,22,34
456959,University of Minnesota-Rochester,MN,Minnesota,"Degree-granting, primarily baccalaureate or above",2019,12944,164,38017309,19273706,20,22,0,6,0,0,52,16,4,0,10,11,23,36
456959,University of Minnesota-Rochester,MN,Minnesota,"Degree-granting, primarily baccalaureate or above",2020,12850,217,19252343,22328579,39,43,0,15,1,1,0,14,3,0,8,9,22,43
456959,University of Minnesota-Rochester,MN,Minnesota,"Degree-granting, primarily baccalaureate or above",2021,13032,174,20110197,22727597,39,42,0,18,1,1,0,15,3,0,7,9,21,46
456959,University of Minnesota-Rochester,MN,Minnesota,"Degree-granting, primarily baccalaureate or above",2022,13464,193,28300545,24291894,30,30,0,15,2,1,23,14,3,0,13,9,19,42
174066,University of Minnesota-Twin Cities,MN,Minnesota,"Degree-granting, primarily baccalaureate or above",2015,13790,5771,2747293666,2656597324,23,21,0,24,19,3,11,28,31,10,16,4,10,2
174066,University of Minnesota-Twin Cities,MN,Minnesota,"Degree-granting, primarily baccalaureate or above",2016,14142,5880,2825818824,2730857381,22,21,0,23,20,0,13,28,30,10,16,4,11,2
174066,University of Minnesota-Twin Cities,MN,Minnesota,"Degree-granting, primarily baccalaureate or above",2017,14417,6201,2921294060,3029272374,22,19,0,23,20,5,11,25,28,10,15,4,9,9
174066,University of Minnesota-Twin Cities,MN,Minnesota,"Degree-granting, primarily baccalaureate or above",2018,14760,5977,3018411154,3054946997,22,20,0,23,19,5,10,25,28,9,15,4,11,7
174066,University of Minnesota-Twin Cities,MN,Minnesota,"Degree-granting, primarily baccalaureate or above",2019,15027,6278,3090018031,2800385345,23,19,0,24,20,5,10,28,32,10,18,5,11,-4
174066,University of Minnesota-Twin Cities,MN,Minnesota,"Degree-granting, primarily baccalaureate or above",2020,15027,5966,3113946195,3011648148,23,19,0,26,19,2,10,27,30,9,17,5,10,3
174066,University of Minnesota-Twin Cities,MN,Minnesota,"Degree-granting, primarily baccalaureate or above",2021,15254,6883,3832694921,2893556464,17,16,0,23,17,20,8,26,31,11,15,4,9,4
174066,University of Minnesota-Twin Cities,MN,Minnesota,"Degree-granting, primarily baccalaureate or above",2022,15859,6737,3318487623,2830774850,20,19,0,29,21,0,10,28,36,11,18,5,11,-7
175272,Winona State University,MN,Minnesota,"Degree-granting, primarily baccalaureate or above",2015,9047,1642,101533000,99650000,45,34,0,15,3,1,3,54,0,0,16,14,15,1
175272,Winona State University,MN,Minnesota,"Degree-granting, primarily baccalaureate or above",2016,9075,1586,107117000,104422000,43,34,0,16,3,1,3,53,0,0,15,14,15,1
175272,Winona State University,MN,Minnesota,"Degree-granting, primarily baccalaureate or above",2017,9379,1610,103706000,124825000,42,36,0,15,2,1,4,47,0,0,14,13,13,12
175272,Winona State University,MN,Minnesota,"Degree-granting, primarily baccalaureate or above",2018,9425,1546,115998000,120880000,38,35,0,14,3,1,8,48,0,0,14,13,14,10
175272,Winona State University,MN,Minnesota,"Degree-granting, primarily baccalaureate or above",2019,9666,1555,122229000,96959000,35,33,0,13,4,1,14,61,1,1,18,17,17,-14
175272,Winona State University,MN,Minnesota,"Degree-granting, primarily baccalaureate or above",2020,9780,1282,111098000,114846000,40,36,0,17,2,1,4,52,1,0,14,14,15,4
175272,Winona State University,MN,Minnesota,"Degree-granting, primarily baccalaureate or above",2021,10184,1098,111548000,112383000,37,36,0,21,2,1,3,52,1,0,14,12,17,4
175272,Winona State University,MN,Minnesota,"Degree-granting, primarily baccalaureate or above",2022,10492,1175,119566000,106812000,34,34,0,26,3,0,3,55,1,1,16,15,18,-4
178341,Missouri Southern State University,MO,Missouri,"Degree-granting, primarily baccalaureate or above",2015,5523,925,68758531,59859068,21,34,0,24,4,0,16,51,0,0,7,19,10,14
178341,Missouri Southern State University,MO,Missouri,"Degree-granting, primarily baccalaureate or above",2016,5523,1057,64943922,61206530,23,36,0,26,4,0,11,50,0,0,7,18,11,14
178341,Missouri Southern State University,MO,Missouri,"Degree-granting, primarily baccalaureate or above",2017,6067,1012,73572518,66303830,20,31,0,24,3,0,21,46,0,0,5,17,8,23
178341,Missouri Southern State University,MO,Missouri,"Degree-granting, primarily baccalaureate or above",2018,6503,908,66975007,66917286,22,33,0,27,4,0,12,46,0,0,5,17,7,25
178341,Missouri Southern State University,MO,Missouri,"Degree-granting, primarily baccalaureate or above",2019,6803,729,66950917,68633255,25,35,0,26,5,1,9,46,0,0,6,17,7,23
178341,Missouri Southern State University,MO,Missouri,"Degree-granting, primarily baccalaureate or above",2020,6964,710,61918784,70512095,23,36,0,32,5,1,4,45,0,0,5,17,7,26
178341,Missouri Southern State University,MO,Missouri,"Degree-granting, primarily baccalaureate or above",2021,7244,578,72226842,66537239,20,32,0,40,4,0,3,45,0,0,4,18,6,27
178341,Missouri Southern State University,MO,Missouri,"Degree-granting, primarily baccalaureate or above",2022,8026,605,73819862,66799138,17,36,0,37,4,0,5,45,0,0,4,19,6,24
179566,Missouri State University-Springfield,MO,Missouri,"Degree-granting, primarily baccalaureate or above",2015,7060,3244,277268312,233576105,41,28,0,19,3,0,8,52,6,4,12,7,9,9
179566,Missouri State University-Springfield,MO,Missouri,"Degree-granting, primarily baccalaureate or above",2016,7060,3194,295052734,251663891,41,27,0,19,3,1,9,51,6,4,12,7,9,11
179566,Missouri State University-Springfield,MO,Missouri,"Degree-granting, primarily baccalaureate or above",2017,7306,3237,300473505,276371409,42,26,0,18,3,0,12,47,5,4,11,6,9,18
179566,Missouri State University-Springfield,MO,Missouri,"Degree-granting, primarily baccalaureate or above",2018,7376,3063,307804222,293231882,42,24,0,19,3,0,11,44,4,4,9,5,9,27
179566,Missouri State University-Springfield,MO,Missouri,"Degree-granting, primarily baccalaureate or above",2019,7588,2679,315208030,303987215,42,24,0,18,3,2,10,44,4,4,9,5,9,26
179566,Missouri State University-Springfield,MO,Missouri,"Degree-granting, primarily baccalaureate or above",2020,7938,2649,315590489,323178048,41,23,0,24,2,2,8,40,6,4,8,4,8,30
179566,Missouri State University-Springfield,MO,Missouri,"Degree-granting, primarily baccalaureate or above",2021,8294,2562,350547955,294242579,37,22,0,29,1,1,10,43,5,4,8,4,9,27
179566,Missouri State University-Springfield,MO,Missouri,"Degree-granting, primarily baccalaureate or above",2022,8604,2332,357703472,305737438,36,25,0,29,3,1,7,43,5,4,9,5,9,25
178411,Missouri University of Science and Technology,MO,Missouri,"Degree-granting, primarily baccalaureate or above",2015,9048,1489,193338402,190863593,43,27,0,13,13,2,3,53,14,2,6,12,9,4
178411,Missouri University of Science and Technology,MO,Missouri,"Degree-granting, primarily baccalaureate or above",2016,9057,1482,193960221,194277686,44,27,0,14,9,0,6,52,14,2,6,12,9,4
178411,Missouri University of Science and Technology,MO,Missouri,"Degree-granting, primarily baccalaureate or above",2017,9246,1426,224477245,199951445,39,23,0,11,8,9,10,52,14,2,5,12,9,4
178411,Missouri University of Science and Technology,MO,Missouri,"Degree-granting, primarily baccalaureate or above",2018,9440,1325,215731224,204224849,41,23,0,13,7,7,9,51,15,2,6,12,10,5
178411,Missouri University of Science and Technology,MO,Missouri,"Degree-granting, primarily baccalaureate or above",2019,9936,1145,215988855,202763795,42,23,0,11,11,5,8,53,15,2,5,12,8,4
178411,Missouri University of Science and Technology,MO,Missouri,"Degree-granting, primarily baccalaureate or above",2020,10165,1111,196513597,203856104,37,22,0,18,10,2,11,49,16,2,5,12,10,8
178411,Missouri University of Science and Technology,MO,Missouri,"Degree-granting, primarily baccalaureate or above",2021,10813,1188,314098411,190958476,21,16,0,16,7,17,23,48,21,1,4,11,9,5
178411,Missouri University of Science and Technology,MO,Missouri,"Degree-granting, primarily baccalaureate or above",2022,11365,1146,226270523,218699339,28,23,0,24,11,3,11,42,19,3,5,10,12,10
178624,Northwest Missouri State University,MO,Missouri,"Degree-granting, primarily baccalaureate or above",2015,6767,1499,90983639,79027961,41,34,0,14,2,0,8,61,0,2,6,18,12,1
178624,Northwest Missouri State University,MO,Missouri,"Degree-granting, primarily baccalaureate or above",2016,7343,1405,90979413,83611740,43,35,0,14,1,1,7,58,0,2,7,19,12,2
178624,Northwest Missouri State University,MO,Missouri,"Degree-granting, primarily baccalaureate or above",2017,7657,1216,98071518,98442625,41,30,0,13,1,0,13,55,0,2,5,18,13,7
178624,Northwest Missouri State University,MO,Missouri,"Degree-granting, primarily baccalaureate or above",2018,7844,1338,97101709,91944126,43,30,0,14,1,1,11,52,0,2,5,18,13,10
178624,Northwest Missouri State University,MO,Missouri,"Degree-granting, primarily baccalaureate or above",2019,8238,1355,101245627,94766244,43,29,0,14,1,2,10,47,0,1,5,18,12,17
178624,Northwest Missouri State University,MO,Missouri,"Degree-granting, primarily baccalaureate or above",2020,8500,1221,103964277,102632601,43,25,0,19,1,3,8,44,0,2,4,15,11,23
178624,Northwest Missouri State University,MO,Missouri,"Degree-granting, primarily baccalaureate or above",2021,8852,964,120120682,99851751,39,23,0,25,1,0,12,48,0,2,5,15,11,19
178624,Northwest Missouri State University,MO,Missouri,"Degree-granting, primarily baccalaureate or above",2022,9502,1095,116042728,106203738,41,27,0,24,1,-2,9,47,0,2,5,17,11,19
179557,Southeast Missouri State University,MO,Missouri,"Degree-granting, primarily baccalaureate or above",2015,6990,1703,165735051,154530520,46,27,0,15,4,2,6,45,1,6,8,14,11,15
179557,Southeast Missouri State University,MO,Missouri,"Degree-granting, primarily baccalaureate or above",2016,6990,1858,157649919,145193705,44,29,0,16,3,2,6,46,1,7,7,14,11,13
179557,Southeast Missouri State University,MO,Missouri,"Degree-granting, primarily baccalaureate or above",2017,7185,1803,150962855,156636050,38,30,0,17,3,1,11,43,1,7,7,13,10,19
179557,Southeast Missouri State University,MO,Missouri,"Degree-granting, primarily baccalaureate or above",2018,7418,1573,143755908,158887462,38,30,0,18,3,2,9,41,1,6,7,12,10,22
179557,Southeast Missouri State University,MO,Missouri,"Degree-granting, primarily baccalaureate or above",2019,7800,1508,146290250,156456387,37,30,0,17,3,3,10,42,1,6,7,13,11,21
179557,Southeast Missouri State University,MO,Missouri,"Degree-granting, primarily baccalaureate or above",2020,8033,1490,146864621,155604066,38,27,0,22,3,3,8,39,0,6,6,13,11,24
179557,Southeast Missouri State University,MO,Missouri,"Degree-granting, primarily baccalaureate or above",2021,8715,1487,144658112,138838383,35,29,0,25,2,0,10,42,0,6,6,12,12,21
179557,Southeast Missouri State University,MO,Missouri,"Degree-granting, primarily baccalaureate or above",2022,9015,1447,156741597,148362350,34,29,0,28,1,0,7,41,0,6,6,13,14,19
178615,Truman State University,MO,Missouri,"Degree-granting, primarily baccalaureate or above",2015,7456,1262,83124150,80702486,32,50,0,9,1,2,5,64,1,2,9,13,9,1
178615,Truman State University,MO,Missouri,"Degree-granting, primarily baccalaureate or above",2016,7456,1263,85231053,81441043,31,49,0,9,1,2,7,65,1,2,9,13,9,1
178615,Truman State University,MO,Missouri,"Degree-granting, primarily baccalaureate or above",2017,7656,1328,98300877,86093662,27,41,0,7,2,5,18,64,1,2,8,14,9,1
178615,Truman State University,MO,Missouri,"Degree-granting, primarily baccalaureate or above",2018,7749,1100,85283042,91192219,31,46,0,9,2,4,8,55,1,2,7,12,7,16
178615,Truman State University,MO,Missouri,"Degree-granting, primarily baccalaureate or above",2019,8120,898,89195041,89538065,28,44,0,9,3,8,8,54,1,2,7,12,7,17
178615,Truman State University,MO,Missouri,"Degree-granting, primarily baccalaureate or above",2020,8299,727,82218821,94134321,28,43,0,12,3,6,7,49,1,2,7,11,7,24
178615,Truman State University,MO,Missouri,"Degree-granting, primarily baccalaureate or above",2021,8689,665,106408985,88285935,19,35,0,20,2,14,10,49,1,2,7,12,7,22
178615,Truman State University,MO,Missouri,"Degree-granting, primarily baccalaureate or above",2022,9014,699,72567946,77840681,28,58,0,24,2,-17,5,55,1,3,8,15,8,12
176965,University of Central Missouri,MO,Missouri,"Degree-granting, primarily baccalaureate or above",2015,7322,1658,168817281,153037347,46,33,0,13,2,0,6,58,0,4,7,15,11,5
176965,University of Central Missouri,MO,Missouri,"Degree-granting, primarily baccalaureate or above",2016,7322,1605,176297899,164313051,48,32,0,12,2,0,6,58,0,5,5,16,11,4
176965,University of Central Missouri,MO,Missouri,"Degree-granting, primarily baccalaureate or above",2017,7520,1691,174523847,189303151,43,31,0,11,2,0,13,53,0,3,6,15,12,10
176965,University of Central Missouri,MO,Missouri,"Degree-granting, primarily baccalaureate or above",2018,7673,1493,154320422,175824379,43,34,0,14,2,1,7,53,0,4,6,14,9,13
176965,University of Central Missouri,MO,Missouri,"Degree-granting, primarily baccalaureate or above",2019,7969,1249,155436882,169074478,42,34,0,14,2,3,6,50,0,4,6,14,7,19
176965,University of Central Missouri,MO,Missouri,"Degree-granting, primarily baccalaureate or above",2020,8306,1084,160339487,169688619,41,29,0,20,2,3,5,51,0,3,5,14,7,20
176965,University of Central Missouri,MO,Missouri,"Degree-granting, primarily baccalaureate or above",2021,9071,1158,166634340,159041763,37,29,0,27,2,0,4,52,0,4,5,14,7,18
176965,University of Central Missouri,MO,Missouri,"Degree-granting, primarily baccalaureate or above",2022,9413,1028,174592042,163768426,42,32,0,20,3,-2,5,53,0,4,5,17,6,16
178396,University of Missouri-Columbia,MO,Missouri,"Degree-granting, primarily baccalaureate or above",2015,9509,6191,973132348,903895684,35,23,0,18,8,2,13,42,17,14,10,5,7,5
178396,University of Missouri-Columbia,MO,Missouri,"Degree-granting, primarily baccalaureate or above",2016,9518,4772,988718902,897304818,36,23,0,18,9,1,14,40,18,14,11,5,8,5
178396,University of Missouri-Columbia,MO,Missouri,"Degree-granting, primarily baccalaureate or above",2017,9787,4134,1098969864,884016761,31,19,0,16,8,11,15,41,18,15,11,5,7,4
178396,University of Missouri-Columbia,MO,Missouri,"Degree-granting, primarily baccalaureate or above",2018,9972,4673,1005806323,848161575,32,20,0,18,10,10,11,41,18,15,10,6,6,4
178396,University of Missouri-Columbia,MO,Missouri,"Degree-granting, primarily baccalaureate or above",2019,10477,5431,973466034,885825302,31,21,0,19,10,7,12,42,18,14,10,5,6,4
178396,University of Missouri-Columbia,MO,Missouri,"Degree-granting, primarily baccalaureate or above",2020,10723,5315,995588217,1019038769,29,19,0,25,9,3,16,35,17,13,9,5,8,13
178396,University of Missouri-Columbia,MO,Missouri,"Degree-granting, primarily baccalaureate or above",2021,11475,4843,1482817445,933403888,20,15,0,21,6,24,15,36,20,14,10,5,9,6
178396,University of Missouri-Columbia,MO,Missouri,"Degree-granting, primarily baccalaureate or above",2022,11981,4983,1096416702,1049390955,28,21,0,26,9,0,16,33,27,10,10,4,8,8
178402,University of Missouri-Kansas City,MO,Missouri,"Degree-granting, primarily baccalaureate or above",2015,7837,1049,315507801,310966107,44,25,0,13,7,2,9,51,6,7,12,7,12,4
178402,University of Missouri-Kansas City,MO,Missouri,"Degree-granting, primarily baccalaureate or above",2016,7846,1212,313113794,322623306,45,25,0,13,7,1,9,49,6,8,13,7,13,4
178402,University of Missouri-Kansas City,MO,Missouri,"Degree-granting, primarily baccalaureate or above",2017,8011,1244,327005419,326476159,43,23,0,12,7,6,8,51,6,9,12,6,12,4
178402,University of Missouri-Kansas City,MO,Missouri,"Degree-granting, primarily baccalaureate or above",2018,8178,1197,331245309,320428041,43,22,0,11,7,5,12,52,6,8,11,7,12,4
178402,University of Missouri-Kansas City,MO,Missouri,"Degree-granting, primarily baccalaureate or above",2019,9915,1196,358878675,331582074,41,21,0,11,9,4,16,47,6,9,14,5,14,4
178402,University of Missouri-Kansas City,MO,Missouri,"Degree-granting, primarily baccalaureate or above",2020,10145,1059,362367446,340477905,41,18,0,13,9,2,17,41,7,11,12,6,15,8
178402,University of Missouri-Kansas City,MO,Missouri,"Degree-granting, primarily baccalaureate or above",2021,10599,1148,452292098,312315218,32,16,0,17,10,12,13,45,8,12,10,6,14,6
178402,University of Missouri-Kansas City,MO,Missouri,"Degree-granting, primarily baccalaureate or above",2022,11287,1165,393676310,354616048,38,20,0,20,10,3,10,42,10,12,10,6,14,7
178420,University of Missouri-St Louis,MO,Missouri,"Degree-granting, primarily baccalaureate or above",2015,9394,516,202863863,219871120,43,29,0,14,6,2,6,48,5,10,13,9,10,6
178420,University of Missouri-St Louis,MO,Missouri,"Degree-granting, primarily baccalaureate or above",2016,9394,441,215101000,207246105,42,28,0,14,9,1,7,47,5,11,13,10,10,6
178420,University of Missouri-St Louis,MO,Missouri,"Degree-granting, primarily baccalaureate or above",2017,9590,482,217300162,202685736,39,26,0,14,7,5,8,48,5,12,12,9,10,5
178420,University of Missouri-St Louis,MO,Missouri,"Degree-granting, primarily baccalaureate or above",2018,9792,485,223026819,206865121,38,25,0,14,8,4,11,45,5,13,13,9,10,5
178420,University of Missouri-St Louis,MO,Missouri,"Degree-granting, primarily baccalaureate or above",2019,10170,447,214098936,217042893,40,26,0,17,9,3,5,44,5,14,13,9,10,5
178420,University of Missouri-St Louis,MO,Missouri,"Degree-granting, primarily baccalaureate or above",2020,10573,417,199893568,223705071,40,24,0,19,9,2,5,39,4,15,13,9,11,9
178420,University of Missouri-St Louis,MO,Missouri,"Degree-granting, primarily baccalaureate or above",2021,11214,296,252261307,204755646,30,22,0,23,8,11,6,41,6,15,14,9,10,6
178420,University of Missouri-St Louis,MO,Missouri,"Degree-granting, primarily baccalaureate or above",2022,11693,443,236511677,224457189,31,25,0,26,9,3,6,37,4,17,13,9,11,9
175342,Alcorn State University,MS,Mississippi,"Degree-granting, primarily baccalaureate or above",2015,6386,631,81065706,71547478,17,37,0,33,0,0,12,30,12,9,11,10,18,11
175342,Alcorn State University,MS,Mississippi,"Degree-granting, primarily baccalaureate or above",2016,6546,536,72750892,74765351,14,42,0,35,0,1,8,27,9,8,9,9,14,24
175342,Alcorn State University,MS,Mississippi,"Degree-granting, primarily baccalaureate or above",2017,6888,742,75437437,80286538,13,38,0,37,0,1,10,32,8,8,8,8,14,22
175342,Alcorn State University,MS,Mississippi,"Degree-granting, primarily baccalaureate or above",2018,7084,615,70037759,74153709,13,37,0,40,0,1,9,29,9,7,10,9,16,21
175342,Alcorn State University,MS,Mississippi,"Degree-granting, primarily baccalaureate or above",2019,7290,524,75226337,76086915,12,33,0,43,0,1,12,23,9,8,9,11,20,21
175342,Alcorn State University,MS,Mississippi,"Degree-granting, primarily baccalaureate or above",2020,7580,401,84985065,78274245,14,30,0,37,0,1,19,25,8,7,9,9,17,25
175342,Alcorn State University,MS,Mississippi,"Degree-granting, primarily baccalaureate or above",2021,8176,402,90825369,80083840,13,27,0,36,0,1,21,23,8,7,7,7,19,29
175342,Alcorn State University,MS,Mississippi,"Degree-granting, primarily baccalaureate or above",2022,8549,498,89441555,80571079,11,29,0,47,1,-1,13,15,8,7,8,9,20,34
175616,Delta State University,MS,Mississippi,"Degree-granting, primarily baccalaureate or above",2015,6112,324,62138388,54753183,26,36,0,17,6,0,14,47,0,7,12,12,11,11
175616,Delta State University,MS,Mississippi,"Degree-granting, primarily baccalaureate or above",2016,6418,345,65247176,68343852,25,35,0,16,6,0,17,37,0,6,8,9,9,30
175616,Delta State University,MS,Mississippi,"Degree-granting, primarily baccalaureate or above",2017,6859,320,61920188,63545765,28,34,0,16,5,0,16,41,1,7,10,11,10,20
175616,Delta State University,MS,Mississippi,"Degree-granting, primarily baccalaureate or above",2018,7246,290,66084099,68028412,27,30,0,19,5,0,18,34,1,4,10,9,10,32
175616,Delta State University,MS,Mississippi,"Degree-granting, primarily baccalaureate or above",2019,7671,290,71817901,67961979,25,28,0,14,6,0,27,31,0,4,10,10,11,35
175616,Delta State University,MS,Mississippi,"Degree-granting, primarily baccalaureate or above",2020,8121,192,62074701,65466697,31,34,0,16,6,0,13,36,0,3,7,9,12,33
175616,Delta State University,MS,Mississippi,"Degree-granting, primarily baccalaureate or above",2021,8360,264,62540896,61533037,30,32,0,29,4,0,6,35,0,2,9,11,14,28
175616,Delta State University,MS,Mississippi,"Degree-granting, primarily baccalaureate or above",2022,8605,217,66107788,62622001,25,32,0,23,4,0,16,32,0,3,8,14,13,30
175856,Jackson State University,MS,Mississippi,"Degree-granting, primarily baccalaureate or above",2015,6886,1235,173327264,172083297,27,28,0,36,0,0,9,39,12,1,6,11,20,10
175856,Jackson State University,MS,Mississippi,"Degree-granting, primarily baccalaureate or above",2016,7261,1292,209277585,179773703,22,24,0,29,2,0,23,44,12,1,6,11,21,6
175856,Jackson State University,MS,Mississippi,"Degree-granting, primarily baccalaureate or above",2017,7621,933,178848160,180816576,26,26,0,34,1,1,11,42,11,0,6,13,17,10
175856,Jackson State University,MS,Mississippi,"Degree-granting, primarily baccalaureate or above",2018,8051,831,158998910,170530380,26,28,0,35,1,1,9,40,11,0,6,12,25,6
175856,Jackson State University,MS,Mississippi,"Degree-granting, primarily baccalaureate or above",2019,8445,854,159302185,156335699,29,27,0,33,1,1,9,34,11,0,6,13,24,11
175856,Jackson State University,MS,Mississippi,"Degree-granting, primarily baccalaureate or above",2020,8445,623,167996633,159003935,26,26,0,29,1,1,18,32,9,0,6,13,31,9
175856,Jackson State University,MS,Mississippi,"Degree-granting, primarily baccalaureate or above",2021,8445,793,190204120,163620383,23,21,0,26,1,7,23,31,11,1,5,11,28,13
175856,Jackson State University,MS,Mississippi,"Degree-granting, primarily baccalaureate or above",2022,8445,1132,195953939,163528611,25,22,0,23,1,-4,32,33,11,1,6,15,25,10
176080,Mississippi State University,MS,Mississippi,"Degree-granting, primarily baccalaureate or above",2015,7502,3471,595926874,561730635,23,30,0,25,9,0,14,25,29,20,7,4,10,6
176080,Mississippi State University,MS,Mississippi,"Degree-granting, primarily baccalaureate or above",2016,7780,3624,639033954,597897993,24,29,0,26,9,0,12,26,28,20,7,3,11,5
176080,Mississippi State University,MS,Mississippi,"Degree-granting, primarily baccalaureate or above",2017,8318,3435,642277201,622500548,25,27,0,24,8,1,14,27,29,20,7,4,10,4
176080,Mississippi State University,MS,Mississippi,"Degree-granting, primarily baccalaureate or above",2018,8650,3565,647024162,623277675,28,26,0,24,9,1,12,27,28,18,7,4,11,5
176080,Mississippi State University,MS,Mississippi,"Degree-granting, primarily baccalaureate or above",2019,8910,3500,718070119,652551636,27,24,0,25,9,1,14,24,27,15,6,3,9,15
176080,Mississippi State University,MS,Mississippi,"Degree-granting, primarily baccalaureate or above",2020,8910,3223,767139812,697275340,26,23,0,27,9,1,14,23,27,14,6,3,9,18
176080,Mississippi State University,MS,Mississippi,"Degree-granting, primarily baccalaureate or above",2021,9220,3388,762222333,720241475,27,22,0,26,11,2,12,22,23,14,6,3,11,20
176080,Mississippi State University,MS,Mississippi,"Degree-granting, primarily baccalaureate or above",2022,9398,3367,817667484,733102210,26,22,0,28,12,-1,12,22,25,14,6,3,11,20
176035,Mississippi University for Women,MS,Mississippi,"Degree-granting, primarily baccalaureate or above",2015,5781,246,51448846,46734814,23,33,0,24,5,1,15,37,1,1,22,6,13,19
176035,Mississippi University for Women,MS,Mississippi,"Degree-granting, primarily baccalaureate or above",2016,6065,290,48147548,48500245,26,35,0,25,6,0,7,39,1,1,22,7,14,15
176035,Mississippi University for Women,MS,Mississippi,"Degree-granting, primarily baccalaureate or above",2017,6614,217,51208979,50481131,28,30,0,23,5,0,13,40,1,1,23,8,13,13
176035,Mississippi University for Women,MS,Mississippi,"Degree-granting, primarily baccalaureate or above",2018,6940,189,52865440,48957965,27,28,0,23,5,0,16,36,1,1,21,9,12,20
176035,Mississippi University for Women,MS,Mississippi,"Degree-granting, primarily baccalaureate or above",2019,7525,175,50887210,47816849,26,29,0,24,5,1,15,36,0,1,23,11,12,16
176035,Mississippi University for Women,MS,Mississippi,"Degree-granting, primarily baccalaureate or above",2020,7525,190,52977221,50158019,26,29,0,25,5,1,14,36,0,1,22,11,13,17
176035,Mississippi University for Women,MS,Mississippi,"Degree-granting, primarily baccalaureate or above",2021,7756,171,50427376,49522210,27,30,0,28,5,0,9,33,0,1,26,9,13,18
176035,Mississippi University for Women,MS,Mississippi,"Degree-granting, primarily baccalaureate or above",2022,7866,125,70909168,58333653,18,22,0,30,4,0,26,30,0,1,20,9,10,30
176044,Mississippi Valley State University,MS,Mississippi,"Degree-granting, primarily baccalaureate or above",2015,5936,370,55889163,45840484,12,32,0,28,1,0,27,37,0,6,8,14,15,19
176044,Mississippi Valley State University,MS,Mississippi,"Degree-granting, primarily baccalaureate or above",2016,5936,393,49103293,46710534,9,36,0,33,2,1,20,37,0,8,8,15,16,15
176044,Mississippi Valley State University,MS,Mississippi,"Degree-granting, primarily baccalaureate or above",2017,6422,405,45130873,49913461,11,38,0,34,2,1,14,39,0,7,8,16,16,14
176044,Mississippi Valley State University,MS,Mississippi,"Degree-granting, primarily baccalaureate or above",2018,6550,380,44402909,45378041,11,36,0,35,2,0,16,38,0,8,8,16,15,15
176044,Mississippi Valley State University,MS,Mississippi,"Degree-granting, primarily baccalaureate or above",2019,6746,333,51050919,46036877,9,31,0,33,1,1,25,37,0,8,9,15,15,16
176044,Mississippi Valley State University,MS,Mississippi,"Degree-granting, primarily baccalaureate or above",2020,6746,246,46527087,45199082,9,34,0,38,1,1,17,36,0,8,8,15,15,17
176044,Mississippi Valley State University,MS,Mississippi,"Degree-granting, primarily baccalaureate or above",2021,7414,199,47525503,43566631,8,31,0,54,1,1,5,33,0,7,13,14,17,15
176044,Mississippi Valley State University,MS,Mississippi,"Degree-granting, primarily baccalaureate or above",2022,7414,225,56088114,50526408,7,28,0,54,1,-1,11,28,0,6,15,13,18,20
176017,University of Mississippi,MS,Mississippi,"Degree-granting, primarily baccalaureate or above",2015,7444,3966,836123381,719799679,27,34,0,15,7,1,15,45,12,3,8,3,22,7
176017,University of Mississippi,MS,Mississippi,"Degree-granting, primarily baccalaureate or above",2016,7744,3964,883609087,768029097,28,32,0,16,6,1,17,42,15,3,8,3,22,7
176017,University of Mississippi,MS,Mississippi,"Degree-granting, primarily baccalaureate or above",2017,8300,3694,871966232,795567042,31,30,0,16,6,3,15,42,18,3,9,3,20,6
176017,University of Mississippi,MS,Mississippi,"Degree-granting, primarily baccalaureate or above",2018,8660,3421,847439738,2540072567,33,29,0,16,7,2,13,13,6,1,3,1,6,70
176017,University of Mississippi,MS,Mississippi,"Degree-granting, primarily baccalaureate or above",2019,8828,3232,846113440,898297983,33,29,0,17,7,3,11,37,18,2,8,3,18,14
176017,University of Mississippi,MS,Mississippi,"Degree-granting, primarily baccalaureate or above",2020,8828,3024,896648026,914692488,31,29,0,19,7,0,14,39,13,3,7,3,18,16
176017,University of Mississippi,MS,Mississippi,"Degree-granting, primarily baccalaureate or above",2021,9044,3580,1022108413,904913620,25,25,0,20,6,5,19,38,12,3,7,3,18,18
176017,University of Mississippi,MS,Mississippi,"Degree-granting, primarily baccalaureate or above",2022,9220,4465,987744305,810449818,28,27,0,21,6,-5,23,41,19,4,8,3,19,7
176372,University of Southern Mississippi,MS,Mississippi,"Degree-granting, primarily baccalaureate or above",2015,7334,1527,300066388,278515838,29,29,0,26,5,0,12,42,17,7,10,4,11,9
176372,University of Southern Mississippi,MS,Mississippi,"Degree-granting, primarily baccalaureate or above",2016,7659,1558,311851563,290928091,28,30,0,25,6,1,11,42,19,8,9,4,10,9
176372,University of Southern Mississippi,MS,Mississippi,"Degree-granting, primarily baccalaureate or above",2017,8218,1903,320044546,298425565,29,29,0,25,6,0,11,40,19,7,10,4,11,8
176372,University of Southern Mississippi,MS,Mississippi,"Degree-granting, primarily baccalaureate or above",2018,8624,2080,309877265,290076432,29,26,0,28,5,0,11,41,20,8,10,4,10,8
176372,University of Southern Mississippi,MS,Mississippi,"Degree-granting, primarily baccalaureate or above",2019,8896,1888,321220155,303669654,29,26,0,32,5,1,7,30,20,6,8,4,7,25
176372,University of Southern Mississippi,MS,Mississippi,"Degree-granting, primarily baccalaureate or above",2020,8896,1675,322652954,309356908,29,27,0,34,3,1,6,30,18,5,7,4,8,27
176372,University of Southern Mississippi,MS,Mississippi,"Degree-granting, primarily baccalaureate or above",2021,9204,1587,345308746,307408509,27,26,0,37,4,1,5,28,16,4,10,4,10,27
176372,University of Southern Mississippi,MS,Mississippi,"Degree-granting, primarily baccalaureate or above",2022,9450,1624,349822045,323715449,27,25,0,38,4,0,6,28,17,5,9,4,7,31
180461,Montana State University,MT,Montana,"Degree-granting, primarily baccalaureate or above",2015,6849,3018,374555501,349612650,36,21,0,23,6,1,13,29,33,8,10,9,6,4
180461,Montana State University,MT,Montana,"Degree-granting, primarily baccalaureate or above",2016,6887,3503,397895860,365379212,35,22,0,22,6,1,14,29,32,9,10,9,6,5
180461,Montana State University,MT,Montana,"Degree-granting, primarily baccalaureate or above",2017,7079,3356,434645434,394565729,35,21,0,21,6,1,15,30,33,9,9,9,6,4
180461,Montana State University,MT,Montana,"Degree-granting, primarily baccalaureate or above",2018,7277,3387,442664672,402904779,36,19,0,21,6,1,16,31,32,9,9,10,7,4
180461,Montana State University,MT,Montana,"Degree-granting, primarily baccalaureate or above",2019,7325,3366,459603964,423808569,36,19,0,23,6,2,14,29,31,8,9,9,6,7
180461,Montana State University,MT,Montana,"Degree-granting, primarily baccalaureate or above",2020,7371,3259,486552289,451942499,35,20,0,25,6,1,13,28,31,9,8,9,6,8
180461,Montana State University,MT,Montana,"Degree-granting, primarily baccalaureate or above",2021,7528,3874,525492071,469989287,33,19,0,30,5,1,12,27,32,8,8,7,7,11
180461,Montana State University,MT,Montana,"Degree-granting, primarily baccalaureate or above",2022,7727,3752,567538863,500976726,33,18,0,28,6,0,15,26,31,9,8,9,6,11
180522,Montana State University-Northern,MT,Montana,"Degree-granting, primarily baccalaureate or above",2015,5329,229,23223862,21953451,25,45,0,23,5,0,3,43,3,1,9,22,11,11
180522,Montana State University-Northern,MT,Montana,"Degree-granting, primarily baccalaureate or above",2016,5371,249,24607860,22296357,23,47,0,21,4,0,4,44,3,1,10,23,9,11
180522,Montana State University-Northern,MT,Montana,"Degree-granting, primarily baccalaureate or above",2017,5861,264,27858136,22738875,21,39,0,16,4,0,20,42,3,1,10,23,9,12
180522,Montana State University-Northern,MT,Montana,"Degree-granting, primarily baccalaureate or above",2018,5955,189,26299422,21621437,22,40,0,15,4,0,18,40,2,1,10,23,10,14
180416,Montana Technological University,MT,Montana,"Degree-granting, primarily baccalaureate or above",2015,6539,284,50414890,47615735,27,27,0,19,7,0,20,40,23,0,8,9,9,11
180416,Montana Technological University,MT,Montana,"Degree-granting, primarily baccalaureate or above",2016,6561,204,53041650,49388436,28,26,0,18,6,0,22,33,20,0,6,8,7,25
180416,Montana Technological University,MT,Montana,"Degree-granting, primarily baccalaureate or above",2017,7125,227,56494260,52517339,27,25,0,18,5,0,24,32,22,0,6,8,7,25
180416,Montana Technological University,MT,Montana,"Degree-granting, primarily baccalaureate or above",2018,7412,265,50722231,49502156,27,26,0,18,7,1,22,33,18,0,5,7,8,29
180416,Montana Technological University,MT,Montana,"Degree-granting, primarily baccalaureate or above",2019,7440,275,51326290,48714216,26,34,0,19,8,1,12,33,20,0,5,8,8,25
180416,Montana Technological University,MT,Montana,"Degree-granting, primarily baccalaureate or above",2020,7390,275,47780573,46101180,24,38,0,18,8,1,11,31,22,0,6,8,8,25
180416,Montana Technological University,MT,Montana,"Degree-granting, primarily baccalaureate or above",2021,7400,325,49199944,49615064,20,38,0,20,7,0,15,28,20,0,5,7,12,27
180416,Montana Technological University,MT,Montana,"Degree-granting, primarily baccalaureate or above",2022,7580,307,52371551,50729214,19,36,0,18,7,0,19,29,21,0,4,8,11,28
180489,The University of Montana,MT,Montana,"Degree-granting, primarily baccalaureate or above",2015,6158,1750,291995513,274207900,32,22,0,24,8,0,14,37,15,9,13,9,10,6
180489,The University of Montana,MT,Montana,"Degree-granting, primarily baccalaureate or above",2016,6238,1620,313354465,283381767,28,22,0,24,8,1,17,36,17,10,12,10,9,6
180489,The University of Montana,MT,Montana,"Degree-granting, primarily baccalaureate or above",2017,7063,1671,307562644,296339687,28,22,0,26,9,0,15,35,20,10,11,9,10,5
180489,The University of Montana,MT,Montana,"Degree-granting, primarily baccalaureate or above",2018,7244,1535,318144836,290938241,27,21,0,25,9,0,18,35,19,10,12,9,9,5
180489,The University of Montana,MT,Montana,"Degree-granting, primarily baccalaureate or above",2019,7354,1482,314547009,289496593,26,21,0,24,10,1,18,31,20,11,13,10,8,8
180489,The University of Montana,MT,Montana,"Degree-granting, primarily baccalaureate or above",2020,7412,1296,302906138,305894695,27,22,0,27,10,1,13,29,21,10,13,10,9,9
180489,The University of Montana,MT,Montana,"Degree-granting, primarily baccalaureate or above",2021,7492,1542,321904005,316585537,24,22,0,34,9,1,9,27,23,10,12,8,9,12
180489,The University of Montana,MT,Montana,"Degree-granting, primarily baccalaureate or above",2022,7719,1621,350641039,323404389,22,20,0,32,12,-1,14,26,23,11,13,10,8,10
180692,The University of Montana-Western,MT,Montana,"Degree-granting, primarily baccalaureate or above",2017,5502,277,24748804,20874942,34,32,0,20,2,0,11,45,0,12,6,18,11,7
180692,The University of Montana-Western,MT,Montana,"Degree-granting, primarily baccalaureate or above",2018,5717,247,23125167,21641804,40,34,0,18,4,1,4,44,0,12,6,17,10,10
180692,The University of Montana-Western,MT,Montana,"Degree-granting, primarily baccalaureate or above",2019,5725,269,22981410,21664058,39,34,0,19,3,1,4,46,0,11,6,17,11,9
180692,The University of Montana-Western,MT,Montana,"Degree-granting, primarily baccalaureate or above",2020,5747,241,22839608,22685174,37,37,0,20,3,1,3,43,1,10,6,17,12,11
180692,The University of Montana-Western,MT,Montana,"Degree-granting, primarily baccalaureate or above",2021,5726,229,26428036,23531212,25,33,0,37,3,0,2,42,1,1,5,14,21,15
180692,The University of Montana-Western,MT,Montana,"Degree-granting, primarily baccalaureate or above",2022,5874,271,26908959,25692113,27,33,0,28,4,0,8,35,1,7,4,15,7,31
197869,Appalachian State University,NC,North Carolina,"Degree-granting, primarily baccalaureate or above",2015,6852,3049,304049287,247177271,37,42,0,13,4,1,3,53,1,3,18,6,10,9
197869,Appalachian State University,NC,North Carolina,"Degree-granting, primarily baccalaureate or above",2016,7136,3125,322678770,254564021,36,41,0,14,4,0,5,54,1,3,17,6,11,9
197869,Appalachian State University,NC,North Carolina,"Degree-granting, primarily baccalaureate or above",2017,7302,3306,345832965,278760403,35,40,0,13,3,1,7,53,1,3,16,6,12,9
197869,Appalachian State University,NC,North Carolina,"Degree-granting, primarily baccalaureate or above",2018,7364,3445,390220237,290784643,32,36,0,12,4,1,15,49,1,3,16,5,12,15
197869,Appalachian State University,NC,North Carolina,"Degree-granting, primarily baccalaureate or above",2019,7409,3501,378171177,292056323,34,39,0,14,4,1,7,50,2,3,16,5,12,11
197869,Appalachian State University,NC,North Carolina,"Degree-granting, primarily baccalaureate or above",2020,7410,3906,381917601,307193113,34,39,0,14,6,1,6,47,2,3,14,4,12,17
197869,Appalachian State University,NC,North Carolina,"Degree-granting, primarily baccalaureate or above",2021,7410,4099,478069090,341269731,27,31,0,20,6,12,4,46,2,4,14,5,12,18
197869,Appalachian State University,NC,North Carolina,"Degree-granting, primarily baccalaureate or above",2022,7450,3917,464387207,317705550,30,36,0,22,5,2,5,50,2,4,15,5,13,12
433174,Carolinas College of Health Sciences,NC,North Carolina,"Degree-granting, not primarily baccalaureate or above",2015,13900,19,8227773,8378576,33,0,0,7,0,0,60,49,0,0,1,5,45,0
433174,Carolinas College of Health Sciences,NC,North Carolina,"Degree-granting, not primarily baccalaureate or above",2016,12192,14,9159627,8499894,39,0,0,6,0,0,55,49,0,0,1,5,34,10
433174,Carolinas College of Health Sciences,NC,North Carolina,"Degree-granting, not primarily baccalaureate or above",2017,14616,15,9351448,8386839,40,0,0,5,0,0,55,49,0,0,1,5,34,11
433174,Carolinas College of Health Sciences,NC,North Carolina,"Degree-granting, not primarily baccalaureate or above",2018,13932,9,9676400,8793518,44,0,0,5,0,0,51,48,0,0,2,6,34,10
433174,Carolinas College of Health Sciences,NC,North Carolina,"Degree-granting, not primarily baccalaureate or above",2019,17420,8,9180349,8742573,43,0,0,4,0,0,53,48,0,0,2,7,33,11
433174,Carolinas College of Health Sciences,NC,North Carolina,"Degree-granting, not primarily baccalaureate or above",2020,15424,15,9206314,9566458,44,0,0,4,0,0,51,45,0,0,3,7,38,7
433174,Carolinas College of Health Sciences,NC,North Carolina,"Degree-granting, not primarily baccalaureate or above",2021,15814,6,11464189,10591669,42,0,0,6,0,0,52,42,0,0,5,7,33,12
433174,Carolinas College of Health Sciences,NC,North Carolina,"Degree-granting, not primarily baccalaureate or above",2022,16179,7,12516685,11402526,37,0,0,11,0,0,52,51,0,0,5,8,23,12
198464,East Carolina University,NC,North Carolina,"Degree-granting, primarily baccalaureate or above",2015,6580,4302,573863152,516942029,30,48,0,14,5,0,3,56,5,6,8,4,12,11
198464,East Carolina University,NC,North Carolina,"Degree-granting, primarily baccalaureate or above",2016,6997,4320,602305943,522005682,31,47,0,13,5,0,3,56,5,6,8,3,12,10
198464,East Carolina University,NC,North Carolina,"Degree-granting, primarily baccalaureate or above",2017,7143,4362,630143244,555101847,32,47,0,13,5,2,3,56,5,6,9,4,13,8
198464,East Carolina University,NC,North Carolina,"Degree-granting, primarily baccalaureate or above",2018,7188,4175,655579033,584456067,31,47,0,13,4,1,4,52,5,6,8,3,12,14
198464,East Carolina University,NC,North Carolina,"Degree-granting, primarily baccalaureate or above",2019,7238,4364,656025351,574491855,30,47,0,14,5,1,3,53,7,6,8,4,13,9
198464,East Carolina University,NC,North Carolina,"Degree-granting, primarily baccalaureate or above",2020,7239,4142,675408558,598678149,28,46,0,17,4,1,5,51,7,6,8,3,11,14
198464,East Carolina University,NC,North Carolina,"Degree-granting, primarily baccalaureate or above",2021,7297,4100,764966395,580671524,24,39,0,20,5,3,9,50,8,6,8,3,12,13
198464,East Carolina University,NC,North Carolina,"Degree-granting, primarily baccalaureate or above",2022,7325,3788,759882922,585076932,25,43,0,21,4,0,7,52,8,7,8,4,13,8
198507,Elizabeth City State University,NC,North Carolina,"Degree-granting, primarily baccalaureate or above",2015,4657,268,58221117,48452090,10,54,0,33,1,0,2,40,3,2,9,21,16,9
198507,Elizabeth City State University,NC,North Carolina,"Degree-granting, primarily baccalaureate or above",2016,4889,203,56981771,46890477,11,57,0,27,1,0,4,35,2,2,8,15,23,15
198507,Elizabeth City State University,NC,North Carolina,"Degree-granting, primarily baccalaureate or above",2017,4986,349,54272316,44252519,8,61,0,24,1,2,3,36,2,3,8,19,26,7
198507,Elizabeth City State University,NC,North Carolina,"Degree-granting, primarily baccalaureate or above",2018,3194,418,57418142,48645193,7,57,0,27,1,2,6,35,2,2,6,21,24,9
198507,Elizabeth City State University,NC,North Carolina,"Degree-granting, primarily baccalaureate or above",2019,3260,385,61729456,47928130,6,61,0,24,1,1,6,39,2,3,7,20,20,10
198507,Elizabeth City State University,NC,North Carolina,"Degree-granting, primarily baccalaureate or above",2020,3260,364,68709605,51338132,7,52,0,21,2,1,18,30,2,2,9,15,26,16
198507,Elizabeth City State University,NC,North Carolina,"Degree-granting, primarily baccalaureate or above",2021,3326,324,107010954,57092033,4,33,0,14,25,5,18,28,2,2,10,14,27,18
198507,Elizabeth City State University,NC,North Carolina,"Degree-granting, primarily baccalaureate or above",2022,3356,350,82749733,71810225,8,51,0,24,13,0,3,26,2,2,5,12,34,19
198543,Fayetteville State University,NC,North Carolina,"Degree-granting, primarily baccalaureate or above",2015,4885,631,103191667,89450031,17,48,0,31,1,1,1,49,1,5,14,6,13,13
198543,Fayetteville State University,NC,North Carolina,"Degree-granting, primarily baccalaureate or above",2016,5085,647,103623277,88396900,17,47,0,30,1,0,5,48,1,4,11,8,15,13
198543,Fayetteville State University,NC,North Carolina,"Degree-granting, primarily baccalaureate or above",2017,5183,670,108809085,97032839,16,50,0,29,1,2,3,48,1,4,13,10,14,11
198543,Fayetteville State University,NC,North Carolina,"Degree-granting, primarily baccalaureate or above",2018,5249,618,117646116,101980592,15,45,0,28,1,2,8,45,1,4,11,9,14,17
198543,Fayetteville State University,NC,North Carolina,"Degree-granting, primarily baccalaureate or above",2019,5274,678,115706089,100330179,15,47,0,32,1,2,4,45,1,4,11,11,14,15
198543,Fayetteville State University,NC,North Carolina,"Degree-granting, primarily baccalaureate or above",2020,5274,736,114843420,97400276,14,48,0,35,0,1,1,44,2,4,12,6,14,18
198543,Fayetteville State University,NC,North Carolina,"Degree-granting, primarily baccalaureate or above",2021,5379,632,157916282,104864344,11,34,0,36,1,5,12,41,2,3,14,5,13,21
198543,Fayetteville State University,NC,North Carolina,"Degree-granting, primarily baccalaureate or above",2022,3906,786,152548337,113347486,12,42,0,41,2,1,2,39,1,4,11,6,19,20
199102,North Carolina A & T State University,NC,North Carolina,"Degree-granting, primarily baccalaureate or above",2015,5972,1780,238836383,206515807,24,38,0,30,1,1,5,40,14,4,14,4,11,13
199102,North Carolina A & T State University,NC,North Carolina,"Degree-granting, primarily baccalaureate or above",2016,6372,1969,244206741,204824719,25,38,0,29,1,0,6,40,14,4,15,4,13,10
199102,North Carolina A & T State University,NC,North Carolina,"Degree-granting, primarily baccalaureate or above",2017,6526,2309,261540460,214346342,25,35,0,29,1,3,7,41,14,4,15,4,13,9
199102,North Carolina A & T State University,NC,North Carolina,"Degree-granting, primarily baccalaureate or above",2018,6612,2204,282114305,226498709,25,33,0,29,2,2,9,38,13,3,14,4,13,14
199102,North Carolina A & T State University,NC,North Carolina,"Degree-granting, primarily baccalaureate or above",2019,6657,2289,292016547,228435766,26,32,0,32,2,2,6,39,13,4,16,4,13,11
199102,North Carolina A & T State University,NC,North Carolina,"Degree-granting, primarily baccalaureate or above",2020,6657,2136,331259853,243463340,24,29,0,32,1,1,13,37,12,3,14,3,14,17
199102,North Carolina A & T State University,NC,North Carolina,"Degree-granting, primarily baccalaureate or above",2021,6733,2930,458357714,257259050,15,19,0,33,12,8,12,34,12,3,15,3,14,19
199102,North Carolina A & T State University,NC,North Carolina,"Degree-granting, primarily baccalaureate or above",2022,6733,3075,419517581,279383373,20,27,0,40,4,0,9,33,10,4,20,3,14,16
199157,North Carolina Central University,NC,North Carolina,"Degree-granting, primarily baccalaureate or above",2015,5755,1108,165973020,146276401,23,50,0,24,0,2,2,53,5,1,13,5,15,9
199157,North Carolina Central University,NC,North Carolina,"Degree-granting, primarily baccalaureate or above",2016,6132,1154,167379714,146786235,24,48,0,25,1,0,3,56,4,1,13,5,11,9
199157,North Carolina Central University,NC,North Carolina,"Degree-granting, primarily baccalaureate or above",2017,6399,1275,183752673,158401352,26,46,0,23,1,2,3,51,5,1,16,5,14,8
199157,North Carolina Central University,NC,North Carolina,"Degree-granting, primarily baccalaureate or above",2018,6464,1143,187982576,162687724,25,45,0,24,0,3,3,51,6,1,15,6,6,15
199157,North Carolina Central University,NC,North Carolina,"Degree-granting, primarily baccalaureate or above",2019,6534,1027,200054034,161184757,24,43,0,24,0,2,7,52,9,1,15,6,6,12
199157,North Carolina Central University,NC,North Carolina,"Degree-granting, primarily baccalaureate or above",2020,6629,1232,194877097,164744227,24,44,0,27,0,1,3,48,8,1,14,3,11,15
199157,North Carolina Central University,NC,North Carolina,"Degree-granting, primarily baccalaureate or above",2021,6644,1130,234726991,163590718,21,35,0,26,6,7,5,49,7,1,13,4,7,19
199157,North Carolina Central University,NC,North Carolina,"Degree-granting, primarily baccalaureate or above",2022,6599,1079,272582547,204823953,15,33,0,36,5,1,11,48,8,1,14,4,6,19
199193,North Carolina State University at Raleigh,NC,North Carolina,"Degree-granting, primarily baccalaureate or above",2015,8581,4364,1298230068,1148362928,21,37,0,18,12,2,11,38,27,12,8,3,8,4
199193,North Carolina State University at Raleigh,NC,North Carolina,"Degree-granting, primarily baccalaureate or above",2016,8880,4388,1331674940,1202509154,22,38,0,18,12,0,11,39,27,11,8,3,9,4
199193,North Carolina State University at Raleigh,NC,North Carolina,"Degree-granting, primarily baccalaureate or above",2017,9058,4797,1412510035,1281830790,22,36,0,18,12,3,11,39,26,11,8,3,9,4
199193,North Carolina State University at Raleigh,NC,North Carolina,"Degree-granting, primarily baccalaureate or above",2018,9101,4952,1474004063,1316794250,22,35,0,17,11,3,11,37,25,10,8,3,8,9
199193,North Carolina State University at Raleigh,NC,North Carolina,"Degree-granting, primarily baccalaureate or above",2019,9101,4873,1565139008,1334233665,22,33,0,19,11,3,12,38,27,11,8,3,8,5
199193,North Carolina State University at Raleigh,NC,North Carolina,"Degree-granting, primarily baccalaureate or above",2020,9101,4747,1585093166,1390841865,23,33,0,19,11,1,14,36,25,10,8,3,8,10
199193,North Carolina State University at Raleigh,NC,North Carolina,"Degree-granting, primarily baccalaureate or above",2021,9131,5046,1765883013,1358821268,19,29,0,17,11,9,14,37,26,9,8,3,8,9
199193,North Carolina State University at Raleigh,NC,North Carolina,"Degree-granting, primarily baccalaureate or above",2022,9128,5627,1682484107,1388688568,21,34,0,19,12,1,14,37,27,11,9,3,9,5
199111,University of North Carolina at Asheville,NC,North Carolina,"Degree-granting, primarily baccalaureate or above",2015,6605,735,78535001,66130701,29,48,0,14,3,2,4,48,3,3,9,11,18,8
199111,University of North Carolina at Asheville,NC,North Carolina,"Degree-granting, primarily baccalaureate or above",2016,6977,665,84424765,68323110,28,46,0,14,4,0,8,49,3,3,9,10,17,9
199111,University of North Carolina at Asheville,NC,North Carolina,"Degree-granting, primarily baccalaureate or above",2017,7145,648,87124311,71437891,28,46,0,13,4,2,6,50,3,3,9,10,17,8
199111,University of North Carolina at Asheville,NC,North Carolina,"Degree-granting, primarily baccalaureate or above",2018,7145,788,90844326,73393751,26,44,0,14,5,3,9,46,3,3,8,9,17,14
199111,University of North Carolina at Asheville,NC,North Carolina,"Degree-granting, primarily baccalaureate or above",2019,7231,654,93251237,70874475,25,44,0,14,5,2,10,48,3,3,8,9,18,11
199111,University of North Carolina at Asheville,NC,North Carolina,"Degree-granting, primarily baccalaureate or above",2020,7244,586,98544922,72771601,22,41,0,16,5,1,15,43,3,3,7,9,17,19
199111,University of North Carolina at Asheville,NC,North Carolina,"Degree-granting, primarily baccalaureate or above",2021,7319,605,104901401,70793442,19,39,0,16,5,6,15,40,3,4,8,9,17,20
199111,University of North Carolina at Asheville,NC,North Carolina,"Degree-granting, primarily baccalaureate or above",2022,7380,507,105206836,70387711,18,50,0,19,5,1,7,39,3,3,8,10,18,18
199120,University of North Carolina at Chapel Hill,NC,North Carolina,"Degree-granting, primarily baccalaureate or above",2015,8591,4076,2340976309,2189419274,17,20,0,37,11,9,6,35,35,7,7,2,7,6
199120,University of North Carolina at Chapel Hill,NC,North Carolina,"Degree-granting, primarily baccalaureate or above",2016,8834,4228,2014992024,2101720101,20,25,0,39,13,-2,5,38,29,8,8,2,8,7
199120,University of North Carolina at Chapel Hill,NC,North Carolina,"Degree-granting, primarily baccalaureate or above",2017,9005,4356,2430338254,2232977340,18,21,0,33,13,11,4,36,30,7,8,3,10,8
199120,University of North Carolina at Chapel Hill,NC,North Carolina,"Degree-granting, primarily baccalaureate or above",2018,8987,4327,2527761547,2321264900,17,21,0,34,11,13,4,33,27,7,7,2,9,14
199120,University of North Carolina at Chapel Hill,NC,North Carolina,"Degree-granting, primarily baccalaureate or above",2019,8980,4182,2643970902,2206076005,16,21,0,32,13,9,10,37,30,8,8,2,10,6
199120,University of North Carolina at Chapel Hill,NC,North Carolina,"Degree-granting, primarily baccalaureate or above",2020,8980,4445,2407432921,2279374009,17,22,0,39,13,5,4,36,29,7,8,2,10,9
199120,University of North Carolina at Chapel Hill,NC,North Carolina,"Degree-granting, primarily baccalaureate or above",2021,9028,4690,3755917939,2265080006,11,14,0,28,11,30,5,35,30,6,7,2,10,10
199120,University of North Carolina at Chapel Hill,NC,North Carolina,"Degree-granting, primarily baccalaureate or above",2022,8989,4435,2732702317,2339742932,17,22,0,42,13,0,6,36,31,7,7,2,11,7
199139,University of North Carolina at Charlotte,NC,North Carolina,"Degree-granting, primarily baccalaureate or above",2015,6532,3452,508279688,404432559,36,39,0,19,3,1,2,53,7,1,13,6,10,10
199139,University of North Carolina at Charlotte,NC,North Carolina,"Degree-granting, primarily baccalaureate or above",2016,6763,3453,555725646,425637253,35,40,0,18,4,1,3,54,7,1,13,6,9,10
199139,University of North Carolina at Charlotte,NC,North Carolina,"Degree-granting, primarily baccalaureate or above",2017,6832,3373,589302932,456622316,35,39,0,17,4,2,4,54,6,1,13,7,10,9
199139,University of North Carolina at Charlotte,NC,North Carolina,"Degree-granting, primarily baccalaureate or above",2018,6853,3708,613546937,486949159,35,41,0,16,3,2,3,50,6,1,12,6,10,14
199139,University of North Carolina at Charlotte,NC,North Carolina,"Degree-granting, primarily baccalaureate or above",2019,6905,3653,645847561,481322736,34,40,0,17,4,2,3,51,7,1,13,6,11,11
199139,University of North Carolina at Charlotte,NC,North Carolina,"Degree-granting, primarily baccalaureate or above",2020,7096,3999,676393156,530160153,32,39,0,19,3,1,7,48,6,1,11,6,11,17
199139,University of North Carolina at Charlotte,NC,North Carolina,"Degree-granting, primarily baccalaureate or above",2021,7188,4256,757322408,525550791,28,34,0,23,2,4,8,47,8,1,12,6,9,18
199139,University of North Carolina at Charlotte,NC,North Carolina,"Degree-granting, primarily baccalaureate or above",2022,7214,4157,771735518,530676039,30,38,0,24,2,1,4,50,5,1,14,6,9,15
199148,University of North Carolina at Greensboro,NC,North Carolina,"Degree-granting, primarily baccalaureate or above",2015,6745,2773,337426068,288651716,27,43,0,23,2,1,4,47,6,3,16,7,9,11
199148,University of North Carolina at Greensboro,NC,North Carolina,"Degree-granting, primarily baccalaureate or above",2016,6971,2864,347404118,300468449,29,43,0,24,1,-2,5,47,6,3,15,7,10,12
199148,University of North Carolina at Greensboro,NC,North Carolina,"Degree-granting, primarily baccalaureate or above",2017,7250,2791,408344153,325913245,26,38,0,20,1,9,6,48,6,3,14,8,11,10
199148,University of North Carolina at Greensboro,NC,North Carolina,"Degree-granting, primarily baccalaureate or above",2018,7331,2989,432394476,342414921,26,39,0,20,2,6,7,49,5,2,15,8,7,14
199148,University of North Carolina at Greensboro,NC,North Carolina,"Degree-granting, primarily baccalaureate or above",2019,7403,2746,462518449,349078456,24,39,0,21,2,4,10,48,5,2,15,8,12,10
199148,University of North Carolina at Greensboro,NC,North Carolina,"Degree-granting, primarily baccalaureate or above",2020,7403,2432,483355441,383245806,24,38,0,23,1,3,11,45,5,2,13,7,12,17
199148,University of North Carolina at Greensboro,NC,North Carolina,"Degree-granting, primarily baccalaureate or above",2021,7468,2543,553237070,367997254,19,31,0,23,2,17,8,49,6,3,14,8,6,15
199148,University of North Carolina at Greensboro,NC,North Carolina,"Degree-granting, primarily baccalaureate or above",2022,7498,2343,460264402,376981326,21,41,0,33,4,-4,5,43,7,3,13,8,12,14
199281,University of North Carolina at Pembroke,NC,North Carolina,"Degree-granting, primarily baccalaureate or above",2015,5564,1233,101845063,82505163,21,52,0,22,1,1,3,47,1,2,16,9,14,11
199281,University of North Carolina at Pembroke,NC,North Carolina,"Degree-granting, primarily baccalaureate or above",2016,5816,1091,107247070,89747480,22,51,0,22,1,-1,4,45,0,2,15,9,16,12
199281,University of North Carolina at Pembroke,NC,North Carolina,"Degree-granting, primarily baccalaureate or above",2017,6014,1033,111162690,91974180,22,50,0,21,1,2,4,45,1,2,15,9,17,11
199281,University of North Carolina at Pembroke,NC,North Carolina,"Degree-granting, primarily baccalaureate or above",2018,3418,1233,124469255,91506661,21,45,0,19,1,2,13,43,1,2,15,7,16,15
199281,University of North Carolina at Pembroke,NC,North Carolina,"Degree-granting, primarily baccalaureate or above",2019,3490,1131,136929519,99331687,14,57,0,18,2,2,8,44,1,2,15,8,16,14
199281,University of North Carolina at Pembroke,NC,North Carolina,"Degree-granting, primarily baccalaureate or above",2020,3456,901,138640569,107903751,16,56,0,21,1,0,5,41,0,3,15,7,16,18
199281,University of North Carolina at Pembroke,NC,North Carolina,"Degree-granting, primarily baccalaureate or above",2021,3495,896,181372697,120967378,13,42,0,23,2,5,15,37,1,2,19,6,17,17
199281,University of North Carolina at Pembroke,NC,North Carolina,"Degree-granting, primarily baccalaureate or above",2022,3495,714,190714150,132576665,12,51,0,27,1,0,9,34,0,2,15,7,15,27
199184,University of North Carolina School of the Arts,NC,North Carolina,"Degree-granting, primarily baccalaureate or above",2015,8983,199,64071985,47204995,22,45,0,3,3,3,25,45,0,3,12,6,30,3
199184,University of North Carolina School of the Arts,NC,North Carolina,"Degree-granting, primarily baccalaureate or above",2016,9139,213,53999368,46787444,27,55,0,4,4,0,11,47,0,3,15,6,26,3
199184,University of North Carolina School of the Arts,NC,North Carolina,"Degree-granting, primarily baccalaureate or above",2017,9338,173,63071252,50846102,24,49,0,4,4,4,15,46,0,3,14,6,27,4
199184,University of North Carolina School of the Arts,NC,North Carolina,"Degree-granting, primarily baccalaureate or above",2018,9371,243,62025940,53669808,25,51,0,3,6,5,10,44,0,4,13,5,25,9
199184,University of North Carolina School of the Arts,NC,North Carolina,"Degree-granting, primarily baccalaureate or above",2019,9358,234,70576280,55000187,22,48,0,3,6,4,17,44,0,4,13,5,27,7
199184,University of North Carolina School of the Arts,NC,North Carolina,"Degree-granting, primarily baccalaureate or above",2020,9358,219,69667703,60740644,23,49,0,3,8,2,15,39,0,5,12,4,28,12
199184,University of North Carolina School of the Arts,NC,North Carolina,"Degree-granting, primarily baccalaureate or above",2021,9388,208,80942710,57995646,19,40,0,4,9,15,13,39,0,3,12,5,28,12
199184,University of North Carolina School of the Arts,NC,North Carolina,"Degree-granting, primarily baccalaureate or above",2022,9388,210,80638896,60946322,21,46,0,5,8,3,16,40,0,3,12,6,28,10
199218,University of North Carolina Wilmington,NC,North Carolina,"Degree-granting, primarily baccalaureate or above",2015,6691,2029,263443037,207435020,39,38,0,12,2,2,7,53,6,2,11,7,12,9
199218,University of North Carolina Wilmington,NC,North Carolina,"Degree-granting, primarily baccalaureate or above",2016,6951,2223,275420102,220540981,39,41,0,11,2,0,7,53,6,2,11,7,13,9
199218,University of North Carolina Wilmington,NC,North Carolina,"Degree-granting, primarily baccalaureate or above",2017,7000,2145,301990199,235516155,37,41,0,10,3,4,5,54,5,2,11,7,14,8
199218,University of North Carolina Wilmington,NC,North Carolina,"Degree-granting, primarily baccalaureate or above",2018,7091,2161,319635564,256399032,36,43,0,11,1,4,6,50,5,2,13,7,11,13
199218,University of North Carolina Wilmington,NC,North Carolina,"Degree-granting, primarily baccalaureate or above",2019,7181,2342,419832740,293280821,27,35,0,10,3,2,22,45,6,2,11,6,13,18
199218,University of North Carolina Wilmington,NC,North Carolina,"Degree-granting, primarily baccalaureate or above",2020,7181,2025,381774184,311266542,32,39,0,12,1,1,15,44,4,1,11,5,11,23
199218,University of North Carolina Wilmington,NC,North Carolina,"Degree-granting, primarily baccalaureate or above",2021,7238,2435,422491747,299744106,25,35,0,20,1,10,8,47,4,1,12,5,10,20
199218,University of North Carolina Wilmington,NC,North Carolina,"Degree-granting, primarily baccalaureate or above",2022,7238,2370,399635844,299472566,31,45,0,14,1,2,7,51,5,2,13,7,11,12
200004,Western Carolina University,NC,North Carolina,"Degree-granting, primarily baccalaureate or above",2015,6623,1639,183737222,146805432,29,47,0,16,3,2,3,51,1,5,12,6,16,8
200004,Western Carolina University,NC,North Carolina,"Degree-granting, primarily baccalaureate or above",2016,6737,1924,191940964,152881218,29,48,0,16,3,0,5,50,1,5,13,7,16,9
200004,Western Carolina University,NC,North Carolina,"Degree-granting, primarily baccalaureate or above",2017,6897,1998,202483444,156485349,30,44,0,14,3,4,5,52,1,2,12,8,17,8
200004,Western Carolina University,NC,North Carolina,"Degree-granting, primarily baccalaureate or above",2018,3926,2198,221067386,166039523,28,43,0,14,3,4,8,46,1,2,12,7,15,17
200004,Western Carolina University,NC,North Carolina,"Degree-granting, primarily baccalaureate or above",2019,4277,2107,253748709,164396184,17,51,0,11,2,3,15,49,2,2,12,8,15,11
200004,Western Carolina University,NC,North Carolina,"Degree-granting, primarily baccalaureate or above",2020,4285,1823,274764203,181928622,16,48,0,13,2,2,20,45,1,4,11,7,17,16
200004,Western Carolina University,NC,North Carolina,"Degree-granting, primarily baccalaureate or above",2021,4367,1729,316194967,194746905,14,40,0,14,1,12,19,43,1,3,11,6,17,18
200004,Western Carolina University,NC,North Carolina,"Degree-granting, primarily baccalaureate or above",2022,4453,1932,278600615,200603053,15,53,0,20,3,2,6,43,1,5,12,6,17,17
199999,Winston-Salem State University,NC,North Carolina,"Degree-granting, primarily baccalaureate or above",2015,5707,887,127746680,101536785,18,51,0,24,0,2,6,51,1,1,10,7,17,13
199999,Winston-Salem State University,NC,North Carolina,"Degree-granting, primarily baccalaureate or above",2016,5804,952,123744772,100414706,18,53,0,26,0,0,3,50,2,2,9,7,18,12
199999,Winston-Salem State University,NC,North Carolina,"Degree-granting, primarily baccalaureate or above",2017,5941,937,127867143,105291227,17,52,0,26,0,3,3,49,2,1,10,8,19,12
199999,Winston-Salem State University,NC,North Carolina,"Degree-granting, primarily baccalaureate or above",2018,5904,935,132030997,105173125,18,48,0,26,0,3,6,47,2,1,8,7,17,18
199999,Winston-Salem State University,NC,North Carolina,"Degree-granting, primarily baccalaureate or above",2019,5941,967,154260745,99351612,15,41,0,21,0,2,20,47,2,1,9,7,19,15
199999,Winston-Salem State University,NC,North Carolina,"Degree-granting, primarily baccalaureate or above",2020,5941,1007,143348264,104452596,13,45,0,27,0,1,13,43,3,1,8,7,19,20
199999,Winston-Salem State University,NC,North Carolina,"Degree-granting, primarily baccalaureate or above",2021,6247,912,157962288,102875922,13,39,0,25,7,10,6,43,4,1,10,6,21,17
199999,Winston-Salem State University,NC,North Carolina,"Degree-granting, primarily baccalaureate or above",2022,6276,855,171966854,132840699,14,39,0,38,7,2,1,33,2,1,9,4,24,27
200059,Dickinson State University,ND,North Dakota,"Degree-granting, primarily baccalaureate or above",2015,6172,211,24990554,23241859,24,55,0,12,4,0,5,55,1,0,12,15,14,2
200059,Dickinson State University,ND,North Dakota,"Degree-granting, primarily baccalaureate or above",2016,6348,185,23860900,24119839,26,54,0,10,2,0,9,51,1,0,12,15,18,3
200059,Dickinson State University,ND,North Dakota,"Degree-granting, primarily baccalaureate or above",2017,6554,194,24288328,27412047,28,54,0,9,4,0,5,53,0,0,8,13,14,11
200059,Dickinson State University,ND,North Dakota,"Degree-granting, primarily baccalaureate or above",2018,6768,181,29422851,25954875,23,49,0,10,3,1,14,58,0,0,8,14,16,3
200059,Dickinson State University,ND,North Dakota,"Degree-granting, primarily baccalaureate or above",2019,7784,202,24673336,24990670,27,44,0,10,3,1,14,49,0,1,10,20,15,5
200059,Dickinson State University,ND,North Dakota,"Degree-granting, primarily baccalaureate or above",2020,9118,244,22607481,24233924,33,43,0,13,4,1,5,44,0,0,12,19,18,6
200059,Dickinson State University,ND,North Dakota,"Degree-granting, primarily baccalaureate or above",2021,9118,269,29247353,25532807,27,35,0,19,5,0,14,41,0,0,8,17,16,17
200059,Dickinson State University,ND,North Dakota,"Degree-granting, primarily baccalaureate or above",2022,9118,242,26556373,24410702,29,36,0,19,6,1,9,42,0,0,11,21,10,15
200226,Mayville State University,ND,North Dakota,"Degree-granting, primarily baccalaureate or above",2016,6254,130,24129383,19810900,18,33,0,23,3,1,22,33,1,20,4,17,15,10
200226,Mayville State University,ND,North Dakota,"Degree-granting, primarily baccalaureate or above",2017,6456,126,20626925,18601992,22,37,0,24,4,1,12,32,1,20,4,16,17,9
200226,Mayville State University,ND,North Dakota,"Degree-granting, primarily baccalaureate or above",2018,6666,134,21105474,20096385,24,32,0,29,3,1,11,32,1,23,4,16,17,8
200226,Mayville State University,ND,North Dakota,"Degree-granting, primarily baccalaureate or above",2019,7049,110,21270058,21190184,25,33,0,26,5,1,9,33,1,22,4,16,17,7
200226,Mayville State University,ND,North Dakota,"Degree-granting, primarily baccalaureate or above",2020,7381,142,22211238,21977640,25,35,0,27,2,2,9,34,1,22,4,8,22,8
200226,Mayville State University,ND,North Dakota,"Degree-granting, primarily baccalaureate or above",2021,7622,181,26159827,24408561,22,32,0,35,2,1,7,30,1,19,3,7,26,13
200226,Mayville State University,ND,North Dakota,"Degree-granting, primarily baccalaureate or above",2022,7873,108,25912633,21057279,22,35,0,30,3,1,8,31,1,21,3,9,25,11
200253,Minot State University,ND,North Dakota,"Degree-granting, primarily baccalaureate or above",2015,6390,341,57195010,52308571,25,40,4,17,3,0,11,51,1,12,9,18,7,2
200253,Minot State University,ND,North Dakota,"Degree-granting, primarily baccalaureate or above",2016,6568,360,53355854,53937067,28,44,2,17,3,0,6,40,1,10,8,15,4,23
200253,Minot State University,ND,North Dakota,"Degree-granting, primarily baccalaureate or above",2017,6810,373,52634065,55322577,30,41,2,17,5,0,6,36,1,9,7,15,4,27
200253,Minot State University,ND,North Dakota,"Degree-granting, primarily baccalaureate or above",2018,7064,397,51039006,51997006,30,38,0,17,5,1,8,37,1,9,6,16,5,26
200253,Minot State University,ND,North Dakota,"Degree-granting, primarily baccalaureate or above",2019,7592,399,51495457,56118808,31,38,2,17,4,1,7,34,1,9,5,16,4,31
200253,Minot State University,ND,North Dakota,"Degree-granting, primarily baccalaureate or above",2020,7896,396,50891022,53312650,31,38,0,19,5,1,6,36,0,9,6,17,6,26
200253,Minot State University,ND,North Dakota,"Degree-granting, primarily baccalaureate or above",2021,8164,374,53531322,56406576,29,37,0,23,5,1,4,34,0,8,8,16,6,28
200253,Minot State University,ND,North Dakota,"Degree-granting, primarily baccalaureate or above",2022,8508,378,56736768,57321786,27,35,0,28,7,-1,4,34,0,9,6,19,7,25
200332,North Dakota State University-Main Campus,ND,North Dakota,"Degree-granting, primarily baccalaureate or above",2015,8098,2552,406318569,362802185,27,29,0,15,5,1,23,33,30,11,10,11,5,1
200332,North Dakota State University-Main Campus,ND,North Dakota,"Degree-granting, primarily baccalaureate or above",2016,8327,2503,414380559,373560850,28,31,0,14,6,1,21,33,29,11,10,11,6,0
200332,North Dakota State University-Main Campus,ND,North Dakota,"Degree-granting, primarily baccalaureate or above",2017,8666,2633,407046885,380326964,30,31,0,14,6,1,18,32,29,11,10,11,5,2
200332,North Dakota State University-Main Campus,ND,North Dakota,"Degree-granting, primarily baccalaureate or above",2018,9414,2275,371769459,370110805,32,30,0,16,7,1,13,31,29,11,10,12,6,2
200332,North Dakota State University-Main Campus,ND,North Dakota,"Degree-granting, primarily baccalaureate or above",2019,9754,2218,385994858,374255700,31,30,0,16,7,1,16,32,29,10,10,12,6,2
200332,North Dakota State University-Main Campus,ND,North Dakota,"Degree-granting, primarily baccalaureate or above",2020,10168,2307,380898186,382092628,30,30,0,17,7,1,14,32,28,10,10,11,6,3
200332,North Dakota State University-Main Campus,ND,North Dakota,"Degree-granting, primarily baccalaureate or above",2021,10601,2491,454717900,411637180,26,27,0,22,7,1,16,29,28,11,8,9,9,6
200332,North Dakota State University-Main Campus,ND,North Dakota,"Degree-granting, primarily baccalaureate or above",2022,10992,2513,461399022,415278186,25,26,0,20,6,1,20,30,30,12,9,11,6,2
200280,University of North Dakota,ND,North Dakota,"Degree-granting, primarily baccalaureate or above",2015,7965,1895,484747806,406113916,27,22,1,15,6,0,28,54,12,6,9,11,8,1
200280,University of North Dakota,ND,North Dakota,"Degree-granting, primarily baccalaureate or above",2016,8136,1928,481054347,423307792,29,24,1,16,5,0,25,55,13,5,10,9,7,1
200280,University of North Dakota,ND,North Dakota,"Degree-granting, primarily baccalaureate or above",2017,8447,1939,440684814,420650639,32,24,1,18,6,1,18,54,12,5,10,10,7,2
200280,University of North Dakota,ND,North Dakota,"Degree-granting, primarily baccalaureate or above",2018,8695,1835,432338291,420658909,33,24,1,20,7,1,14,46,19,5,9,11,7,3
200280,University of North Dakota,ND,North Dakota,"Degree-granting, primarily baccalaureate or above",2019,9736,1673,433801396,430288504,34,23,1,20,8,1,12,44,20,7,8,10,7,4
200280,University of North Dakota,ND,North Dakota,"Degree-granting, primarily baccalaureate or above",2020,10276,1614,453564498,445638631,34,23,1,21,8,1,12,44,20,6,9,8,8,4
200280,University of North Dakota,ND,North Dakota,"Degree-granting, primarily baccalaureate or above",2021,10596,1755,551176115,521089125,33,19,1,28,6,1,12,40,23,6,8,6,12,6
200280,University of North Dakota,ND,North Dakota,"Degree-granting, primarily baccalaureate or above",2022,10951,1753,583888487,532161038,32,18,1,26,7,0,15,37,23,8,10,7,8,8
200572,Valley City State University,ND,North Dakota,"Degree-granting, primarily baccalaureate or above",2015,6800,209,26006055,23150091,23,51,0,7,1,1,17,60,1,1,10,13,15,1
200572,Valley City State University,ND,North Dakota,"Degree-granting, primarily baccalaureate or above",2016,7196,186,24855203,22287197,24,46,0,9,1,1,19,61,1,0,10,13,14,0
200572,Valley City State University,ND,North Dakota,"Degree-granting, primarily baccalaureate or above",2017,7406,190,33133818,22328124,21,34,0,7,2,1,35,61,1,0,9,11,15,3
200572,Valley City State University,ND,North Dakota,"Degree-granting, primarily baccalaureate or above",2018,7626,165,23539615,21219477,30,43,0,9,3,2,13,61,1,0,9,9,16,3
200572,Valley City State University,ND,North Dakota,"Degree-granting, primarily baccalaureate or above",2019,7707,218,22675102,22192152,30,42,0,9,6,2,11,59,1,0,8,9,18,5
200572,Valley City State University,ND,North Dakota,"Degree-granting, primarily baccalaureate or above",2020,7942,195,26959493,25122500,26,39,0,9,6,2,18,59,1,0,9,8,19,4
200572,Valley City State University,ND,North Dakota,"Degree-granting, primarily baccalaureate or above",2021,8195,196,41744609,24858956,18,26,0,6,4,2,44,55,1,0,10,9,18,7
200572,Valley City State University,ND,North Dakota,"Degree-granting, primarily baccalaureate or above",2022,8458,205,37157418,25503235,19,32,0,9,5,1,34,53,1,0,10,9,14,12
181215,University of Nebraska at Kearney,NE,Nebraska,"Degree-granting, primarily baccalaureate or above",2015,6624,938,107454205,86483155,28,37,0,10,5,1,20,57,2,3,11,7,11,9
181215,University of Nebraska at Kearney,NE,Nebraska,"Degree-granting, primarily baccalaureate or above",2016,6844,1008,95918214,87156998,30,42,0,11,4,1,11,56,2,2,11,8,11,10
181215,University of Nebraska at Kearney,NE,Nebraska,"Degree-granting, primarily baccalaureate or above",2017,7294,904,99016237,89275874,30,44,0,11,6,1,8,57,3,3,11,8,11,8
181215,University of Nebraska at Kearney,NE,Nebraska,"Degree-granting, primarily baccalaureate or above",2018,7512,944,98250320,88449494,30,42,0,13,4,1,10,57,3,3,12,8,11,7
181215,University of Nebraska at Kearney,NE,Nebraska,"Degree-granting, primarily baccalaureate or above",2019,7752,863,115603224,88500495,28,39,0,11,4,1,17,58,3,3,11,8,11,7
181215,University of Nebraska at Kearney,NE,Nebraska,"Degree-granting, primarily baccalaureate or above",2020,7962,833,103264860,98718597,32,44,0,15,6,1,3,52,3,2,9,7,11,16
181215,University of Nebraska at Kearney,NE,Nebraska,"Degree-granting, primarily baccalaureate or above",2021,7986,958,111621063,94836733,30,43,0,17,6,1,4,53,3,2,10,7,14,10
181215,University of Nebraska at Kearney,NE,Nebraska,"Degree-granting, primarily baccalaureate or above",2022,7984,863,124272691,102284655,26,39,0,21,5,1,8,50,4,2,10,7,13,15
181394,University of Nebraska at Omaha,NE,Nebraska,"Degree-granting, primarily baccalaureate or above",2015,6898,2062,264373002,198869517,30,25,0,11,5,1,28,56,5,5,10,6,11,7
181394,University of Nebraska at Omaha,NE,Nebraska,"Degree-granting, primarily baccalaureate or above",2016,7204,2069,223921749,199601534,37,30,0,14,7,1,11,55,5,6,10,6,11,7
181394,University of Nebraska at Omaha,NE,Nebraska,"Degree-granting, primarily baccalaureate or above",2017,7630,2100,231096206,218922821,37,32,0,14,7,1,10,53,5,6,9,6,11,11
181394,University of Nebraska at Omaha,NE,Nebraska,"Degree-granting, primarily baccalaureate or above",2018,7790,2151,237336555,216671984,37,28,0,16,5,1,13,55,6,6,9,6,10,9
181394,University of Nebraska at Omaha,NE,Nebraska,"Degree-granting, primarily baccalaureate or above",2019,7980,2067,248062029,212670491,38,31,0,16,5,1,9,55,6,6,10,6,9,8
181394,University of Nebraska at Omaha,NE,Nebraska,"Degree-granting, primarily baccalaureate or above",2020,8136,2223,259210523,254343913,39,30,0,16,7,1,8,49,5,5,10,5,8,19
181394,University of Nebraska at Omaha,NE,Nebraska,"Degree-granting, primarily baccalaureate or above",2021,8136,2166,288628197,245740062,36,28,0,15,5,1,14,52,6,4,9,5,11,12
181394,University of Nebraska at Omaha,NE,Nebraska,"Degree-granting, primarily baccalaureate or above",2022,8136,2344,291484953,268956482,34,28,0,17,5,1,15,50,9,5,9,5,10,12
181464,University of Nebraska-Lincoln,NE,Nebraska,"Degree-granting, primarily baccalaureate or above",2015,8367,4628,893261149,787105902,23,30,0,17,14,2,14,31,28,14,10,2,6,8
181464,University of Nebraska-Lincoln,NE,Nebraska,"Degree-granting, primarily baccalaureate or above",2016,8537,4860,882023214,816462461,24,31,0,18,10,1,16,28,26,12,9,2,6,16
181464,University of Nebraska-Lincoln,NE,Nebraska,"Degree-granting, primarily baccalaureate or above",2017,8978,4905,925209096,851858350,24,30,0,17,10,4,14,32,26,10,10,2,6,14
181464,University of Nebraska-Lincoln,NE,Nebraska,"Degree-granting, primarily baccalaureate or above",2018,9242,4816,884524404,867730724,26,30,0,19,10,3,11,32,26,10,9,2,6,14
181464,University of Nebraska-Lincoln,NE,Nebraska,"Degree-granting, primarily baccalaureate or above",2019,9522,4775,873363882,881381495,28,30,0,20,11,2,8,32,32,10,9,2,6,10
181464,University of Nebraska-Lincoln,NE,Nebraska,"Degree-granting, primarily baccalaureate or above",2020,9690,4771,889003511,973980783,27,31,0,20,12,1,9,29,23,11,8,2,6,21
181464,University of Nebraska-Lincoln,NE,Nebraska,"Degree-granting, primarily baccalaureate or above",2021,9872,4736,1027676033,848031929,23,29,0,20,10,8,9,32,26,11,8,3,7,14
181464,University of Nebraska-Lincoln,NE,Nebraska,"Degree-granting, primarily baccalaureate or above",2022,9872,4640,982123782,895323760,22,30,0,25,8,-4,19,30,26,11,9,2,7,15
183062,Keene State College,NH,New Hampshire,"Degree-granting, primarily baccalaureate or above",2015,13228,920,82379979,81178670,68,13,0,9,2,1,6,53,4,0,14,15,14,1
183062,Keene State College,NH,New Hampshire,"Degree-granting, primarily baccalaureate or above",2016,13612,1049,76811983,80231276,66,14,0,9,4,1,6,54,4,0,13,15,14,0
183062,Keene State College,NH,New Hampshire,"Degree-granting, primarily baccalaureate or above",2017,13868,931,79835400,79862214,60,14,0,8,3,1,15,53,4,0,13,14,12,5
183062,Keene State College,NH,New Hampshire,"Degree-granting, primarily baccalaureate or above",2018,14212,950,71254968,77525830,60,15,0,10,3,6,6,49,5,0,16,15,13,1
183062,Keene State College,NH,New Hampshire,"Degree-granting, primarily baccalaureate or above",2019,14568,843,67098063,71247523,57,16,0,11,3,6,7,48,5,0,15,16,16,0
183062,Keene State College,NH,New Hampshire,"Degree-granting, primarily baccalaureate or above",2020,14638,737,69582688,75815039,52,17,0,12,3,3,13,48,5,0,17,15,14,1
183062,Keene State College,NH,New Hampshire,"Degree-granting, primarily baccalaureate or above",2021,14638,749,73935182,91199077,42,16,0,18,3,17,4,44,6,0,13,21,14,2
183062,Keene State College,NH,New Hampshire,"Degree-granting, primarily baccalaureate or above",2022,14638,709,61893659,80500644,48,19,0,26,4,-6,9,39,7,0,13,22,15,5
183080,Plymouth State University,NH,New Hampshire,"Degree-granting, primarily baccalaureate or above",2015,13128,1349,76930051,71892296,64,15,0,9,3,1,8,56,5,1,16,13,9,0
183080,Plymouth State University,NH,New Hampshire,"Degree-granting, primarily baccalaureate or above",2016,13472,1144,75270528,75822406,65,15,0,10,3,1,6,52,4,1,18,13,12,0
183080,Plymouth State University,NH,New Hampshire,"Degree-granting, primarily baccalaureate or above",2017,13770,1110,79218183,74062007,61,14,0,10,2,1,12,50,4,1,17,16,12,0
183080,Plymouth State University,NH,New Hampshire,"Degree-granting, primarily baccalaureate or above",2018,14099,1097,78601944,79041107,60,15,0,10,2,4,10,48,2,1,15,16,16,1
183080,Plymouth State University,NH,New Hampshire,"Degree-granting, primarily baccalaureate or above",2019,14440,1037,74081569,80275833,62,15,0,11,2,4,6,50,3,0,13,16,18,0
183080,Plymouth State University,NH,New Hampshire,"Degree-granting, primarily baccalaureate or above",2020,14492,1075,73445869,73789836,60,16,0,13,2,2,7,53,2,0,13,16,14,2
183080,Plymouth State University,NH,New Hampshire,"Degree-granting, primarily baccalaureate or above",2021,14492,936,85572350,84982478,50,15,0,15,2,11,7,48,3,0,11,20,15,2
183080,Plymouth State University,NH,New Hampshire,"Degree-granting, primarily baccalaureate or above",2022,14492,870,77998483,77677372,53,16,0,26,2,-3,5,43,3,0,11,21,13,8
183071,University of New Hampshire at Manchester,NH,New Hampshire,"Degree-granting, primarily baccalaureate or above",2015,14143,61,12394644,15708201,75,19,0,2,1,0,4,47,1,0,19,11,12,9
183071,University of New Hampshire at Manchester,NH,New Hampshire,"Degree-granting, primarily baccalaureate or above",2016,14495,57,16468393,16803326,56,15,0,1,1,-1,29,54,0,0,20,12,14,0
183071,University of New Hampshire at Manchester,NH,New Hampshire,"Degree-granting, primarily baccalaureate or above",2017,14850,64,12250215,16924905,75,21,0,0,1,0,3,55,0,0,21,10,13,1
183071,University of New Hampshire at Manchester,NH,New Hampshire,"Degree-granting, primarily baccalaureate or above",2018,15265,96,13151927,18054073,72,19,0,1,2,1,4,47,3,0,22,14,14,0
183071,University of New Hampshire at Manchester,NH,New Hampshire,"Degree-granting, primarily baccalaureate or above",2019,15685,87,13443810,18739763,75,19,0,1,4,1,1,50,4,0,20,14,12,0
183071,University of New Hampshire at Manchester,NH,New Hampshire,"Degree-granting, primarily baccalaureate or above",2020,15778,93,14307451,19312856,74,18,0,1,7,0,1,51,4,0,21,14,10,0
183071,University of New Hampshire at Manchester,NH,New Hampshire,"Degree-granting, primarily baccalaureate or above",2021,15785,66,14022956,16802273,72,18,0,1,3,4,2,60,3,0,14,13,10,0
183071,University of New Hampshire at Manchester,NH,New Hampshire,"Degree-granting, primarily baccalaureate or above",2022,15804,54,13573000,17974104,75,19,0,1,4,-1,3,55,3,0,19,13,9,0
183044,University of New Hampshire-Main Campus,NH,New Hampshire,"Degree-granting, primarily baccalaureate or above",2015,16986,3220,444637524,411125891,44,12,0,22,9,1,13,43,29,3,13,5,8,0
183044,University of New Hampshire-Main Campus,NH,New Hampshire,"Degree-granting, primarily baccalaureate or above",2016,17624,2881,430856554,429789798,48,12,0,22,11,-5,12,42,27,3,13,5,9,2
183044,University of New Hampshire-Main Campus,NH,New Hampshire,"Degree-granting, primarily baccalaureate or above",2017,18067,3019,484003975,424281056,44,11,0,19,9,1,17,43,27,2,13,5,9,0
183044,University of New Hampshire-Main Campus,NH,New Hampshire,"Degree-granting, primarily baccalaureate or above",2018,18499,3031,486860127,451584476,45,11,0,19,11,7,8,39,27,3,15,6,10,1
183044,University of New Hampshire-Main Campus,NH,New Hampshire,"Degree-granting, primarily baccalaureate or above",2019,18879,2731,479776463,439201929,46,11,0,20,10,5,8,38,27,4,15,6,10,0
183044,University of New Hampshire-Main Campus,NH,New Hampshire,"Degree-granting, primarily baccalaureate or above",2020,18938,2630,474100481,450701576,45,12,0,22,10,2,8,39,27,4,15,5,9,1
183044,University of New Hampshire-Main Campus,NH,New Hampshire,"Degree-granting, primarily baccalaureate or above",2021,18962,2795,591986550,487825884,34,10,0,21,10,20,5,36,27,4,14,7,9,2
183044,University of New Hampshire-Main Campus,NH,New Hampshire,"Degree-granting, primarily baccalaureate or above",2022,19024,2942,509203406,505175331,38,11,0,34,12,-7,13,31,35,3,13,5,9,3
185262,Kean University,NJ,New Jersey,"Degree-granting, primarily baccalaureate or above",2015,11581,1518,247846886,213001134,43,35,0,19,1,0,2,57,1,2,3,14,21,1
185262,Kean University,NJ,New Jersey,"Degree-granting, primarily baccalaureate or above",2016,11870,1526,232426669,211163151,47,30,0,20,1,0,1,56,1,2,3,15,22,1
185262,Kean University,NJ,New Jersey,"Degree-granting, primarily baccalaureate or above",2017,12107,1784,240789188,224921694,47,30,0,20,1,0,2,56,1,2,3,15,21,2
185262,Kean University,NJ,New Jersey,"Degree-granting, primarily baccalaureate or above",2018,12348,1815,259702200,234625861,44,32,0,20,1,1,3,52,1,2,3,14,19,10
185262,Kean University,NJ,New Jersey,"Degree-granting, primarily baccalaureate or above",2019,12595,1770,262900140,230040016,44,30,0,20,1,2,4,52,1,2,3,16,20,6
185262,Kean University,NJ,New Jersey,"Degree-granting, primarily baccalaureate or above",2020,12445,1702,261168985,225366149,46,25,0,24,1,1,3,54,1,2,3,16,21,3
185262,Kean University,NJ,New Jersey,"Degree-granting, primarily baccalaureate or above",2021,12595,1502,308071982,233218400,40,26,0,32,1,0,1,52,1,2,3,14,22,5
185262,Kean University,NJ,New Jersey,"Degree-granting, primarily baccalaureate or above",2022,12972,1968,304942297,279981180,33,32,0,32,1,-1,3,48,3,3,3,15,22,7
185590,Montclair State University,NJ,New Jersey,"Degree-granting, primarily baccalaureate or above",2015,11773,3115,385892918,317791210,42,20,0,16,1,0,20,52,3,5,9,7,18,5
185590,Montclair State University,NJ,New Jersey,"Degree-granting, primarily baccalaureate or above",2016,12116,2997,357039253,338973418,46,21,0,19,2,0,11,52,3,5,10,6,19,5
185590,Montclair State University,NJ,New Jersey,"Degree-granting, primarily baccalaureate or above",2017,12454,3017,358760000,353036000,49,20,0,20,2,1,8,52,4,5,11,6,17,5
185590,Montclair State University,NJ,New Jersey,"Degree-granting, primarily baccalaureate or above",2018,12790,3199,393077000,404572000,44,19,0,21,2,1,13,47,4,4,9,6,16,15
185590,Montclair State University,NJ,New Jersey,"Degree-granting, primarily baccalaureate or above",2019,13073,3101,400454000,397016000,46,19,0,22,3,1,10,47,5,5,10,5,16,11
185590,Montclair State University,NJ,New Jersey,"Degree-granting, primarily baccalaureate or above",2020,13073,3136,396594000,381830000,47,19,0,24,3,1,5,47,6,4,11,5,17,10
185590,Montclair State University,NJ,New Jersey,"Degree-granting, primarily baccalaureate or above",2021,13298,3491,436867000,380928000,42,19,0,23,2,0,14,45,6,4,10,5,18,12
185590,Montclair State University,NJ,New Jersey,"Degree-granting, primarily baccalaureate or above",2022,13762,3946,490356000,452130000,37,21,0,28,2,0,11,41,5,5,10,6,15,18
185129,New Jersey City University,NJ,New Jersey,"Degree-granting, primarily baccalaureate or above",2015,11180,819,148063972,155060361,36,34,0,25,0,0,4,50,0,0,11,13,20,6
185129,New Jersey City University,NJ,New Jersey,"Degree-granting, primarily baccalaureate or above",2016,11430,988,152995817,161371107,36,33,0,24,0,0,8,42,0,0,9,11,15,23
185129,New Jersey City University,NJ,New Jersey,"Degree-granting, primarily baccalaureate or above",2017,11761,991,163519891,165656031,33,30,0,23,0,0,14,40,0,0,8,12,14,25
185129,New Jersey City University,NJ,New Jersey,"Degree-granting, primarily baccalaureate or above",2018,12052,968,160910132,179139099,31,38,0,25,0,0,5,40,0,0,8,13,15,23
185129,New Jersey City University,NJ,New Jersey,"Degree-granting, primarily baccalaureate or above",2019,12414,1008,157842316,174618751,34,36,0,26,0,0,4,37,0,0,7,13,14,29
185129,New Jersey City University,NJ,New Jersey,"Degree-granting, primarily baccalaureate or above",2020,14738,1077,151135513,171035931,37,30,0,26,0,0,7,38,0,0,7,13,14,28
185129,New Jersey City University,NJ,New Jersey,"Degree-granting, primarily baccalaureate or above",2021,15072,761,168167623,161822190,32,29,0,22,0,0,17,37,0,0,5,13,15,31
185129,New Jersey City University,NJ,New Jersey,"Degree-granting, primarily baccalaureate or above",2022,13564,768,158634606,158631428,31,33,0,22,0,0,14,37,0,0,5,14,15,29
185828,New Jersey Institute of Technology,NJ,New Jersey,"Degree-granting, primarily baccalaureate or above",2015,16108,1108,334821000,298812000,37,24,0,27,2,1,10,30,32,1,10,8,18,1
185828,New Jersey Institute of Technology,NJ,New Jersey,"Degree-granting, primarily baccalaureate or above",2016,16430,1098,349071000,337532000,39,25,0,30,2,0,5,35,23,1,10,9,20,3
185828,New Jersey Institute of Technology,NJ,New Jersey,"Degree-granting, primarily baccalaureate or above",2017,16898,1114,394313000,363143000,34,24,0,29,2,4,6,35,24,1,9,8,20,3
185828,New Jersey Institute of Technology,NJ,New Jersey,"Degree-granting, primarily baccalaureate or above",2018,17338,1286,414507000,405326000,32,30,0,30,2,3,3,34,24,1,10,9,20,2
185828,New Jersey Institute of Technology,NJ,New Jersey,"Degree-granting, primarily baccalaureate or above",2019,17674,1360,418558000,405731000,33,26,0,32,3,3,4,33,25,1,10,9,20,3
185828,New Jersey Institute of Technology,NJ,New Jersey,"Degree-granting, primarily baccalaureate or above",2020,17674,1191,395129000,403190000,35,23,0,34,2,2,4,33,24,1,9,9,20,4
185828,New Jersey Institute of Technology,NJ,New Jersey,"Degree-granting, primarily baccalaureate or above",2021,18016,1374,486345000,420170000,28,22,0,35,1,9,5,33,24,2,9,8,19,6
185828,New Jersey Institute of Technology,NJ,New Jersey,"Degree-granting, primarily baccalaureate or above",2022,18512,1575,488960000,450189000,30,26,0,31,2,-7,18,33,20,1,10,10,23,3
186201,Ramapo College of New Jersey,NJ,New Jersey,"Degree-granting, primarily baccalaureate or above",2015,13698,931,132675000,105427000,42,28,0,11,0,0,18,53,0,0,8,18,21,0
186201,Ramapo College of New Jersey,NJ,New Jersey,"Degree-granting, primarily baccalaureate or above",2016,13870,944,118124000,112515000,50,33,0,12,0,0,5,56,0,0,7,17,20,0
186201,Ramapo College of New Jersey,NJ,New Jersey,"Degree-granting, primarily baccalaureate or above",2017,14080,919,123297000,118006000,50,33,0,12,0,1,4,57,0,0,7,17,18,0
186201,Ramapo College of New Jersey,NJ,New Jersey,"Degree-granting, primarily baccalaureate or above",2018,14374,946,134623000,126232000,45,39,0,11,0,0,4,57,0,0,7,17,18,0
186201,Ramapo College of New Jersey,NJ,New Jersey,"Degree-granting, primarily baccalaureate or above",2019,14678,1030,139834000,124780000,43,36,0,12,0,1,8,56,0,0,7,16,20,0
186201,Ramapo College of New Jersey,NJ,New Jersey,"Degree-granting, primarily baccalaureate or above",2020,14952,997,134702000,119632000,47,32,0,13,0,1,7,56,0,0,6,16,21,0
186201,Ramapo College of New Jersey,NJ,New Jersey,"Degree-granting, primarily baccalaureate or above",2021,14952,900,146084000,112110000,39,33,0,16,0,1,12,58,0,0,6,15,20,0
186201,Ramapo College of New Jersey,NJ,New Jersey,"Degree-granting, primarily baccalaureate or above",2022,15363,850,145833000,121394000,37,39,0,16,0,0,7,56,0,0,6,17,20,0
186645,Raritan Valley Community College,NJ,New Jersey,"Degree-granting, associate's and certificates  ",2015,4048,1405,62727648,53815268,33,9,20,19,0,0,18,45,2,3,8,12,24,6
184782,Rowan University,NJ,New Jersey,"Degree-granting, primarily baccalaureate or above",2015,12864,2233,439546570,446323308,34,33,0,11,3,0,19,43,2,3,10,8,21,13
184782,Rowan University,NJ,New Jersey,"Degree-granting, primarily baccalaureate or above",2016,13108,2281,514334377,466376820,32,30,0,9,3,0,25,43,3,2,10,9,20,13
184782,Rowan University,NJ,New Jersey,"Degree-granting, primarily baccalaureate or above",2017,13422,2466,517831353,490930387,35,30,0,12,2,0,20,44,4,2,12,8,19,12
184782,Rowan University,NJ,New Jersey,"Degree-granting, primarily baccalaureate or above",2018,13697,2688,546536935,550715402,37,34,0,13,3,0,13,36,4,2,10,7,18,23
184782,Rowan University,NJ,New Jersey,"Degree-granting, primarily baccalaureate or above",2019,14000,2695,568087274,573159035,38,32,0,14,3,0,13,38,5,3,10,7,19,19
184782,Rowan University,NJ,New Jersey,"Degree-granting, primarily baccalaureate or above",2020,12939,2238,557590487,568090537,42,26,0,17,2,0,13,39,5,3,11,7,19,16
184782,Rowan University,NJ,New Jersey,"Degree-granting, primarily baccalaureate or above",2021,14376,2191,654172041,604957978,35,29,0,22,2,1,10,39,6,4,10,7,17,18
184782,Rowan University,NJ,New Jersey,"Degree-granting, primarily baccalaureate or above",2022,14952,2585,681836195,728812704,34,35,0,20,2,-1,10,35,5,3,10,7,19,21
186371,Rutgers University-Camden,NJ,New Jersey,"Degree-granting, primarily baccalaureate or above",2015,14000,429,153226000,154292000,46,22,0,17,1,2,12,59,2,2,8,7,13,7
186371,Rutgers University-Camden,NJ,New Jersey,"Degree-granting, primarily baccalaureate or above",2016,14238,675,171527000,185513000,45,17,0,16,2,0,20,61,3,2,7,9,12,7
186371,Rutgers University-Camden,NJ,New Jersey,"Degree-granting, primarily baccalaureate or above",2017,14501,758,171128000,203434000,46,20,0,15,6,5,7,42,1,9,19,10,12,6
186371,Rutgers University-Camden,NJ,New Jersey,"Degree-granting, primarily baccalaureate or above",2018,14835,821,191775000,231431000,43,20,0,15,3,3,15,40,3,7,17,11,10,13
186371,Rutgers University-Camden,NJ,New Jersey,"Degree-granting, primarily baccalaureate or above",2019,15264,749,187840000,231769000,48,22,0,17,2,-1,11,41,3,7,17,10,10,12
186371,Rutgers University-Camden,NJ,New Jersey,"Degree-granting, primarily baccalaureate or above",2020,14877,598,187835000,231314000,51,22,0,20,2,1,5,40,4,7,16,10,11,13
186371,Rutgers University-Camden,NJ,New Jersey,"Degree-granting, primarily baccalaureate or above",2021,15657,604,223452000,221460000,41,19,0,23,2,7,8,38,3,12,14,8,10,14
186371,Rutgers University-Camden,NJ,New Jersey,"Degree-granting, primarily baccalaureate or above",2022,16112,528,207103000,232565000,45,24,0,25,2,-1,5,42,3,8,17,11,10,10
186380,Rutgers University-New Brunswick,NJ,New Jersey,"Degree-granting, primarily baccalaureate or above",2015,14131,6607,2329629000,1988374000,28,29,0,25,7,2,10,44,31,2,4,4,13,2
186380,Rutgers University-New Brunswick,NJ,New Jersey,"Degree-granting, primarily baccalaureate or above",2016,14372,6466,2340770000,1969816000,28,30,0,24,7,1,12,42,30,2,6,4,13,3
186380,Rutgers University-New Brunswick,NJ,New Jersey,"Degree-granting, primarily baccalaureate or above",2017,14638,6268,2432164000,2334485000,27,29,0,22,8,5,9,36,21,10,15,4,9,5
186380,Rutgers University-New Brunswick,NJ,New Jersey,"Degree-granting, primarily baccalaureate or above",2018,14974,7036,2653504000,2547737000,26,26,0,23,5,4,16,31,22,8,14,4,9,10
186380,Rutgers University-New Brunswick,NJ,New Jersey,"Degree-granting, primarily baccalaureate or above",2019,15407,7315,2739989000,2584844000,26,27,0,23,8,4,13,32,22,8,15,4,10,8
186380,Rutgers University-New Brunswick,NJ,New Jersey,"Degree-granting, primarily baccalaureate or above",2020,15003,6551,2462523000,2581738000,30,29,0,27,5,1,8,31,23,9,16,4,10,6
186380,Rutgers University-New Brunswick,NJ,New Jersey,"Degree-granting, primarily baccalaureate or above",2021,15804,7105,2976043000,2462189000,24,25,0,26,5,12,9,32,23,11,15,4,9,7
186380,Rutgers University-New Brunswick,NJ,New Jersey,"Degree-granting, primarily baccalaureate or above",2022,16263,7780,2671738000,2520657000,28,30,0,32,6,-2,7,34,25,8,16,4,10,3
186399,Rutgers University-Newark,NJ,New Jersey,"Degree-granting, primarily baccalaureate or above",2015,13597,1200,312366000,280477000,44,22,0,19,3,2,10,54,7,2,12,8,11,6
186399,Rutgers University-Newark,NJ,New Jersey,"Degree-granting, primarily baccalaureate or above",2016,13829,1344,335588000,347592000,55,16,0,18,3,1,8,61,6,2,8,8,13,3
186399,Rutgers University-Newark,NJ,New Jersey,"Degree-granting, primarily baccalaureate or above",2017,14085,1325,400459000,411099000,49,17,0,14,3,5,12,30,4,8,31,9,12,6
186399,Rutgers University-Newark,NJ,New Jersey,"Degree-granting, primarily baccalaureate or above",2018,14409,1326,454947000,470071000,46,17,0,15,2,4,16,34,6,6,22,7,11,13
186399,Rutgers University-Newark,NJ,New Jersey,"Degree-granting, primarily baccalaureate or above",2019,14826,1402,451564000,454218000,51,19,0,15,2,2,11,37,7,6,21,9,12,9
186399,Rutgers University-Newark,NJ,New Jersey,"Degree-granting, primarily baccalaureate or above",2020,14502,1321,442185000,470196000,55,19,0,17,2,1,6,39,6,6,20,8,12,8
186399,Rutgers University-Newark,NJ,New Jersey,"Degree-granting, primarily baccalaureate or above",2021,15208,1300,526670000,469821000,44,16,0,20,2,10,7,36,6,10,18,7,11,11
186399,Rutgers University-Newark,NJ,New Jersey,"Degree-granting, primarily baccalaureate or above",2022,15648,1239,475143000,475053000,49,21,0,23,3,-2,6,39,6,8,20,8,12,8
186876,Stockton University,NJ,New Jersey,"Degree-granting, primarily baccalaureate or above",2015,12820,1151,148607093,160882001,43,28,0,21,1,0,7,49,1,5,8,11,21,5
186876,Stockton University,NJ,New Jersey,"Degree-granting, primarily baccalaureate or above",2016,13077,1190,171837887,182975414,47,23,0,19,1,0,11,47,1,5,7,14,21,5
186876,Stockton University,NJ,New Jersey,"Degree-granting, primarily baccalaureate or above",2017,13404,1569,198992154,191672772,42,21,0,17,1,3,18,36,1,6,19,15,18,5
186876,Stockton University,NJ,New Jersey,"Degree-granting, primarily baccalaureate or above",2018,13739,1595,224662594,230390408,38,22,0,17,0,2,20,31,1,5,15,12,15,21
186876,Stockton University,NJ,New Jersey,"Degree-granting, primarily baccalaureate or above",2019,14048,1537,206922810,226484069,44,24,0,21,1,2,8,34,1,5,15,13,19,13
186876,Stockton University,NJ,New Jersey,"Degree-granting, primarily baccalaureate or above",2020,14599,1411,210459502,216926462,47,24,0,25,0,1,3,36,1,5,15,13,21,9
186876,Stockton University,NJ,New Jersey,"Degree-granting, primarily baccalaureate or above",2021,14885,1358,263271384,200520702,39,21,0,28,0,9,3,40,1,4,14,13,21,6
186876,Stockton University,NJ,New Jersey,"Degree-granting, primarily baccalaureate or above",2022,15188,1562,222695919,223185087,42,29,0,30,1,-6,5,36,1,4,11,12,19,16
187134,The College of New Jersey,NJ,New Jersey,"Degree-granting, primarily baccalaureate or above",2015,15466,1453,192528000,186704000,49,28,0,10,2,1,10,48,9,4,11,13,13,1
187134,The College of New Jersey,NJ,New Jersey,"Degree-granting, primarily baccalaureate or above",2016,15794,1457,216932000,189526000,45,24,0,9,2,1,19,46,10,5,11,14,13,2
187134,The College of New Jersey,NJ,New Jersey,"Degree-granting, primarily baccalaureate or above",2017,16149,1542,202930000,199817000,50,26,0,9,2,3,10,46,8,5,11,14,12,3
187134,The College of New Jersey,NJ,New Jersey,"Degree-granting, primarily baccalaureate or above",2018,16551,1551,215155000,225501000,49,25,0,10,2,3,12,43,8,4,11,13,12,9
187134,The College of New Jersey,NJ,New Jersey,"Degree-granting, primarily baccalaureate or above",2019,16923,1605,216923000,228311000,50,25,0,10,2,3,10,45,7,4,11,14,13,7
187134,The College of New Jersey,NJ,New Jersey,"Degree-granting, primarily baccalaureate or above",2020,16029,1428,201745000,217068000,54,25,0,13,2,2,3,41,8,3,10,13,14,11
187134,The College of New Jersey,NJ,New Jersey,"Degree-granting, primarily baccalaureate or above",2021,17287,1476,219233000,226986000,48,24,0,16,2,7,3,34,8,3,9,11,13,22
187134,The College of New Jersey,NJ,New Jersey,"Degree-granting, primarily baccalaureate or above",2022,17978,1583,201271000,225366000,55,26,0,19,4,-7,3,35,10,4,15,14,14,8
187444,William Paterson University of New Jersey,NJ,New Jersey,"Degree-granting, primarily baccalaureate or above",2015,12365,1334,215327212,195773262,45,29,0,17,1,0,8,54,0,1,11,11,19,4
187444,William Paterson University of New Jersey,NJ,New Jersey,"Degree-granting, primarily baccalaureate or above",2016,12574,1376,202283800,202029251,46,30,0,18,1,0,4,52,4,1,11,11,19,4
187444,William Paterson University of New Jersey,NJ,New Jersey,"Degree-granting, primarily baccalaureate or above",2017,12652,1317,194187268,199431334,47,31,0,19,1,0,1,50,4,1,11,11,19,4
187444,William Paterson University of New Jersey,NJ,New Jersey,"Degree-granting, primarily baccalaureate or above",2018,13060,1704,215738825,222369064,40,36,0,19,1,0,3,50,5,1,11,11,19,4
187444,William Paterson University of New Jersey,NJ,New Jersey,"Degree-granting, primarily baccalaureate or above",2019,13370,1537,211628489,211471763,40,35,0,20,1,2,2,50,5,1,10,11,19,4
187444,William Paterson University of New Jersey,NJ,New Jersey,"Degree-granting, primarily baccalaureate or above",2020,13638,1263,204827170,206996402,42,30,0,20,1,1,6,48,4,1,10,14,17,6
187444,William Paterson University of New Jersey,NJ,New Jersey,"Degree-granting, primarily baccalaureate or above",2021,14210,996,225950816,204067111,37,31,0,16,1,1,15,48,2,1,10,14,19,6
187444,William Paterson University of New Jersey,NJ,New Jersey,"Degree-granting, primarily baccalaureate or above",2022,14624,806,223212857,203848314,38,31,0,18,1,-1,13,47,1,1,9,18,17,6
187648,Eastern New Mexico University-Main Campus,NM,New Mexico,"Degree-granting, primarily baccalaureate or above",2015,5168,612,75442068,68211158,21,43,0,22,3,1,11,40,1,10,9,14,12,15
187648,Eastern New Mexico University-Main Campus,NM,New Mexico,"Degree-granting, primarily baccalaureate or above",2016,5618,636,72547376,71887519,23,45,0,19,3,0,11,32,1,8,6,12,10,31
187648,Eastern New Mexico University-Main Campus,NM,New Mexico,"Degree-granting, primarily baccalaureate or above",2017,6013,635,78602384,73408236,22,38,0,18,6,2,14,33,1,7,6,12,11,31
187648,Eastern New Mexico University-Main Campus,NM,New Mexico,"Degree-granting, primarily baccalaureate or above",2018,6326,562,84489318,84657620,21,35,0,16,3,1,23,27,1,5,5,10,9,44
187648,Eastern New Mexico University-Main Campus,NM,New Mexico,"Degree-granting, primarily baccalaureate or above",2019,6450,560,72166620,82945564,25,43,0,20,4,2,7,28,1,6,5,11,10,40
187648,Eastern New Mexico University-Main Campus,NM,New Mexico,"Degree-granting, primarily baccalaureate or above",2020,6648,434,76715482,47376468,24,44,0,21,3,1,8,49,1,9,9,20,18,-6
187648,Eastern New Mexico University-Main Campus,NM,New Mexico,"Degree-granting, primarily baccalaureate or above",2021,6648,349,88559985,112000360,21,37,0,26,2,6,6,21,1,4,3,8,6,58
187648,Eastern New Mexico University-Main Campus,NM,New Mexico,"Degree-granting, primarily baccalaureate or above",2022,6863,436,71774302,69406717,24,49,0,19,4,-4,8,33,1,6,6,15,11,27
187745,Institute of American Indian and Alaska Native Culture and Arts Development,NM,New Mexico,"Degree-granting, primarily baccalaureate or above",2015,4440,69,15131733,16590110,10,0,0,13,10,-3,70,23,0,0,8,13,43,13
187745,Institute of American Indian and Alaska Native Culture and Arts Development,NM,New Mexico,"Degree-granting, primarily baccalaureate or above",2016,4700,64,20569726,17806506,8,0,0,10,8,3,70,21,0,0,7,12,41,18
187745,Institute of American Indian and Alaska Native Culture and Arts Development,NM,New Mexico,"Degree-granting, primarily baccalaureate or above",2017,4960,76,31348246,19327347,6,0,0,9,6,3,77,27,0,0,7,10,30,26
187745,Institute of American Indian and Alaska Native Culture and Arts Development,NM,New Mexico,"Degree-granting, primarily baccalaureate or above",2018,4980,62,20383112,19725370,10,0,0,10,9,3,68,31,0,0,7,10,33,18
187745,Institute of American Indian and Alaska Native Culture and Arts Development,NM,New Mexico,"Degree-granting, primarily baccalaureate or above",2019,5220,71,19046567,19761300,11,0,0,11,13,2,62,30,0,0,7,10,33,21
187745,Institute of American Indian and Alaska Native Culture and Arts Development,NM,New Mexico,"Degree-granting, primarily baccalaureate or above",2020,4726,45,22715289,19211188,9,0,0,14,11,5,61,30,0,0,7,9,32,21
187745,Institute of American Indian and Alaska Native Culture and Arts Development,NM,New Mexico,"Degree-granting, primarily baccalaureate or above",2021,5321,46,41626345,23168646,4,0,0,14,7,6,68,32,0,0,8,10,34,16
187745,Institute of American Indian and Alaska Native Culture and Arts Development,NM,New Mexico,"Degree-granting, primarily baccalaureate or above",2022,5561,61,33826783,30340510,6,0,0,19,10,1,64,27,0,0,6,9,30,28
187967,New Mexico Institute of Mining and Technology,NM,New Mexico,"Degree-granting, primarily baccalaureate or above",2015,6613,338,148113862,126229131,7,26,0,32,8,0,26,14,45,1,2,1,7,29
187967,New Mexico Institute of Mining and Technology,NM,New Mexico,"Degree-granting, primarily baccalaureate or above",2016,6891,302,118127408,121000145,9,33,0,32,9,0,16,14,40,1,2,2,6,36
187967,New Mexico Institute of Mining and Technology,NM,New Mexico,"Degree-granting, primarily baccalaureate or above",2017,7183,240,143341131,133926056,8,25,0,31,8,0,28,13,39,0,2,2,6,39
187967,New Mexico Institute of Mining and Technology,NM,New Mexico,"Degree-granting, primarily baccalaureate or above",2018,7770,305,135170970,150776780,8,26,0,34,10,1,21,11,36,0,2,1,5,46
187967,New Mexico Institute of Mining and Technology,NM,New Mexico,"Degree-granting, primarily baccalaureate or above",2019,8156,250,132750800,163723143,8,28,0,36,8,1,19,10,34,0,2,1,5,47
187967,New Mexico Institute of Mining and Technology,NM,New Mexico,"Degree-granting, primarily baccalaureate or above",2020,8361,284,134962003,98730822,8,30,0,34,9,0,20,17,57,1,4,2,8,12
187967,New Mexico Institute of Mining and Technology,NM,New Mexico,"Degree-granting, primarily baccalaureate or above",2021,8425,301,135666170,188534390,7,28,0,31,8,0,26,9,28,0,2,1,4,56
187967,New Mexico Institute of Mining and Technology,NM,New Mexico,"Degree-granting, primarily baccalaureate or above",2022,9058,301,147316075,158284923,6,27,0,46,10,-7,18,11,48,0,3,2,5,31
187912,New Mexico Military Institute,NM,New Mexico,"Degree-granting, associate's and certificates  ",2015,4677,257,21807444,14955345,20,0,0,11,2,61,5,52,0,0,6,8,18,17
187912,New Mexico Military Institute,NM,New Mexico,"Degree-granting, associate's and certificates  ",2016,5141,276,13142027,15167775,33,0,0,18,4,41,4,52,0,0,6,8,19,16
187912,New Mexico Military Institute,NM,New Mexico,"Degree-granting, associate's and certificates  ",2017,4323,217,20696030,15154897,21,0,0,12,2,60,5,51,0,0,6,9,18,17
187912,New Mexico Military Institute,NM,New Mexico,"Degree-granting, associate's and certificates  ",2018,4530,241,27997768,18392642,16,0,0,9,2,57,17,53,0,0,6,9,18,15
187912,New Mexico Military Institute,NM,New Mexico,"Degree-granting, associate's and certificates  ",2019,4788,188,19152839,19411350,15,0,0,12,3,68,2,52,0,0,6,7,16,19
187912,New Mexico Military Institute,NM,New Mexico,"Degree-granting, associate's and certificates  ",2020,5144,215,19200354,15655074,15,0,0,13,3,67,2,51,0,0,5,8,16,19
187912,New Mexico Military Institute,NM,New Mexico,"Degree-granting, associate's and certificates  ",2021,6965,189,26545532,27189297,11,0,0,12,2,72,2,28,0,0,3,4,10,55
187912,New Mexico Military Institute,NM,New Mexico,"Degree-granting, associate's and certificates  ",2022,6965,181,16281793,17250394,19,0,0,24,3,51,3,45,0,0,5,7,17,25
188030,New Mexico State University-Main Campus,NM,New Mexico,"Degree-granting, primarily baccalaureate or above",2015,6094,1993,442898650,426908245,14,38,0,36,4,0,8,32,30,12,6,4,7,8
188030,New Mexico State University-Main Campus,NM,New Mexico,"Degree-granting, primarily baccalaureate or above",2016,6094,1842,431964009,410207261,14,39,0,32,5,0,9,33,27,14,6,4,7,9
188030,New Mexico State University-Main Campus,NM,New Mexico,"Degree-granting, primarily baccalaureate or above",2017,6461,2042,416555522,400041124,14,38,0,34,4,1,9,33,26,16,6,4,6,9
188030,New Mexico State University-Main Campus,NM,New Mexico,"Degree-granting, primarily baccalaureate or above",2018,6686,2264,384516525,435313309,15,40,0,32,5,0,8,34,25,16,6,5,7,9
188030,New Mexico State University-Main Campus,NM,New Mexico,"Degree-granting, primarily baccalaureate or above",2019,7087,2178,426219167,468991679,13,38,0,31,4,2,12,25,20,12,4,4,5,30
188030,New Mexico State University-Main Campus,NM,New Mexico,"Degree-granting, primarily baccalaureate or above",2020,7301,2169,447148862,236292188,13,39,0,32,3,1,12,55,41,23,8,8,11,-47
188030,New Mexico State University-Main Campus,NM,New Mexico,"Degree-granting, primarily baccalaureate or above",2021,7301,2013,430130834,683389966,15,39,0,36,3,2,5,16,15,7,3,2,4,52
188030,New Mexico State University-Main Campus,NM,New Mexico,"Degree-granting, primarily baccalaureate or above",2022,7627,2325,532597067,461531405,12,36,0,37,3,3,9,27,24,12,4,4,5,24
187985,University of New Mexico-Main Campus,NM,New Mexico,"Degree-granting, primarily baccalaureate or above",2015,7071,3327,1165411930,1144774858,11,25,0,26,5,1,32,26,17,34,5,3,6,9
187985,University of New Mexico-Main Campus,NM,New Mexico,"Degree-granting, primarily baccalaureate or above",2016,7340,3402,1172248275,1171686644,11,25,0,26,5,0,32,26,17,36,4,3,6,8
187985,University of New Mexico-Main Campus,NM,New Mexico,"Degree-granting, primarily baccalaureate or above",2017,7448,3219,1102338341,1217901955,12,26,9,28,6,3,16,25,17,37,4,3,6,8
187985,University of New Mexico-Main Campus,NM,New Mexico,"Degree-granting, primarily baccalaureate or above",2018,7633,2653,1066636928,1385314100,13,26,10,28,7,3,14,25,18,38,4,3,6,7
187985,University of New Mexico-Main Campus,NM,New Mexico,"Degree-granting, primarily baccalaureate or above",2019,7875,2594,1158897568,1462479466,11,25,9,26,6,4,19,17,13,29,3,2,4,32
187985,University of New Mexico-Main Campus,NM,New Mexico,"Degree-granting, primarily baccalaureate or above",2020,8161,2790,1249297860,774849568,10,25,9,27,5,3,20,36,26,58,7,4,9,-41
187985,University of New Mexico-Main Campus,NM,New Mexico,"Degree-granting, primarily baccalaureate or above",2021,7905,3077,1417537668,2104275247,9,21,9,34,5,6,16,12,13,20,2,1,3,49
187985,University of New Mexico-Main Campus,NM,New Mexico,"Degree-granting, primarily baccalaureate or above",2022,8076,3509,1356095080,1419016658,9,24,10,37,8,-2,15,19,20,34,4,2,5,17
441900,Nevada State College,NV,Nevada,"Degree-granting, primarily baccalaureate or above",2015,4868,295,30595000,32298000,28,41,0,22,1,0,8,41,0,2,13,10,26,8
441900,Nevada State College,NV,Nevada,"Degree-granting, primarily baccalaureate or above",2016,5131,325,33221000,36425000,29,45,0,22,2,0,2,33,0,2,9,8,18,30
441900,Nevada State College,NV,Nevada,"Degree-granting, primarily baccalaureate or above",2017,5281,554,36163000,38533000,30,41,0,22,2,2,2,33,2,2,8,10,18,28
441900,Nevada State College,NV,Nevada,"Degree-granting, primarily baccalaureate or above",2018,5438,465,45210000,40844000,27,38,0,21,7,1,6,43,2,2,9,12,22,11
441900,Nevada State College,NV,Nevada,"Degree-granting, primarily baccalaureate or above",2019,5663,513,46958000,45006000,27,38,0,22,3,1,9,43,2,2,10,13,19,11
441900,Nevada State College,NV,Nevada,"Degree-granting, primarily baccalaureate or above",2020,6075,499,106177000,53410000,13,21,0,12,1,0,53,44,1,1,9,12,20,14
441900,Nevada State College,NV,Nevada,"Degree-granting, primarily baccalaureate or above",2021,6075,348,65725000,63360000,24,28,0,34,2,4,8,33,1,1,7,10,28,20
441900,Nevada State College,NV,Nevada,"Degree-granting, primarily baccalaureate or above",2022,6225,436,61653000,63331000,17,42,0,39,1,-3,3,40,2,1,8,12,24,13
182281,University of Nevada-Las Vegas,NV,Nevada,"Degree-granting, primarily baccalaureate or above",2015,6943,3784,549156000,496398000,32,28,0,17,4,0,18,47,9,2,16,14,7,6
182281,University of Nevada-Las Vegas,NV,Nevada,"Degree-granting, primarily baccalaureate or above",2016,7183,3859,569606000,532408000,33,32,0,17,4,0,13,46,8,2,16,14,8,6
182281,University of Nevada-Las Vegas,NV,Nevada,"Degree-granting, primarily baccalaureate or above",2017,7665,4140,614927000,588486000,32,33,0,17,5,6,8,45,8,2,15,14,9,8
182281,University of Nevada-Las Vegas,NV,Nevada,"Degree-granting, primarily baccalaureate or above",2018,7985,4144,760258000,691652000,26,29,0,15,4,4,22,50,7,1,16,12,7,7
182281,University of Nevada-Las Vegas,NV,Nevada,"Degree-granting, primarily baccalaureate or above",2019,8291,4465,718390000,720688000,29,33,0,16,4,3,15,50,7,2,15,12,8,7
182281,University of Nevada-Las Vegas,NV,Nevada,"Degree-granting, primarily baccalaureate or above",2020,8685,4475,751238000,810181000,30,33,0,17,4,2,15,46,6,1,14,12,8,13
182281,University of Nevada-Las Vegas,NV,Nevada,"Degree-granting, primarily baccalaureate or above",2021,8737,4125,820203000,739197000,27,25,0,22,3,10,12,49,6,3,15,12,8,8
182281,University of Nevada-Las Vegas,NV,Nevada,"Degree-granting, primarily baccalaureate or above",2022,8947,4312,845754000,792957000,27,28,0,25,3,-4,21,48,6,2,16,13,7,8
182290,University of Nevada-Reno,NV,Nevada,"Degree-granting, primarily baccalaureate or above",2015,6902,3851,545197242,523405313,22,27,0,26,7,0,18,45,14,9,10,9,10,3
182290,University of Nevada-Reno,NV,Nevada,"Degree-granting, primarily baccalaureate or above",2016,7142,3353,591887477,567259134,21,28,0,26,8,0,17,47,13,9,10,9,9,3
182290,University of Nevada-Reno,NV,Nevada,"Degree-granting, primarily baccalaureate or above",2017,7599,3643,625697638,605321320,22,28,0,26,8,4,13,46,15,10,10,9,9,2
182290,University of Nevada-Reno,NV,Nevada,"Degree-granting, primarily baccalaureate or above",2018,7599,3691,625073327,571708837,22,29,0,23,7,3,16,41,14,10,12,10,10,3
182290,University of Nevada-Reno,NV,Nevada,"Degree-granting, primarily baccalaureate or above",2019,8034,3547,631024394,609531426,22,30,0,23,8,2,15,37,16,10,12,8,13,5
182290,University of Nevada-Reno,NV,Nevada,"Degree-granting, primarily baccalaureate or above",2020,8366,3351,706850378,663770242,22,27,0,23,6,0,22,36,15,11,10,8,11,8
182290,University of Nevada-Reno,NV,Nevada,"Degree-granting, primarily baccalaureate or above",2021,8588,3412,733309098,633253089,21,21,0,30,6,10,11,35,17,13,10,8,11,6
182290,University of Nevada-Reno,NV,Nevada,"Degree-granting, primarily baccalaureate or above",2022,8947,3296,741729052,698986098,21,24,0,33,6,0,16,34,17,16,10,9,9,4
196079,Binghamton University,NY,New York,"Degree-granting, primarily baccalaureate or above",2015,9053,2661,391407894,379634475,32,41,0,16,8,0,1,48,8,2,16,9,14,4
196079,Binghamton University,NY,New York,"Degree-granting, primarily baccalaureate or above",2016,9271,2708,404561538,394912577,34,42,0,16,7,0,1,50,10,1,14,9,13,4
196079,Binghamton University,NY,New York,"Degree-granting, primarily baccalaureate or above",2017,9523,2736,438680569,423061818,33,41,0,15,8,0,3,51,7,1,16,7,13,3
196079,Binghamton University,NY,New York,"Degree-granting, primarily baccalaureate or above",2018,9808,2949,470443076,435836797,30,42,0,18,8,1,1,47,10,2,13,7,13,8
196079,Binghamton University,NY,New York,"Degree-granting, primarily baccalaureate or above",2019,10201,2912,498559784,437585586,29,42,0,17,9,1,1,48,10,2,15,7,13,5
196079,Binghamton University,NY,New York,"Degree-granting, primarily baccalaureate or above",2020,10014,2896,510959847,448231812,29,39,0,19,7,1,5,48,9,2,14,7,14,6
196079,Binghamton University,NY,New York,"Degree-granting, primarily baccalaureate or above",2021,10390,3089,501506603,443446759,28,41,0,21,7,0,3,47,10,2,13,8,14,6
196079,Binghamton University,NY,New York,"Degree-granting, primarily baccalaureate or above",2022,10363,3107,543394563,503511462,29,39,0,23,7,0,1,44,10,2,13,11,12,9
430883,Cayuga Onondaga BOCES-Practical Nursing Program,NY,New York,"Nondegree-granting, sub-baccalaureate",2016,9975,32,292363,205626,25,0,0,75,0,0,0,59,0,0,0,8,2,30
430883,Cayuga Onondaga BOCES-Practical Nursing Program,NY,New York,"Nondegree-granting, sub-baccalaureate",2017,10240,9,291413,201195,39,0,0,61,0,0,0,72,0,0,0,8,2,18
430883,Cayuga Onondaga BOCES-Practical Nursing Program,NY,New York,"Nondegree-granting, sub-baccalaureate",2018,10440,8,275732,193970,38,0,0,62,0,0,0,81,0,0,0,9,3,7
430883,Cayuga Onondaga BOCES-Practical Nursing Program,NY,New York,"Nondegree-granting, sub-baccalaureate",2019,11515,6,322209,229289,41,0,0,59,0,0,0,70,0,0,0,8,4,18
430883,Cayuga Onondaga BOCES-Practical Nursing Program,NY,New York,"Nondegree-granting, sub-baccalaureate",2020,11515,5,350529,346394,40,0,0,60,0,0,0,70,0,0,0,7,5,18
430883,Cayuga Onondaga BOCES-Practical Nursing Program,NY,New York,"Nondegree-granting, sub-baccalaureate",2021,11965,2,510868,508526,35,0,0,65,0,0,0,58,0,0,10,8,6,17
430883,Cayuga Onondaga BOCES-Practical Nursing Program,NY,New York,"Nondegree-granting, sub-baccalaureate",2022,12660,3,664280,641675,22,0,0,78,0,0,0,63,0,0,14,9,6,8
190558,College of Staten Island CUNY,NY,New York,"Degree-granting, primarily baccalaureate or above",2015,6890,2571,182836349,194932992,24,34,3,29,2,0,8,56,2,1,7,11,14,9
190558,College of Staten Island CUNY,NY,New York,"Degree-granting, primarily baccalaureate or above",2016,6890,2603,214207574,215108438,20,37,3,25,1,0,13,59,2,1,7,11,14,7
190512,CUNY Bernard M Baruch College,NY,New York,"Degree-granting, primarily baccalaureate or above",2015,6810,1477,253592079,268060452,39,26,0,22,3,0,11,60,1,0,10,10,13,6
190512,CUNY Bernard M Baruch College,NY,New York,"Degree-granting, primarily baccalaureate or above",2016,6810,1404,283811540,302094820,37,31,0,20,3,0,10,61,1,0,9,10,14,5
190512,CUNY Bernard M Baruch College,NY,New York,"Degree-granting, primarily baccalaureate or above",2017,7062,1605,286089528,292629081,37,25,1,19,3,0,15,56,1,0,8,11,13,10
190512,CUNY Bernard M Baruch College,NY,New York,"Degree-granting, primarily baccalaureate or above",2018,7262,1692,305992697,303991876,34,24,1,20,3,0,18,52,1,0,8,9,13,16
190512,CUNY Bernard M Baruch College,NY,New York,"Degree-granting, primarily baccalaureate or above",2019,7462,2268,292333919,326495121,35,26,1,22,3,0,13,49,1,0,6,8,12,23
190512,CUNY Bernard M Baruch College,NY,New York,"Degree-granting, primarily baccalaureate or above",2020,7462,2055,343992064,320354735,30,23,1,22,3,0,20,53,1,1,7,9,12,17
190512,CUNY Bernard M Baruch College,NY,New York,"Degree-granting, primarily baccalaureate or above",2021,7464,2532,364088407,316304621,31,19,1,29,2,0,18,55,1,0,7,9,13,15
190512,CUNY Bernard M Baruch College,NY,New York,"Degree-granting, primarily baccalaureate or above",2022,7464,2592,373258187,394381549,24,22,1,32,2,0,18,50,1,0,8,9,12,19
190549,CUNY Brooklyn College,NY,New York,"Degree-granting, primarily baccalaureate or above",2015,6838,1340,278220449,272014158,23,32,0,24,3,0,18,53,4,0,9,11,14,8
190549,CUNY Brooklyn College,NY,New York,"Degree-granting, primarily baccalaureate or above",2016,6838,1330,306700968,297199180,20,37,0,23,2,0,18,55,4,0,9,10,14,6
190549,CUNY Brooklyn College,NY,New York,"Degree-granting, primarily baccalaureate or above",2017,7040,1662,305088264,288144741,21,34,1,23,2,0,20,52,4,1,9,10,13,10
190549,CUNY Brooklyn College,NY,New York,"Degree-granting, primarily baccalaureate or above",2018,7240,1756,286749934,289364951,20,33,1,27,2,0,17,50,3,1,9,9,12,16
190549,CUNY Brooklyn College,NY,New York,"Degree-granting, primarily baccalaureate or above",2019,7440,1894,286827669,310264054,21,34,1,28,2,0,14,50,4,1,8,8,12,17
190549,CUNY Brooklyn College,NY,New York,"Degree-granting, primarily baccalaureate or above",2020,7440,2147,325555819,318778954,19,32,1,29,1,0,17,51,4,1,8,9,11,17
190549,CUNY Brooklyn College,NY,New York,"Degree-granting, primarily baccalaureate or above",2021,7440,1554,329713707,310555702,20,29,1,31,1,0,18,53,4,1,8,9,11,14
190549,CUNY Brooklyn College,NY,New York,"Degree-granting, primarily baccalaureate or above",2022,7440,1689,374539741,360413043,14,32,1,35,1,0,18,49,3,1,8,8,11,20
190567,CUNY City College,NY,New York,"Degree-granting, primarily baccalaureate or above",2015,6689,1630,458334723,409464441,12,30,0,22,3,0,33,53,15,2,8,5,9,8
190567,CUNY City College,NY,New York,"Degree-granting, primarily baccalaureate or above",2016,6689,1827,476870998,450433001,11,34,0,22,3,0,30,54,14,1,8,5,11,7
190567,CUNY City College,NY,New York,"Degree-granting, primarily baccalaureate or above",2017,6940,1705,457542074,455467201,11,33,0,23,4,0,29,49,15,2,8,6,11,9
190567,CUNY City College,NY,New York,"Degree-granting, primarily baccalaureate or above",2018,7140,1830,391291531,470226381,13,38,1,30,5,0,14,47,16,2,8,5,9,13
190567,CUNY City College,NY,New York,"Degree-granting, primarily baccalaureate or above",2019,7340,2092,400906305,499815425,15,38,1,27,5,0,15,48,14,2,8,5,10,14
190567,CUNY City College,NY,New York,"Degree-granting, primarily baccalaureate or above",2020,7340,2023,554811072,517699546,11,29,1,21,3,0,35,50,12,2,8,5,10,12
190567,CUNY City College,NY,New York,"Degree-granting, primarily baccalaureate or above",2021,7340,2565,548166643,1124453855,12,27,0,24,3,0,33,23,7,1,4,2,4,58
190567,CUNY City College,NY,New York,"Degree-granting, primarily baccalaureate or above",2022,7340,2733,708868179,657155572,7,23,1,23,3,0,44,45,14,2,8,5,8,18
190576,CUNY Graduate School and University Center,NY,New York,"Degree-granting, primarily baccalaureate or above",2022,7410,5,427923074,439805723,8,59,0,16,11,0,5,43,13,2,5,10,12,14
190594,CUNY Hunter College,NY,New York,"Degree-granting, primarily baccalaureate or above",2015,6782,2200,490436734,365050814,23,22,0,19,3,0,33,52,8,2,9,7,13,8
190594,CUNY Hunter College,NY,New York,"Degree-granting, primarily baccalaureate or above",2016,6782,2208,402903299,408091287,28,33,0,24,4,0,11,54,8,2,8,8,13,7
190594,CUNY Hunter College,NY,New York,"Degree-granting, primarily baccalaureate or above",2017,6982,2337,418329004,415286583,27,30,1,26,4,0,12,52,7,2,8,8,13,10
190594,CUNY Hunter College,NY,New York,"Degree-granting, primarily baccalaureate or above",2018,7182,2598,395615897,434447427,26,28,1,32,5,0,8,44,7,2,12,8,12,15
190594,CUNY Hunter College,NY,New York,"Degree-granting, primarily baccalaureate or above",2019,7382,2547,419944239,463576140,26,30,1,36,4,0,4,51,8,2,5,7,13,15
190594,CUNY Hunter College,NY,New York,"Degree-granting, primarily baccalaureate or above",2020,7382,2616,436971960,452473912,25,29,1,33,4,0,8,50,8,2,5,7,12,16
190594,CUNY Hunter College,NY,New York,"Degree-granting, primarily baccalaureate or above",2021,7382,3321,559547002,390784706,22,18,0,26,3,0,31,51,8,2,5,7,14,12
190594,CUNY Hunter College,NY,New York,"Degree-granting, primarily baccalaureate or above",2022,7382,3140,458560131,436800097,22,28,1,39,3,0,7,48,8,2,5,7,14,16
190600,CUNY John Jay College of Criminal Justice,NY,New York,"Degree-granting, primarily baccalaureate or above",2015,6810,1489,251082839,261036524,19,27,1,29,3,0,21,56,3,0,11,9,11,9
190600,CUNY John Jay College of Criminal Justice,NY,New York,"Degree-granting, primarily baccalaureate or above",2016,6810,1523,279327500,285302636,18,30,1,26,4,0,22,57,3,0,11,10,11,8
190600,CUNY John Jay College of Criminal Justice,NY,New York,"Degree-granting, primarily baccalaureate or above",2017,7070,1844,257588560,272049297,19,29,2,27,5,0,19,53,4,0,11,10,11,11
190600,CUNY John Jay College of Criminal Justice,NY,New York,"Degree-granting, primarily baccalaureate or above",2018,7270,1866,238545445,295963115,20,32,4,35,4,0,5,49,4,0,11,9,11,15
190600,CUNY John Jay College of Criminal Justice,NY,New York,"Degree-granting, primarily baccalaureate or above",2019,7470,2056,263939824,320201185,19,29,3,35,4,0,11,47,6,4,10,7,9,16
190600,CUNY John Jay College of Criminal Justice,NY,New York,"Degree-granting, primarily baccalaureate or above",2020,7470,1692,348745826,336361204,15,24,1,29,3,0,28,49,6,3,10,7,9,16
190600,CUNY John Jay College of Criminal Justice,NY,New York,"Degree-granting, primarily baccalaureate or above",2021,7470,1770,354870915,534572987,14,23,1,33,3,0,26,32,3,1,7,5,6,45
190600,CUNY John Jay College of Criminal Justice,NY,New York,"Degree-granting, primarily baccalaureate or above",2022,7470,1871,439540379,418375666,10,20,2,28,2,0,38,46,3,2,11,6,9,22
190637,CUNY Lehman College,NY,New York,"Degree-granting, primarily baccalaureate or above",2015,6760,632,197548082,197559071,21,35,0,28,3,0,14,57,3,2,10,9,11,9
190637,CUNY Lehman College,NY,New York,"Degree-granting, primarily baccalaureate or above",2016,6812,690,231764506,219514709,19,37,0,25,2,0,18,59,2,2,10,9,11,8
190637,CUNY Lehman College,NY,New York,"Degree-granting, primarily baccalaureate or above",2017,7010,940,224315546,223352712,19,36,0,26,3,0,14,55,3,2,9,9,11,11
190637,CUNY Lehman College,NY,New York,"Degree-granting, primarily baccalaureate or above",2018,7210,1032,209048199,228892464,20,36,1,32,3,0,8,54,3,2,7,8,9,17
190637,CUNY Lehman College,NY,New York,"Degree-granting, primarily baccalaureate or above",2019,7410,942,217736358,242387413,20,35,1,33,2,0,8,53,3,2,7,8,10,18
190637,CUNY Lehman College,NY,New York,"Degree-granting, primarily baccalaureate or above",2020,7410,1327,269701934,256620781,17,29,1,31,2,0,20,54,3,2,6,7,10,17
190637,CUNY Lehman College,NY,New York,"Degree-granting, primarily baccalaureate or above",2021,7410,1582,290379276,335852466,19,27,0,31,12,0,12,42,2,2,5,6,7,36
190637,CUNY Lehman College,NY,New York,"Degree-granting, primarily baccalaureate or above",2022,7410,1486,330582740,291693733,11,29,1,37,2,0,20,55,3,2,7,7,10,16
190646,CUNY Medgar Evers College,NY,New York,"Degree-granting, primarily baccalaureate or above",2015,6680,1092,126218168,132233044,10,38,2,32,1,0,17,51,1,2,16,10,11,9
190646,CUNY Medgar Evers College,NY,New York,"Degree-granting, primarily baccalaureate or above",2016,6756,1143,135159217,142970817,9,41,2,33,0,0,14,51,1,2,15,10,13,8
190646,CUNY Medgar Evers College,NY,New York,"Degree-granting, primarily baccalaureate or above",2019,7352,886,123163652,148872343,9,41,7,35,0,0,7,50,1,1,10,9,12,17
190646,CUNY Medgar Evers College,NY,New York,"Degree-granting, primarily baccalaureate or above",2020,7352,859,155920375,153065818,7,35,6,27,0,0,25,51,1,1,10,9,12,16
190646,CUNY Medgar Evers College,NY,New York,"Degree-granting, primarily baccalaureate or above",2021,7352,634,144286761,195999902,10,34,3,27,0,0,25,37,1,1,8,7,8,38
190646,CUNY Medgar Evers College,NY,New York,"Degree-granting, primarily baccalaureate or above",2022,7352,601,192537308,200394296,3,30,4,28,0,0,34,40,1,1,10,8,9,32
190655,CUNY New York City College of Technology,NY,New York,"Degree-granting, primarily baccalaureate or above",2015,6669,3405,258605676,206713415,13,22,4,34,1,0,26,58,0,0,8,8,14,11
190655,CUNY New York City College of Technology,NY,New York,"Degree-granting, primarily baccalaureate or above",2016,6669,3217,302645476,232379615,13,24,3,30,1,0,29,61,0,0,7,7,14,10
190655,CUNY New York City College of Technology,NY,New York,"Degree-granting, primarily baccalaureate or above",2017,6920,3244,321365308,224691552,11,20,3,26,1,0,38,57,1,0,6,8,14,13
190655,CUNY New York City College of Technology,NY,New York,"Degree-granting, primarily baccalaureate or above",2018,7120,3402,270727645,221217011,13,22,3,31,1,0,30,57,1,0,5,7,10,20
190655,CUNY New York City College of Technology,NY,New York,"Degree-granting, primarily baccalaureate or above",2019,7320,3466,250234905,237730237,16,26,7,34,1,0,15,56,1,1,4,7,11,20
190655,CUNY New York City College of Technology,NY,New York,"Degree-granting, primarily baccalaureate or above",2020,7320,2898,265418013,252103532,15,28,6,34,1,0,17,56,1,1,5,7,12,20
190655,CUNY New York City College of Technology,NY,New York,"Degree-granting, primarily baccalaureate or above",2021,7320,2590,245597268,311390740,17,30,5,38,1,0,9,45,0,0,4,5,9,35
190655,CUNY New York City College of Technology,NY,New York,"Degree-granting, primarily baccalaureate or above",2022,7320,3028,305568495,266379892,7,29,5,39,1,0,18,55,1,1,5,7,12,20
190664,CUNY Queens College,NY,New York,"Degree-granting, primarily baccalaureate or above",2015,6938,1547,281630842,297536692,28,30,0,24,5,0,12,52,8,1,9,10,14,7
190664,CUNY Queens College,NY,New York,"Degree-granting, primarily baccalaureate or above",2016,6938,1481,321765460,328533225,25,33,0,22,4,0,15,55,7,2,9,9,13,6
190664,CUNY Queens College,NY,New York,"Degree-granting, primarily baccalaureate or above",2017,7138,1672,301097523,309707625,26,31,0,23,5,0,14,52,6,2,8,9,13,10
190664,CUNY Queens College,NY,New York,"Degree-granting, primarily baccalaureate or above",2018,7338,1953,292043280,318396111,26,31,1,27,5,0,10,49,6,2,8,8,12,15
190664,CUNY Queens College,NY,New York,"Degree-granting, primarily baccalaureate or above",2019,7538,2266,305772177,332636126,26,30,1,27,5,0,11,50,6,2,6,7,12,17
190664,CUNY Queens College,NY,New York,"Degree-granting, primarily baccalaureate or above",2020,7538,2228,355111976,342281198,22,29,1,27,4,0,19,51,6,2,7,7,12,16
190664,CUNY Queens College,NY,New York,"Degree-granting, primarily baccalaureate or above",2021,7538,2100,337999578,302978381,23,26,1,33,3,0,14,54,7,2,7,8,14,10
190664,CUNY Queens College,NY,New York,"Degree-granting, primarily baccalaureate or above",2022,7538,2334,387224298,378670810,15,28,1,35,3,0,19,46,7,2,7,7,12,20
190691,CUNY York College,NY,New York,"Degree-granting, primarily baccalaureate or above",2015,6748,1030,110588193,118712575,15,38,0,37,2,0,8,54,1,1,9,9,17,9
190691,CUNY York College,NY,New York,"Degree-granting, primarily baccalaureate or above",2016,6748,971,134784267,134339953,17,41,0,27,1,0,13,55,1,1,8,10,17,8
190691,CUNY York College,NY,New York,"Degree-granting, primarily baccalaureate or above",2017,6958,1137,118936947,131335726,17,41,0,30,1,0,10,47,1,2,9,12,16,13
190691,CUNY York College,NY,New York,"Degree-granting, primarily baccalaureate or above",2018,7158,1169,112921245,130756624,17,41,1,37,2,0,2,47,2,1,7,12,14,17
190691,CUNY York College,NY,New York,"Degree-granting, primarily baccalaureate or above",2019,7358,1122,126427251,138299493,16,39,1,35,2,0,7,48,2,1,6,11,14,18
190691,CUNY York College,NY,New York,"Degree-granting, primarily baccalaureate or above",2020,7358,849,150660891,144454164,15,37,1,29,1,0,17,49,1,1,7,11,13,18
190691,CUNY York College,NY,New York,"Degree-granting, primarily baccalaureate or above",2021,7358,898,138830211,130720011,15,37,0,33,1,0,14,53,1,2,7,11,14,12
190691,CUNY York College,NY,New York,"Degree-granting, primarily baccalaureate or above",2022,7358,777,163975001,158127383,9,37,1,33,1,0,19,47,2,2,7,10,13,20
196042,Farmingdale State College,NY,New York,"Degree-granting, primarily baccalaureate or above",2015,7808,1021,135143942,144585672,33,47,0,17,3,0,0,54,1,4,10,13,13,5
196042,Farmingdale State College,NY,New York,"Degree-granting, primarily baccalaureate or above",2016,7860,1281,139783610,151263419,33,48,0,16,3,0,0,53,0,4,10,14,15,4
196042,Farmingdale State College,NY,New York,"Degree-granting, primarily baccalaureate or above",2017,8076,1291,150942657,156539328,32,46,0,17,3,0,2,56,0,5,9,10,15,4
196042,Farmingdale State College,NY,New York,"Degree-granting, primarily baccalaureate or above",2018,8306,1345,161092077,161078457,31,48,0,18,2,1,0,53,0,5,9,11,13,9
196042,Farmingdale State College,NY,New York,"Degree-granting, primarily baccalaureate or above",2019,8538,1482,169727996,163675594,29,48,0,19,3,1,0,55,0,5,10,11,13,5
196042,Farmingdale State College,NY,New York,"Degree-granting, primarily baccalaureate or above",2020,8395,1568,169840829,170594426,30,46,0,21,2,1,0,54,0,5,10,11,13,7
196042,Farmingdale State College,NY,New York,"Degree-granting, primarily baccalaureate or above",2021,8576,1619,178376802,166896614,28,45,0,25,2,0,0,53,0,5,11,12,12,8
196042,Farmingdale State College,NY,New York,"Degree-granting, primarily baccalaureate or above",2022,8576,1576,180899152,181879666,24,46,0,28,2,0,0,50,0,4,10,11,12,11
191126,Fashion Institute of Technology,NY,New York,"Degree-granting, not primarily baccalaureate or above",2015,5230,1265,200915412,195908183,37,12,36,9,1,0,5,51,0,0,17,8,24,0
191126,Fashion Institute of Technology,NY,New York,"Degree-granting, not primarily baccalaureate or above",2016,5335,1272,230389056,212050905,33,11,40,8,1,0,6,51,0,0,17,8,23,0
191126,Fashion Institute of Technology,NY,New York,"Degree-granting, not primarily baccalaureate or above",2017,5483,1263,222586525,225637925,34,12,37,8,1,0,8,50,0,0,17,8,25,0
191126,Fashion Institute of Technology,NY,New York,"Degree-granting, not primarily baccalaureate or above",2018,5740,1342,239737867,241541596,30,12,38,8,1,0,10,48,0,0,18,8,27,0
191126,Fashion Institute of Technology,NY,New York,"Degree-granting, not primarily baccalaureate or above",2019,6110,1403,239855735,235822974,31,11,38,10,1,0,8,47,0,0,18,8,26,2
191126,Fashion Institute of Technology,NY,New York,"Degree-granting, not primarily baccalaureate or above",2020,5913,1290,240743200,273031103,33,12,39,12,1,0,4,39,0,0,15,6,22,17
191126,Fashion Institute of Technology,NY,New York,"Degree-granting, not primarily baccalaureate or above",2021,5913,1262,243585290,196432331,30,11,37,17,1,0,4,52,0,0,20,8,30,-9
191126,Fashion Institute of Technology,NY,New York,"Degree-granting, not primarily baccalaureate or above",2022,6170,1343,264086445,246930337,30,11,42,13,1,0,4,47,0,0,17,7,25,4
417886,Jefferson Lewis BOCES-Practical Nursing Program,NY,New York,"Nondegree-granting, sub-baccalaureate",2015,9539,13,1252738,711490,59,7,0,32,0,0,1,69,0,0,4,9,14,4
417886,Jefferson Lewis BOCES-Practical Nursing Program,NY,New York,"Nondegree-granting, sub-baccalaureate",2016,9918,10,1178590,924340,62,0,0,34,0,0,3,72,0,0,4,10,11,4
417886,Jefferson Lewis BOCES-Practical Nursing Program,NY,New York,"Nondegree-granting, sub-baccalaureate",2017,11792,14,970270,898127,66,0,0,30,0,0,4,71,0,0,4,10,11,4
196176,State University of New York at New Paltz,NY,New York,"Degree-granting, primarily baccalaureate or above",2015,7737,1079,157262681,153842554,30,52,0,14,3,0,1,52,0,3,9,12,16,7
196176,State University of New York at New Paltz,NY,New York,"Degree-granting, primarily baccalaureate or above",2016,7754,1092,154129553,164216451,31,52,0,14,3,0,1,51,0,3,9,12,18,6
196176,State University of New York at New Paltz,NY,New York,"Degree-granting, primarily baccalaureate or above",2017,8054,1105,155906506,170959324,30,49,0,14,3,0,4,53,1,2,9,12,17,7
196176,State University of New York at New Paltz,NY,New York,"Degree-granting, primarily baccalaureate or above",2018,8254,1149,160792815,164297353,27,53,0,16,2,0,1,49,0,3,8,11,16,13
196176,State University of New York at New Paltz,NY,New York,"Degree-granting, primarily baccalaureate or above",2019,8502,1125,166485479,164493521,26,53,0,17,3,1,1,52,1,3,9,12,16,8
196176,State University of New York at New Paltz,NY,New York,"Degree-granting, primarily baccalaureate or above",2020,8416,974,162255829,162145716,26,50,0,21,2,0,1,53,0,3,8,12,17,7
196176,State University of New York at New Paltz,NY,New York,"Degree-granting, primarily baccalaureate or above",2021,8523,1133,165975291,159610367,22,52,0,23,2,0,1,53,0,2,8,13,16,7
196176,State University of New York at New Paltz,NY,New York,"Degree-granting, primarily baccalaureate or above",2022,8524,1163,176466443,170807588,21,50,0,27,2,0,1,49,0,2,8,12,17,12
196194,State University of New York at Oswego,NY,New York,"Degree-granting, primarily baccalaureate or above",2015,7934,1486,143985064,162911951,30,48,0,19,3,0,0,52,1,3,10,13,11,11
196194,State University of New York at Oswego,NY,New York,"Degree-granting, primarily baccalaureate or above",2016,7961,1441,148223235,165700611,30,48,0,19,2,0,1,52,1,3,10,13,13,8
196194,State University of New York at Oswego,NY,New York,"Degree-granting, primarily baccalaureate or above",2017,8191,1463,154761851,175036597,28,49,0,19,2,0,2,48,1,3,14,11,14,8
196194,State University of New York at Oswego,NY,New York,"Degree-granting, primarily baccalaureate or above",2018,8440,1482,161435025,175252200,26,50,0,20,2,0,1,46,1,3,13,11,12,14
196194,State University of New York at Oswego,NY,New York,"Degree-granting, primarily baccalaureate or above",2019,8717,1422,171039540,172453684,25,52,0,20,2,1,1,48,1,3,14,11,13,9
196194,State University of New York at Oswego,NY,New York,"Degree-granting, primarily baccalaureate or above",2020,8651,1270,169181783,165407928,23,48,0,22,2,1,5,49,1,4,14,12,13,8
196194,State University of New York at Oswego,NY,New York,"Degree-granting, primarily baccalaureate or above",2021,8769,1168,167331357,162585659,23,48,0,26,1,0,1,48,1,3,12,12,13,11
196194,State University of New York at Oswego,NY,New York,"Degree-granting, primarily baccalaureate or above",2022,8769,1466,172566730,173165108,20,48,0,29,2,0,0,46,1,3,12,11,13,14
196097,Stony Brook University,NY,New York,"Degree-granting, primarily baccalaureate or above",2015,8855,2836,1004178901,1000185312,22,45,0,20,7,0,5,52,12,3,12,6,12,4
196097,Stony Brook University,NY,New York,"Degree-granting, primarily baccalaureate or above",2016,8999,2934,1019778898,1027535461,24,46,0,20,7,0,3,51,12,3,12,6,13,3
196097,Stony Brook University,NY,New York,"Degree-granting, primarily baccalaureate or above",2017,9257,3167,1113337514,1073368633,24,43,0,19,6,0,8,53,10,3,12,6,13,3
196097,Stony Brook University,NY,New York,"Degree-granting, primarily baccalaureate or above",2018,9625,3383,1150099056,1055137935,23,47,0,20,7,1,2,48,12,3,11,6,12,8
196097,Stony Brook University,NY,New York,"Degree-granting, primarily baccalaureate or above",2019,10175,3372,1212844395,1040218315,22,48,0,20,6,1,3,49,13,3,11,6,12,5
196097,Stony Brook University,NY,New York,"Degree-granting, primarily baccalaureate or above",2020,10091,3322,1278036408,1107014180,21,41,0,30,5,1,2,45,12,3,10,7,12,10
196097,Stony Brook University,NY,New York,"Degree-granting, primarily baccalaureate or above",2021,10455,3416,1217200691,1066040483,22,38,0,27,6,0,6,47,14,3,10,7,13,6
196097,Stony Brook University,NY,New York,"Degree-granting, primarily baccalaureate or above",2022,10560,3347,1296876407,1136889637,21,40,0,27,5,0,6,45,15,3,10,7,12,8
196060,SUNY at Albany,NY,New York,"Degree-granting, primarily baccalaureate or above",2015,8996,2592,450607350,465297122,23,41,0,29,6,0,1,44,7,8,12,5,15,9
196060,SUNY at Albany,NY,New York,"Degree-granting, primarily baccalaureate or above",2016,9223,2725,465619138,485261971,24,41,0,28,5,0,1,45,9,8,12,6,16,5
196060,SUNY at Albany,NY,New York,"Degree-granting, primarily baccalaureate or above",2017,9490,2814,503835149,492626925,24,39,0,27,4,0,6,47,6,9,11,6,16,4
196060,SUNY at Albany,NY,New York,"Degree-granting, primarily baccalaureate or above",2018,10011,2768,510764877,500718157,23,42,0,29,4,0,2,44,6,9,11,6,15,10
196060,SUNY at Albany,NY,New York,"Degree-granting, primarily baccalaureate or above",2019,10176,2669,555308262,497791924,21,42,0,30,6,1,1,46,8,9,11,6,15,5
196060,SUNY at Albany,NY,New York,"Degree-granting, primarily baccalaureate or above",2020,10160,2695,511051763,493558030,22,42,0,30,4,1,1,45,8,9,11,6,16,6
196060,SUNY at Albany,NY,New York,"Degree-granting, primarily baccalaureate or above",2021,10408,3030,530850486,473217338,21,42,0,31,5,0,2,45,8,7,11,6,15,8
196060,SUNY at Albany,NY,New York,"Degree-granting, primarily baccalaureate or above",2022,10408,2651,555059107,490928712,19,40,0,36,5,0,1,42,9,7,10,6,15,11
196158,SUNY at Fredonia,NY,New York,"Degree-granting, primarily baccalaureate or above",2015,8074,926,100835006,112293863,28,50,0,18,3,0,1,55,1,4,9,9,13,8
196158,SUNY at Fredonia,NY,New York,"Degree-granting, primarily baccalaureate or above",2016,8089,931,102132831,113872740,26,53,0,17,4,0,1,55,1,4,9,9,14,8
196158,SUNY at Fredonia,NY,New York,"Degree-granting, primarily baccalaureate or above",2017,8286,1128,98590507,112490655,25,53,0,17,4,0,1,54,1,4,9,9,15,8
196158,SUNY at Fredonia,NY,New York,"Degree-granting, primarily baccalaureate or above",2018,8488,1177,102525676,114192084,21,54,0,20,4,1,1,49,1,4,8,8,14,15
196158,SUNY at Fredonia,NY,New York,"Degree-granting, primarily baccalaureate or above",2019,8717,999,108280457,110338715,20,55,0,20,4,1,0,51,1,5,9,10,15,10
196158,SUNY at Fredonia,NY,New York,"Degree-granting, primarily baccalaureate or above",2020,8492,758,105354236,107129778,18,52,0,26,3,1,1,52,1,4,8,10,15,9
196158,SUNY at Fredonia,NY,New York,"Degree-granting, primarily baccalaureate or above",2021,8760,806,103907995,101180143,17,54,0,26,3,0,0,52,0,4,8,10,14,11
196158,SUNY at Fredonia,NY,New York,"Degree-granting, primarily baccalaureate or above",2022,8767,716,109631536,107581436,15,52,0,30,2,0,0,49,1,4,8,9,15,14
196219,SUNY at Purchase College,NY,New York,"Degree-granting, primarily baccalaureate or above",2015,8267,783,104182800,112517373,28,50,0,12,9,0,0,45,0,2,22,10,15,6
196219,SUNY at Purchase College,NY,New York,"Degree-granting, primarily baccalaureate or above",2016,8298,732,108155250,124346863,28,51,0,12,9,0,1,44,0,2,23,10,16,5
196219,SUNY at Purchase College,NY,New York,"Degree-granting, primarily baccalaureate or above",2017,8498,763,111633666,122033565,27,52,0,12,9,0,1,46,0,3,21,9,16,5
196219,SUNY at Purchase College,NY,New York,"Degree-granting, primarily baccalaureate or above",2018,8698,894,121296443,121243341,24,51,0,13,10,1,2,44,0,3,20,8,15,10
196219,SUNY at Purchase College,NY,New York,"Degree-granting, primarily baccalaureate or above",2019,8923,798,128325476,123001598,22,54,0,13,9,1,1,47,0,3,21,9,16,5
196219,SUNY at Purchase College,NY,New York,"Degree-granting, primarily baccalaureate or above",2020,8953,647,122987276,121180111,20,52,0,16,8,1,3,47,0,3,20,8,17,6
196219,SUNY at Purchase College,NY,New York,"Degree-granting, primarily baccalaureate or above",2021,8953,680,115830177,115517276,18,56,0,19,6,0,1,48,0,2,21,9,14,7
196219,SUNY at Purchase College,NY,New York,"Degree-granting, primarily baccalaureate or above",2022,8953,687,122365633,125110376,17,55,0,23,4,0,1,46,0,2,19,8,16,9
196121,SUNY Brockport,NY,New York,"Degree-granting, primarily baccalaureate or above",2015,7904,1145,150591364,162080588,26,50,0,19,3,0,1,59,0,2,10,9,14,6
196121,SUNY Brockport,NY,New York,"Degree-granting, primarily baccalaureate or above",2016,7928,1205,153539640,162926510,27,50,0,19,3,0,0,57,0,2,10,9,15,6
196121,SUNY Brockport,NY,New York,"Degree-granting, primarily baccalaureate or above",2017,8154,1261,156754136,152530051,26,50,0,19,3,0,1,56,0,2,9,10,17,6
196121,SUNY Brockport,NY,New York,"Degree-granting, primarily baccalaureate or above",2018,8412,1270,166728180,154430476,24,51,0,20,3,0,1,51,0,2,9,9,16,13
196121,SUNY Brockport,NY,New York,"Degree-granting, primarily baccalaureate or above",2019,8680,1077,174163610,159568309,24,52,0,20,3,1,1,53,0,2,8,9,17,10
196121,SUNY Brockport,NY,New York,"Degree-granting, primarily baccalaureate or above",2020,8624,1075,166675832,156492494,23,50,0,23,2,1,1,53,1,2,9,9,18,9
196121,SUNY Brockport,NY,New York,"Degree-granting, primarily baccalaureate or above",2021,8678,1002,173854437,157460698,22,49,0,27,1,0,0,51,0,1,8,10,17,12
196121,SUNY Brockport,NY,New York,"Degree-granting, primarily baccalaureate or above",2022,8620,1014,173414146,157372466,18,50,0,30,1,0,0,52,1,1,8,9,17,12
196130,SUNY Buffalo State University,NY,New York,"Degree-granting, primarily baccalaureate or above",2015,7669,1859,201672300,226265022,21,43,0,30,5,0,1,44,2,9,10,7,22,5
196130,SUNY Buffalo State University,NY,New York,"Degree-granting, primarily baccalaureate or above",2016,7701,1628,205276191,219214135,20,43,0,29,4,0,3,45,2,10,11,7,21,5
196130,SUNY Buffalo State University,NY,New York,"Degree-granting, primarily baccalaureate or above",2017,7976,1806,212372698,223163561,17,44,0,29,4,0,5,49,1,8,10,7,19,5
196130,SUNY Buffalo State University,NY,New York,"Degree-granting, primarily baccalaureate or above",2018,8210,1747,213896427,225633789,17,46,0,30,4,0,3,42,1,9,10,6,20,11
196130,SUNY Buffalo State University,NY,New York,"Degree-granting, primarily baccalaureate or above",2019,8472,1657,214305545,200488894,16,50,0,25,4,1,4,47,2,5,11,7,23,6
196130,SUNY Buffalo State University,NY,New York,"Degree-granting, primarily baccalaureate or above",2020,8428,1628,192014628,205570263,18,52,0,25,3,1,1,45,2,4,11,7,23,8
196130,SUNY Buffalo State University,NY,New York,"Degree-granting, primarily baccalaureate or above",2021,8486,1344,210443176,212265140,16,49,0,31,2,0,3,42,2,4,11,7,24,10
196130,SUNY Buffalo State University,NY,New York,"Degree-granting, primarily baccalaureate or above",2022,8486,1252,207104026,200084778,13,51,0,32,2,0,2,42,2,4,11,8,21,12
196167,SUNY College at Geneseo,NY,New York,"Degree-granting, primarily baccalaureate or above",2015,8113,1330,99128999,112511641,33,50,0,14,3,0,0,55,0,1,7,9,18,8
196167,SUNY College at Geneseo,NY,New York,"Degree-granting, primarily baccalaureate or above",2016,8176,1238,103269672,112972539,33,50,0,13,3,0,1,55,0,1,8,9,19,8
196167,SUNY College at Geneseo,NY,New York,"Degree-granting, primarily baccalaureate or above",2017,8408,1340,108257470,114357681,31,49,0,12,3,0,4,53,1,1,7,9,20,8
196167,SUNY College at Geneseo,NY,New York,"Degree-granting, primarily baccalaureate or above",2018,8651,1343,110547835,114109363,29,52,0,15,2,1,1,49,1,1,7,9,19,14
196167,SUNY College at Geneseo,NY,New York,"Degree-granting, primarily baccalaureate or above",2019,8927,1233,115602778,112171898,27,54,0,16,2,1,1,52,1,1,8,10,20,8
196167,SUNY College at Geneseo,NY,New York,"Degree-granting, primarily baccalaureate or above",2020,8856,891,108990343,107853488,25,53,0,18,2,1,1,55,1,1,5,10,22,7
196167,SUNY College at Geneseo,NY,New York,"Degree-granting, primarily baccalaureate or above",2021,8927,1007,110442100,107967808,21,52,0,24,1,0,1,52,1,1,5,10,21,11
196167,SUNY College at Geneseo,NY,New York,"Degree-granting, primarily baccalaureate or above",2022,8966,872,112066029,107088147,18,54,0,26,2,0,1,51,1,1,5,10,21,11
196237,SUNY College at Old Westbury,NY,New York,"Degree-granting, primarily baccalaureate or above",2015,7643,389,79117826,89989907,24,50,0,22,4,0,0,48,1,3,8,13,17,10
196237,SUNY College at Old Westbury,NY,New York,"Degree-granting, primarily baccalaureate or above",2016,7683,512,81851785,91618191,24,51,0,20,3,0,2,50,0,3,9,13,19,6
196237,SUNY College at Old Westbury,NY,New York,"Degree-granting, primarily baccalaureate or above",2017,7883,663,83829661,94841974,25,52,0,20,2,0,0,52,0,2,8,12,19,7
196237,SUNY College at Old Westbury,NY,New York,"Degree-granting, primarily baccalaureate or above",2018,8143,664,93449018,94065023,23,51,0,22,2,0,0,50,0,2,8,11,19,10
196237,SUNY College at Old Westbury,NY,New York,"Degree-granting, primarily baccalaureate or above",2019,8368,609,101100937,95141902,24,51,0,22,2,1,0,52,0,2,8,11,20,7
196237,SUNY College at Old Westbury,NY,New York,"Degree-granting, primarily baccalaureate or above",2020,8122,535,100602249,95568188,24,49,0,23,2,0,2,52,0,2,6,11,21,8
196237,SUNY College at Old Westbury,NY,New York,"Degree-granting, primarily baccalaureate or above",2021,8379,474,104959712,94999794,20,47,0,32,1,0,0,52,0,2,6,11,20,9
196237,SUNY College at Old Westbury,NY,New York,"Degree-granting, primarily baccalaureate or above",2022,8368,611,108117952,102113227,18,48,0,32,1,0,1,48,0,1,6,12,19,13
196246,SUNY College at Plattsburgh,NY,New York,"Degree-granting, primarily baccalaureate or above",2015,7850,963,115721044,124497301,28,47,0,18,5,0,2,54,1,4,9,12,13,7
196246,SUNY College at Plattsburgh,NY,New York,"Degree-granting, primarily baccalaureate or above",2016,7866,1021,114262440,128393413,27,48,0,18,5,0,1,55,0,4,9,12,13,7
196246,SUNY College at Plattsburgh,NY,New York,"Degree-granting, primarily baccalaureate or above",2017,8148,1129,118565640,127482329,25,47,0,18,5,0,5,52,0,4,9,13,14,7
196246,SUNY College at Plattsburgh,NY,New York,"Degree-granting, primarily baccalaureate or above",2018,8369,1144,121875174,122706803,23,48,0,21,5,1,2,48,1,4,8,12,14,13
196246,SUNY College at Plattsburgh,NY,New York,"Degree-granting, primarily baccalaureate or above",2019,8872,961,126357363,118828723,25,48,0,20,5,1,1,51,1,4,9,13,14,9
196246,SUNY College at Plattsburgh,NY,New York,"Degree-granting, primarily baccalaureate or above",2020,8574,893,126556539,116334168,22,48,0,23,5,1,3,51,1,4,9,13,14,9
196246,SUNY College at Plattsburgh,NY,New York,"Degree-granting, primarily baccalaureate or above",2021,8911,920,124288190,112378523,22,48,0,26,4,0,1,50,1,3,9,13,14,10
196246,SUNY College at Plattsburgh,NY,New York,"Degree-granting, primarily baccalaureate or above",2022,8881,844,127972645,114510186,18,46,0,30,4,0,2,48,1,3,9,13,14,12
196200,SUNY College at Potsdam,NY,New York,"Degree-granting, primarily baccalaureate or above",2015,7923,854,89378884,100635453,21,51,0,19,6,0,3,54,0,2,11,11,15,6
196200,SUNY College at Potsdam,NY,New York,"Degree-granting, primarily baccalaureate or above",2016,7964,788,89740446,101921907,20,52,0,18,6,0,3,53,0,2,11,11,16,7
196200,SUNY College at Potsdam,NY,New York,"Degree-granting, primarily baccalaureate or above",2017,8221,783,90865792,99382976,18,53,0,18,6,0,4,56,0,2,10,10,15,7
196200,SUNY College at Potsdam,NY,New York,"Degree-granting, primarily baccalaureate or above",2018,8462,873,91298516,97950869,15,56,0,20,7,0,2,50,0,3,9,9,14,14
196200,SUNY College at Potsdam,NY,New York,"Degree-granting, primarily baccalaureate or above",2019,8711,622,98256703,93120363,16,55,0,19,5,0,5,53,0,3,9,9,16,9
196200,SUNY College at Potsdam,NY,New York,"Degree-granting, primarily baccalaureate or above",2020,8554,530,92553776,94330119,15,53,0,23,4,0,4,53,0,3,9,10,15,9
196200,SUNY College at Potsdam,NY,New York,"Degree-granting, primarily baccalaureate or above",2021,8712,416,89510605,90093345,15,55,0,26,3,0,0,52,1,3,9,11,16,10
196200,SUNY College at Potsdam,NY,New York,"Degree-granting, primarily baccalaureate or above",2022,8712,444,91558857,90061792,10,56,0,30,3,0,1,51,0,2,9,10,16,11
196033,SUNY College of Agriculture and Technology at Cobleskill,NY,New York,"Degree-granting, primarily baccalaureate or above",2015,7719,761,54365218,60988149,20,49,0,23,6,0,2,37,0,1,18,11,25,7
196033,SUNY College of Agriculture and Technology at Cobleskill,NY,New York,"Degree-granting, primarily baccalaureate or above",2016,7929,656,55716135,63112700,20,50,0,22,6,0,2,37,0,1,17,11,26,6
196033,SUNY College of Agriculture and Technology at Cobleskill,NY,New York,"Degree-granting, primarily baccalaureate or above",2017,8139,705,57721411,64322518,18,51,0,20,5,0,6,43,0,1,18,13,20,6
196033,SUNY College of Agriculture and Technology at Cobleskill,NY,New York,"Degree-granting, primarily baccalaureate or above",2018,8654,707,58395386,65733947,17,54,0,22,5,0,1,39,0,1,17,12,18,13
196033,SUNY College of Agriculture and Technology at Cobleskill,NY,New York,"Degree-granting, primarily baccalaureate or above",2019,8884,614,65211499,62908276,17,52,0,20,5,1,6,41,0,1,20,13,19,6
196033,SUNY College of Agriculture and Technology at Cobleskill,NY,New York,"Degree-granting, primarily baccalaureate or above",2020,8591,513,63495714,64352334,16,51,0,24,5,0,4,40,1,1,18,13,19,8
196033,SUNY College of Agriculture and Technology at Cobleskill,NY,New York,"Degree-granting, primarily baccalaureate or above",2021,8676,459,67551373,63283196,14,49,0,23,6,0,8,38,3,1,18,13,20,6
196033,SUNY College of Agriculture and Technology at Cobleskill,NY,New York,"Degree-granting, primarily baccalaureate or above",2022,8676,490,68136002,68175884,12,51,0,27,7,0,3,36,3,2,18,12,19,11
196103,SUNY College of Environmental Science and Forestry,NY,New York,"Degree-granting, primarily baccalaureate or above",2015,7848,318,83198396,88306914,12,54,0,19,8,0,7,40,22,3,14,6,13,2
196103,SUNY College of Environmental Science and Forestry,NY,New York,"Degree-granting, primarily baccalaureate or above",2016,8103,328,82476211,91144229,14,54,0,19,8,0,6,39,21,3,14,6,14,3
196103,SUNY College of Environmental Science and Forestry,NY,New York,"Degree-granting, primarily baccalaureate or above",2017,8543,329,87478461,89380715,12,52,0,18,8,0,10,43,17,2,13,7,16,1
196103,SUNY College of Environmental Science and Forestry,NY,New York,"Degree-granting, primarily baccalaureate or above",2018,8874,386,87513648,94660117,12,57,0,20,7,0,4,39,20,2,12,7,15,6
196103,SUNY College of Environmental Science and Forestry,NY,New York,"Degree-granting, primarily baccalaureate or above",2019,9130,353,96521351,105267294,13,55,0,19,7,0,6,42,17,2,12,6,16,4
196103,SUNY College of Environmental Science and Forestry,NY,New York,"Degree-granting, primarily baccalaureate or above",2020,9130,302,90872334,94782517,12,53,0,21,8,0,6,41,19,2,10,6,17,5
196103,SUNY College of Environmental Science and Forestry,NY,New York,"Degree-granting, primarily baccalaureate or above",2021,9206,315,96278929,99740851,11,53,0,22,8,0,6,40,19,1,13,6,16,5
196103,SUNY College of Environmental Science and Forestry,NY,New York,"Degree-granting, primarily baccalaureate or above",2022,9266,356,98603626,102054943,12,52,0,23,7,0,5,40,19,1,11,6,16,6
196006,SUNY College of Technology at Alfred,NY,New York,"Degree-granting, not primarily baccalaureate or above",2015,8057,1058,63648597,68788636,21,48,0,23,6,0,2,55,0,0,8,11,16,10
196006,SUNY College of Technology at Alfred,NY,New York,"Degree-granting, not primarily baccalaureate or above",2016,8075,1176,64632110,70439473,21,47,0,25,5,0,1,54,0,0,8,11,17,9
196006,SUNY College of Technology at Alfred,NY,New York,"Degree-granting, not primarily baccalaureate or above",2017,8327,1120,66875651,72033869,21,48,0,24,5,0,1,55,0,0,6,11,19,10
196006,SUNY College of Technology at Alfred,NY,New York,"Degree-granting, not primarily baccalaureate or above",2018,8570,1222,71613000,73523421,19,49,0,27,4,1,1,50,0,0,5,10,17,16
196006,SUNY College of Technology at Alfred,NY,New York,"Degree-granting, not primarily baccalaureate or above",2019,8852,1180,76075439,74881300,20,50,0,25,4,1,0,54,0,0,5,10,18,12
196006,SUNY College of Technology at Alfred,NY,New York,"Degree-granting, not primarily baccalaureate or above",2020,8726,1011,75911111,74326321,20,47,0,27,4,1,1,54,0,1,4,10,18,12
196006,SUNY College of Technology at Alfred,NY,New York,"Degree-granting, not primarily baccalaureate or above",2021,8857,1040,79130909,75668418,17,46,0,32,4,0,1,54,0,0,4,13,17,12
196006,SUNY College of Technology at Alfred,NY,New York,"Degree-granting, not primarily baccalaureate or above",2022,8862,1036,82980761,81457162,15,45,0,35,4,0,1,51,0,0,4,11,19,15
196015,SUNY College of Technology at Canton,NY,New York,"Degree-granting, primarily baccalaureate or above",2015,7855,649,56303142,60214312,21,46,0,30,1,0,1,47,0,1,4,23,15,10
196015,SUNY College of Technology at Canton,NY,New York,"Degree-granting, primarily baccalaureate or above",2016,7881,699,57057511,61326131,22,47,0,28,1,0,1,47,0,1,4,23,16,9
196015,SUNY College of Technology at Canton,NY,New York,"Degree-granting, primarily baccalaureate or above",2017,8130,692,59575557,64302510,22,47,0,27,2,0,2,49,0,1,4,22,17,9
196015,SUNY College of Technology at Canton,NY,New York,"Degree-granting, primarily baccalaureate or above",2018,8389,727,63159807,64718953,21,49,0,27,2,1,1,47,0,1,3,20,15,14
196015,SUNY College of Technology at Canton,NY,New York,"Degree-granting, primarily baccalaureate or above",2019,8650,707,67417827,65341774,21,49,0,26,1,1,2,49,0,1,3,20,16,10
196015,SUNY College of Technology at Canton,NY,New York,"Degree-granting, primarily baccalaureate or above",2020,8689,538,65335814,65430966,22,48,0,26,1,1,1,49,0,2,3,21,16,10
196015,SUNY College of Technology at Canton,NY,New York,"Degree-granting, primarily baccalaureate or above",2021,8689,450,68530305,63220915,19,48,0,32,1,0,0,46,0,2,4,21,16,10
196015,SUNY College of Technology at Canton,NY,New York,"Degree-granting, primarily baccalaureate or above",2022,8689,477,70692383,68948128,18,47,0,32,2,0,0,45,0,1,3,22,16,13
196024,SUNY College of Technology at Delhi,NY,New York,"Degree-granting, primarily baccalaureate or above",2015,7855,828,52423750,57178277,24,47,0,26,2,0,1,52,0,1,6,11,18,12
196024,SUNY College of Technology at Delhi,NY,New York,"Degree-granting, primarily baccalaureate or above",2016,7875,810,52923511,59689537,24,48,0,25,2,0,1,53,0,1,6,10,19,10
196024,SUNY College of Technology at Delhi,NY,New York,"Degree-granting, primarily baccalaureate or above",2017,8120,962,55644488,57876420,23,48,0,24,2,0,3,55,0,1,6,9,20,8
196024,SUNY College of Technology at Delhi,NY,New York,"Degree-granting, primarily baccalaureate or above",2018,8360,788,59586534,61125432,21,51,0,25,1,1,1,50,0,1,7,9,19,15
196024,SUNY College of Technology at Delhi,NY,New York,"Degree-granting, primarily baccalaureate or above",2019,8610,783,61267261,61372153,20,53,0,23,2,1,1,52,0,1,7,9,19,11
196024,SUNY College of Technology at Delhi,NY,New York,"Degree-granting, primarily baccalaureate or above",2020,8640,584,59702259,60345767,20,51,0,26,2,1,0,51,0,1,7,10,18,12
196024,SUNY College of Technology at Delhi,NY,New York,"Degree-granting, primarily baccalaureate or above",2021,8640,543,61849974,59021553,19,51,0,28,1,0,1,51,0,1,7,9,19,12
196024,SUNY College of Technology at Delhi,NY,New York,"Degree-granting, primarily baccalaureate or above",2022,8720,682,64311511,61481980,15,51,0,30,3,0,1,49,0,1,7,9,19,15
196149,SUNY Cortland,NY,New York,"Degree-granting, primarily baccalaureate or above",2015,8050,1214,125358975,139257040,31,49,0,16,4,0,0,51,0,2,15,8,16,7
196149,SUNY Cortland,NY,New York,"Degree-granting, primarily baccalaureate or above",2016,8106,1238,129228413,142940463,31,49,0,15,4,0,0,51,0,1,15,9,16,7
196149,SUNY Cortland,NY,New York,"Degree-granting, primarily baccalaureate or above",2017,8300,1288,133250785,139680574,30,49,0,15,4,0,1,48,0,1,17,8,18,7
196149,SUNY Cortland,NY,New York,"Degree-granting, primarily baccalaureate or above",2018,8536,1220,144113277,143410510,27,50,0,16,4,0,3,44,0,1,15,8,17,14
196149,SUNY Cortland,NY,New York,"Degree-granting, primarily baccalaureate or above",2019,8806,1208,152134806,144126584,26,51,0,16,7,1,0,47,0,1,16,8,18,9
196149,SUNY Cortland,NY,New York,"Degree-granting, primarily baccalaureate or above",2020,8677,1286,144641903,144982037,26,49,0,20,2,1,1,47,0,1,17,9,18,9
196149,SUNY Cortland,NY,New York,"Degree-granting, primarily baccalaureate or above",2021,8815,1221,148500238,140716347,25,49,0,22,3,0,1,47,0,1,16,8,17,10
196149,SUNY Cortland,NY,New York,"Degree-granting, primarily baccalaureate or above",2022,8815,1341,168849859,143630888,21,46,0,24,3,0,6,47,0,1,16,8,17,11
196291,SUNY Maritime College,NY,New York,"Degree-granting, primarily baccalaureate or above",2015,7809,334,56941267,62502042,28,48,0,8,7,0,7,43,0,3,15,16,16,7
196291,SUNY Maritime College,NY,New York,"Degree-granting, primarily baccalaureate or above",2016,7834,309,55093442,61785181,30,52,0,8,9,0,1,42,1,3,14,16,18,7
196291,SUNY Maritime College,NY,New York,"Degree-granting, primarily baccalaureate or above",2017,8074,342,57831287,62502605,27,53,0,8,8,0,4,42,1,1,17,16,19,5
196291,SUNY Maritime College,NY,New York,"Degree-granting, primarily baccalaureate or above",2018,8283,351,60853913,62113852,26,54,0,8,10,1,2,40,0,1,14,17,17,10
196291,SUNY Maritime College,NY,New York,"Degree-granting, primarily baccalaureate or above",2019,8508,345,58999762,72001481,29,57,0,9,4,1,0,33,0,1,15,13,17,22
196291,SUNY Maritime College,NY,New York,"Degree-granting, primarily baccalaureate or above",2020,8522,343,56087808,55848170,27,55,0,11,6,1,1,36,0,1,26,13,17,5
196291,SUNY Maritime College,NY,New York,"Degree-granting, primarily baccalaureate or above",2021,8522,275,55314696,58511724,24,58,0,12,5,0,0,48,0,1,14,13,16,8
196291,SUNY Maritime College,NY,New York,"Degree-granting, primarily baccalaureate or above",2022,8540,284,65709306,63618434,27,52,0,13,6,0,2,45,0,1,17,11,16,9
196051,SUNY Morrisville,NY,New York,"Degree-granting, not primarily baccalaureate or above",2015,7970,821,59600594,69166436,18,51,0,24,6,0,1,48,0,1,17,7,15,12
196051,SUNY Morrisville,NY,New York,"Degree-granting, not primarily baccalaureate or above",2016,8023,912,59675570,69305939,19,52,0,23,6,0,0,49,0,1,17,7,14,11
196051,SUNY Morrisville,NY,New York,"Degree-granting, not primarily baccalaureate or above",2017,8249,887,64229238,71576039,19,53,0,21,7,0,1,46,0,2,17,8,15,12
196051,SUNY Morrisville,NY,New York,"Degree-granting, not primarily baccalaureate or above",2018,8670,825,69673171,73523961,19,53,0,22,5,0,1,42,0,3,16,7,15,17
196051,SUNY Morrisville,NY,New York,"Degree-granting, not primarily baccalaureate or above",2019,8870,806,72502174,71249183,17,56,0,21,6,0,1,47,0,3,16,8,16,11
196051,SUNY Morrisville,NY,New York,"Degree-granting, not primarily baccalaureate or above",2020,8740,675,68507468,70088191,17,55,0,24,4,0,0,46,1,2,15,9,15,12
196051,SUNY Morrisville,NY,New York,"Degree-granting, not primarily baccalaureate or above",2021,8741,543,67310887,65242603,14,56,0,27,3,0,0,46,0,2,14,9,17,12
196051,SUNY Morrisville,NY,New York,"Degree-granting, not primarily baccalaureate or above",2022,8741,520,71426689,71002991,12,55,0,29,3,0,1,43,0,2,14,8,16,17
196185,SUNY Oneonta,NY,New York,"Degree-granting, primarily baccalaureate or above",2015,7870,1130,110205847,125070128,29,48,0,18,3,0,1,49,0,5,13,9,17,7
196185,SUNY Oneonta,NY,New York,"Degree-granting, primarily baccalaureate or above",2016,7932,1122,121277210,128159111,27,46,0,17,3,0,6,48,0,5,12,10,18,6
196185,SUNY Oneonta,NY,New York,"Degree-granting, primarily baccalaureate or above",2017,8136,1381,119893394,130208811,26,48,0,18,3,0,4,49,0,4,13,10,17,7
196185,SUNY Oneonta,NY,New York,"Degree-granting, primarily baccalaureate or above",2018,8421,1324,127445119,126458335,25,49,0,20,4,1,2,45,0,4,11,9,15,15
196185,SUNY Oneonta,NY,New York,"Degree-granting, primarily baccalaureate or above",2019,8740,1460,135261250,126572908,25,51,0,20,3,1,0,48,1,4,12,9,16,11
196185,SUNY Oneonta,NY,New York,"Degree-granting, primarily baccalaureate or above",2020,8740,1479,132566755,120834847,23,49,0,24,3,1,1,50,0,4,12,9,16,8
196185,SUNY Oneonta,NY,New York,"Degree-granting, primarily baccalaureate or above",2021,8786,943,138548583,121146307,20,48,0,27,3,0,1,50,0,3,11,9,16,10
196185,SUNY Oneonta,NY,New York,"Degree-granting, primarily baccalaureate or above",2022,8775,1116,149640785,122980153,18,48,0,28,2,0,4,47,0,4,12,9,16,12
196112,SUNY Polytechnic Institute,NY,New York,"Degree-granting, primarily baccalaureate or above",2015,7759,347,333710129,342322658,4,9,0,21,53,-2,14,17,63,7,3,2,7,1
196112,SUNY Polytechnic Institute,NY,New York,"Degree-granting, primarily baccalaureate or above",2016,7777,314,248605497,354363850,6,15,0,29,44,0,7,12,71,3,2,1,7,4
196112,SUNY Polytechnic Institute,NY,New York,"Degree-granting, primarily baccalaureate or above",2017,7998,463,292133442,355467125,5,13,0,30,41,0,11,12,72,2,2,1,9,3
196112,SUNY Polytechnic Institute,NY,New York,"Degree-granting, primarily baccalaureate or above",2018,8238,424,336477524,340916613,4,12,0,30,35,0,18,11,63,2,2,2,11,9
196112,SUNY Polytechnic Institute,NY,New York,"Degree-granting, primarily baccalaureate or above",2019,8503,405,327285999,342400701,4,14,0,30,42,0,10,12,65,3,3,2,12,4
196112,SUNY Polytechnic Institute,NY,New York,"Degree-granting, primarily baccalaureate or above",2020,8427,352,728834800,354084262,2,5,0,66,20,0,7,9,73,1,2,2,11,1
196112,SUNY Polytechnic Institute,NY,New York,"Degree-granting, primarily baccalaureate or above",2021,8548,307,456757127,446961066,3,9,0,50,35,0,3,8,75,0,2,1,7,7
196112,SUNY Polytechnic Institute,NY,New York,"Degree-granting, primarily baccalaureate or above",2022,8578,382,419703744,378710719,3,9,0,35,43,0,10,9,79,0,2,2,6,2
197027,United States Merchant Marine Academy,NY,New York,"Degree-granting, primarily baccalaureate or above",2015,1167,255,95051599,64150000,1,0,0,0,2,0,96,37,0,0,6,23,20,15
197027,United States Merchant Marine Academy,NY,New York,"Degree-granting, primarily baccalaureate or above",2016,1167,279,84436681,66897665,1,0,0,0,1,0,98,32,0,0,8,21,38,1
197027,United States Merchant Marine Academy,NY,New York,"Degree-granting, primarily baccalaureate or above",2017,1020,279,85084229,69196746,1,0,0,0,1,0,98,35,0,0,3,15,26,21
197027,United States Merchant Marine Academy,NY,New York,"Degree-granting, primarily baccalaureate or above",2018,1080,280,126293435,69248544,0,0,0,0,4,0,96,31,0,0,10,24,35,1
197027,United States Merchant Marine Academy,NY,New York,"Degree-granting, primarily baccalaureate or above",2019,1050,280,125070966,64242759,0,0,0,0,1,0,98,19,0,0,7,21,28,25
197027,United States Merchant Marine Academy,NY,New York,"Degree-granting, primarily baccalaureate or above",2020,1095,280,115968064,69602311,0,0,0,0,1,0,99,19,0,0,9,26,32,14
197027,United States Merchant Marine Academy,NY,New York,"Degree-granting, primarily baccalaureate or above",2021,780,239,105343481,66799463,0,0,0,0,1,0,98,20,0,0,10,27,27,15
197027,United States Merchant Marine Academy,NY,New York,"Degree-granting, primarily baccalaureate or above",2022,1008,253,91556610,94764479,0,0,0,0,1,0,99,20,0,0,7,26,47,0
196088,University at Buffalo,NY,New York,"Degree-granting, primarily baccalaureate or above",2015,9381,3621,946229128,952400895,27,44,0,19,6,0,4,51,15,1,13,4,13,4
196088,University at Buffalo,NY,New York,"Degree-granting, primarily baccalaureate or above",2016,9574,4103,997591413,1013474504,28,43,0,19,5,0,5,50,15,1,13,4,14,3
196088,University at Buffalo,NY,New York,"Degree-granting, primarily baccalaureate or above",2017,9828,4179,1039908126,1034511924,28,42,0,18,4,0,7,50,12,1,14,4,15,3
196088,University at Buffalo,NY,New York,"Degree-granting, primarily baccalaureate or above",2018,10099,4263,1066803143,1038386177,27,43,0,20,5,0,5,46,15,1,13,4,14,6
196088,University at Buffalo,NY,New York,"Degree-granting, primarily baccalaureate or above",2019,10524,4289,1152676443,1038701551,25,44,0,19,6,1,5,47,15,1,15,4,13,4
196088,University at Buffalo,NY,New York,"Degree-granting, primarily baccalaureate or above",2020,10526,4415,1128110083,1036080721,25,40,0,22,6,1,6,47,15,1,14,5,12,6
196088,University at Buffalo,NY,New York,"Degree-granting, primarily baccalaureate or above",2021,10782,4309,1204111774,1018287384,23,39,0,25,7,0,6,45,15,2,15,5,11,7
196088,University at Buffalo,NY,New York,"Degree-granting, primarily baccalaureate or above",2022,10782,4215,1236036747,1111561452,25,39,0,25,6,0,5,43,15,1,14,5,12,9
417910,Veeb Nassau County School of Practical Nursing,NY,New York,"Nondegree-granting, sub-baccalaureate",2016,14310,34,9452420,7980524,32,0,0,67,0,0,1,77,0,0,2,3,18,0
417910,Veeb Nassau County School of Practical Nursing,NY,New York,"Nondegree-granting, sub-baccalaureate",2017,16725,35,9453619,8778745,35,0,0,64,0,0,1,79,0,0,2,3,17,0
417910,Veeb Nassau County School of Practical Nursing,NY,New York,"Nondegree-granting, sub-baccalaureate",2018,16725,35,10077421,8638878,36,0,0,63,0,0,1,79,0,0,2,3,17,0
417910,Veeb Nassau County School of Practical Nursing,NY,New York,"Nondegree-granting, sub-baccalaureate",2019,18755,31,10379188,8901700,39,0,0,60,0,0,1,79,0,0,2,3,17,0
201441,Bowling Green State University-Main Campus,OH,Ohio,"Degree-granting, primarily baccalaureate or above",2015,10796,3392,264133130,254032870,53,24,0,13,3,0,7,53,3,2,12,7,14,9
201441,Bowling Green State University-Main Campus,OH,Ohio,"Degree-granting, primarily baccalaureate or above",2016,11057,3545,293185245,259383985,50,23,0,13,2,1,11,55,3,1,13,7,13,8
201441,Bowling Green State University-Main Campus,OH,Ohio,"Degree-granting, primarily baccalaureate or above",2017,11057,3344,310489564,285493559,48,23,0,11,2,4,11,54,3,2,12,7,14,9
201441,Bowling Green State University-Main Campus,OH,Ohio,"Degree-granting, primarily baccalaureate or above",2018,11105,3273,294870081,256442113,50,25,0,12,2,4,7,50,4,2,11,6,12,16
201441,Bowling Green State University-Main Campus,OH,Ohio,"Degree-granting, primarily baccalaureate or above",2019,11316,3390,297727084,292615215,50,25,0,12,2,4,7,50,3,2,11,6,13,15
201441,Bowling Green State University-Main Campus,OH,Ohio,"Degree-granting, primarily baccalaureate or above",2020,11573,3081,311288922,310157072,49,24,0,15,2,3,7,48,3,2,10,6,13,18
201441,Bowling Green State University-Main Campus,OH,Ohio,"Degree-granting, primarily baccalaureate or above",2021,13061,2760,374627702,264128177,42,21,0,20,1,10,6,55,4,8,10,6,14,2
201441,Bowling Green State University-Main Campus,OH,Ohio,"Degree-granting, primarily baccalaureate or above",2022,13639,2937,314552296,287521646,51,26,0,23,2,-8,6,57,5,2,11,9,15,1
201690,Central State University,OH,Ohio,"Degree-granting, primarily baccalaureate or above",2015,6246,519,60022918,36790068,10,30,0,23,1,0,36,33,3,7,20,11,20,7
201690,Central State University,OH,Ohio,"Degree-granting, primarily baccalaureate or above",2016,6246,634,47398821,36778303,14,37,0,30,1,0,18,32,4,8,19,13,19,6
201690,Central State University,OH,Ohio,"Degree-granting, primarily baccalaureate or above",2017,6246,664,49707339,39937718,10,33,0,35,1,0,21,30,5,11,18,15,14,7
201690,Central State University,OH,Ohio,"Degree-granting, primarily baccalaureate or above",2018,6346,792,56299707,45427795,11,28,0,36,1,0,24,29,8,13,17,14,16,4
201690,Central State University,OH,Ohio,"Degree-granting, primarily baccalaureate or above",2019,6726,625,56626283,48711615,12,27,0,37,1,0,22,27,8,12,15,12,13,12
201690,Central State University,OH,Ohio,"Degree-granting, primarily baccalaureate or above",2020,6996,473,60900761,55475034,12,24,0,49,1,0,14,23,9,12,14,11,19,13
201690,Central State University,OH,Ohio,"Degree-granting, primarily baccalaureate or above",2021,7262,804,89588913,56550234,14,16,0,51,0,0,18,22,10,14,10,8,15,21
201690,Central State University,OH,Ohio,"Degree-granting, primarily baccalaureate or above",2022,7596,614,96506425,81094212,14,16,0,32,0,0,39,18,9,12,10,7,19,24
202134,Cleveland State University,OH,Ohio,"Degree-granting, primarily baccalaureate or above",2015,9720,1847,288852679,259378705,54,25,0,13,6,0,3,48,4,3,13,9,14,9
202134,Cleveland State University,OH,Ohio,"Degree-granting, primarily baccalaureate or above",2016,9918,1890,291590821,280526172,52,26,0,13,5,-1,5,47,4,3,13,9,15,9
202134,Cleveland State University,OH,Ohio,"Degree-granting, primarily baccalaureate or above",2017,10120,1960,312923870,297098818,49,24,0,12,5,5,5,48,4,3,13,9,14,9
202134,Cleveland State University,OH,Ohio,"Degree-granting, primarily baccalaureate or above",2018,10457,1960,318880876,232672407,46,24,0,13,5,3,9,47,4,3,12,8,14,12
202134,Cleveland State University,OH,Ohio,"Degree-granting, primarily baccalaureate or above",2019,10824,1968,310504529,280988403,46,25,0,13,5,2,9,48,4,3,13,8,14,9
202134,Cleveland State University,OH,Ohio,"Degree-granting, primarily baccalaureate or above",2020,11016,1799,297061549,284645288,48,26,0,16,5,-1,6,48,4,2,12,8,15,11
202134,Cleveland State University,OH,Ohio,"Degree-granting, primarily baccalaureate or above",2021,11680,1869,344823468,240752834,43,23,0,23,3,1,7,57,6,5,13,10,18,-8
202134,Cleveland State University,OH,Ohio,"Degree-granting, primarily baccalaureate or above",2022,12254,1654,328287491,286044890,49,24,0,23,5,-5,4,54,5,2,11,9,18,1
203517,Kent State University at Kent,OH,Ohio,"Degree-granting, primarily baccalaureate or above",2015,10012,4334,490018664,440151909,56,21,0,15,3,1,4,48,4,3,15,7,14,9
203517,Kent State University at Kent,OH,Ohio,"Degree-granting, primarily baccalaureate or above",2016,10012,4357,483699668,465739020,57,23,0,15,3,-2,5,48,4,3,14,7,15,8
203517,Kent State University at Kent,OH,Ohio,"Degree-granting, primarily baccalaureate or above",2017,10012,4292,556579889,506194910,50,21,0,10,3,6,10,50,4,3,14,7,16,6
203517,Kent State University at Kent,OH,Ohio,"Degree-granting, primarily baccalaureate or above",2018,10312,4396,511403900,374647897,52,23,0,12,3,5,6,48,4,3,14,7,15,9
203517,Kent State University at Kent,OH,Ohio,"Degree-granting, primarily baccalaureate or above",2019,11131,4307,500028319,506368892,52,24,0,12,3,5,4,46,4,3,13,7,14,13
203517,Kent State University at Kent,OH,Ohio,"Degree-granting, primarily baccalaureate or above",2020,11009,3870,507023952,515747353,51,23,0,15,1,3,7,45,5,3,13,7,14,13
203517,Kent State University at Kent,OH,Ohio,"Degree-granting, primarily baccalaureate or above",2021,11934,4050,590395568,360086449,42,20,0,10,2,14,12,58,6,3,15,9,23,-15
203517,Kent State University at Kent,OH,Ohio,"Degree-granting, primarily baccalaureate or above",2022,12464,4281,497255763,396984958,48,24,0,13,2,-3,16,57,6,3,16,10,16,-8
204024,Miami University-Oxford,OH,Ohio,"Degree-granting, primarily baccalaureate or above",2015,14287,3811,474262273,370259271,66,12,0,5,6,2,9,54,4,1,18,6,11,6
204024,Miami University-Oxford,OH,Ohio,"Degree-granting, primarily baccalaureate or above",2016,14736,3799,448906187,393381087,73,14,0,5,5,-3,6,52,4,1,18,7,12,6
204024,Miami University-Oxford,OH,Ohio,"Degree-granting, primarily baccalaureate or above",2017,14958,3822,516929629,433999290,67,13,0,4,4,8,4,52,3,1,16,7,13,7
204024,Miami University-Oxford,OH,Ohio,"Degree-granting, primarily baccalaureate or above",2018,15380,3936,541415018,360785423,66,12,0,5,5,5,7,60,4,1,20,8,17,-11
204024,Miami University-Oxford,OH,Ohio,"Degree-granting, primarily baccalaureate or above",2019,15911,4309,540005138,467880973,66,12,0,5,5,5,8,48,3,1,16,6,15,11
204024,Miami University-Oxford,OH,Ohio,"Degree-granting, primarily baccalaureate or above",2020,16223,3824,516806111,501935014,67,12,0,7,6,2,5,44,3,0,15,6,13,18
204024,Miami University-Oxford,OH,Ohio,"Degree-granting, primarily baccalaureate or above",2021,16704,4519,760694611,454480719,40,9,0,10,7,24,11,51,3,2,14,5,15,10
204024,Miami University-Oxford,OH,Ohio,"Degree-granting, primarily baccalaureate or above",2022,17264,4035,442918589,430650062,69,15,0,14,8,-14,9,52,5,2,17,9,19,-3
204796,Ohio State University-Main Campus,OH,Ohio,"Degree-granting, primarily baccalaureate or above",2015,10037,7032,2456076092,2324441728,33,17,0,20,17,7,6,43,22,6,9,4,11,5
204796,Ohio State University-Main Campus,OH,Ohio,"Degree-granting, primarily baccalaureate or above",2016,10037,7938,2310503039,2472406566,37,19,0,20,18,0,6,43,21,8,9,4,10,5
204796,Ohio State University-Main Campus,OH,Ohio,"Degree-granting, primarily baccalaureate or above",2017,10592,7209,3118417090,2639941792,28,14,0,16,15,19,7,41,22,8,9,4,11,6
204796,Ohio State University-Main Campus,OH,Ohio,"Degree-granting, primarily baccalaureate or above",2018,10726,7944,2966721440,2305188104,30,15,0,17,16,15,7,48,24,9,10,4,10,-5
204796,Ohio State University-Main Campus,OH,Ohio,"Degree-granting, primarily baccalaureate or above",2019,11084,7716,2806025294,3110273114,33,16,0,19,16,8,7,36,18,7,8,3,9,20
204796,Ohio State University-Main Campus,OH,Ohio,"Degree-granting, primarily baccalaureate or above",2020,11518,8679,3817180551,3193820582,24,11,0,19,12,6,27,35,18,7,7,3,13,17
204796,Ohio State University-Main Campus,OH,Ohio,"Degree-granting, primarily baccalaureate or above",2021,11936,8423,5426324002,1624674517,15,8,0,14,8,34,20,69,35,12,17,5,25,-63
204796,Ohio State University-Main Campus,OH,Ohio,"Degree-granting, primarily baccalaureate or above",2022,12485,8060,3641018845,2291759775,27,13,0,23,15,-8,31,54,28,8,13,5,17,-24
204857,Ohio University-Main Campus,OH,Ohio,"Degree-granting, primarily baccalaureate or above",2015,11548,4423,598854355,566298901,50,24,0,10,3,0,13,46,10,6,15,10,13,1
204857,Ohio University-Main Campus,OH,Ohio,"Degree-granting, primarily baccalaureate or above",2016,11744,4314,596144140,593265929,52,24,0,10,3,-1,12,47,8,6,15,11,12,2
204857,Ohio University-Main Campus,OH,Ohio,"Degree-granting, primarily baccalaureate or above",2017,11896,4049,659682728,647304462,48,21,0,9,2,7,13,48,8,5,15,10,11,2
204857,Ohio University-Main Campus,OH,Ohio,"Degree-granting, primarily baccalaureate or above",2018,12192,3980,626674178,481020113,51,23,0,10,2,5,10,57,11,6,18,10,13,-16
204857,Ohio University-Main Campus,OH,Ohio,"Degree-granting, primarily baccalaureate or above",2019,12612,3671,627955038,582646698,50,24,0,11,2,5,9,47,9,6,16,9,10,3
204857,Ohio University-Main Campus,OH,Ohio,"Degree-granting, primarily baccalaureate or above",2020,12612,3126,616063464,628797123,49,25,0,12,3,3,8,46,7,5,14,9,10,9
204857,Ohio University-Main Campus,OH,Ohio,"Degree-granting, primarily baccalaureate or above",2021,12840,3664,759320451,492286843,37,22,0,17,1,18,5,53,9,14,14,10,12,-12
204857,Ohio University-Main Campus,OH,Ohio,"Degree-granting, primarily baccalaureate or above",2022,13352,4441,553999808,521111628,49,30,0,21,2,-12,10,48,9,10,15,13,12,-8
205443,Shawnee State University,OH,Ohio,"Degree-granting, primarily baccalaureate or above",2016,7365,864,56506427,52418514,40,29,0,27,1,0,4,43,0,5,8,9,22,13
205443,Shawnee State University,OH,Ohio,"Degree-granting, primarily baccalaureate or above",2017,7439,717,60248289,55488663,37,26,0,24,1,3,9,44,0,5,7,10,22,11
200800,University of Akron Main Campus,OH,Ohio,"Degree-granting, primarily baccalaureate or above",2015,10509,3919,397673730,375235136,51,24,0,14,7,0,4,50,10,2,11,4,16,6
200800,University of Akron Main Campus,OH,Ohio,"Degree-granting, primarily baccalaureate or above",2016,10977,3090,405329214,371760937,48,26,0,15,7,0,5,50,10,2,11,4,16,6
200800,University of Akron Main Campus,OH,Ohio,"Degree-granting, primarily baccalaureate or above",2017,10270,3440,398129801,362681551,46,27,0,11,7,3,6,54,9,2,11,5,12,7
200800,University of Akron Main Campus,OH,Ohio,"Degree-granting, primarily baccalaureate or above",2018,11463,2815,374517859,232369314,45,27,0,12,8,2,6,77,12,3,17,7,18,-34
200800,University of Akron Main Campus,OH,Ohio,"Degree-granting, primarily baccalaureate or above",2019,11636,2739,341555141,292560613,42,28,0,12,10,3,5,58,9,2,13,6,15,-4
200800,University of Akron Main Campus,OH,Ohio,"Degree-granting, primarily baccalaureate or above",2020,11881,2767,325881643,310058397,41,28,0,14,8,2,7,51,7,2,11,5,16,8
200800,University of Akron Main Campus,OH,Ohio,"Degree-granting, primarily baccalaureate or above",2021,11880,2163,350437386,219664925,33,26,0,19,7,10,6,58,8,7,16,7,23,-19
200800,University of Akron Main Campus,OH,Ohio,"Degree-granting, primarily baccalaureate or above",2022,12427,2108,285916505,235149070,37,32,0,25,8,-9,7,50,7,5,14,6,22,-5
200846,University of Akron Wayne College,OH,Ohio,"Nondegree-granting, sub-baccalaureate",2020,6116,240,17151665,16318863,41,28,0,14,8,2,7,51,7,2,11,5,16,8
200846,University of Akron Wayne College,OH,Ohio,"Nondegree-granting, sub-baccalaureate",2021,6505,178,18444073,11561312,33,26,0,19,7,10,6,58,8,7,16,7,23,-19
200846,University of Akron Wayne College,OH,Ohio,"Nondegree-granting, sub-baccalaureate",2022,7291,144,15048237,12376267,37,32,0,25,8,-9,7,50,7,5,14,6,22,-5
201885,University of Cincinnati-Main Campus,OH,Ohio,"Degree-granting, primarily baccalaureate or above",2015,11000,4435,995985755,912952174,42,18,0,15,9,4,12,37,20,8,13,7,12,3
201885,University of Cincinnati-Main Campus,OH,Ohio,"Degree-granting, primarily baccalaureate or above",2016,11000,5011,994875832,966031232,43,19,0,15,5,2,15,38,19,8,13,6,12,3
201885,University of Cincinnati-Main Campus,OH,Ohio,"Degree-granting, primarily baccalaureate or above",2017,11000,5400,1098381774,1075826980,39,19,0,14,4,9,16,36,19,8,13,7,14,3
201885,University of Cincinnati-Main Campus,OH,Ohio,"Degree-granting, primarily baccalaureate or above",2018,11000,5329,1124203143,933365561,39,18,0,14,8,7,13,41,21,10,15,8,14,-9
201885,University of Cincinnati-Main Campus,OH,Ohio,"Degree-granting, primarily baccalaureate or above",2019,11660,5480,1146505836,1110507634,39,18,0,15,7,8,14,37,18,9,13,6,11,6
201885,University of Cincinnati-Main Campus,OH,Ohio,"Degree-granting, primarily baccalaureate or above",2020,12138,5242,1151794806,1173312698,40,17,0,17,7,4,15,34,17,8,13,5,13,10
201885,University of Cincinnati-Main Campus,OH,Ohio,"Degree-granting, primarily baccalaureate or above",2021,12598,5400,1410238948,980666737,32,15,0,18,6,16,13,41,22,9,13,6,17,-8
201885,University of Cincinnati-Main Campus,OH,Ohio,"Degree-granting, primarily baccalaureate or above",2022,13176,6369,1333145559,1123348090,36,16,0,21,9,2,16,38,22,10,13,8,13,-4
206084,University of Toledo,OH,Ohio,"Degree-granting, primarily baccalaureate or above",2015,9244,3341,459082943,449667467,45,23,0,15,5,1,11,52,10,2,13,5,11,6
206084,University of Toledo,OH,Ohio,"Degree-granting, primarily baccalaureate or above",2016,9244,3392,476733353,469618460,41,23,0,14,5,-3,20,53,9,2,12,5,14,5
206084,University of Toledo,OH,Ohio,"Degree-granting, primarily baccalaureate or above",2017,9244,3228,493690007,525479529,41,23,0,13,4,5,14,47,8,2,12,5,13,14
206084,University of Toledo,OH,Ohio,"Degree-granting, primarily baccalaureate or above",2018,10293,3270,488105739,403083955,40,22,0,13,5,3,16,58,10,2,13,6,13,-1
206084,University of Toledo,OH,Ohio,"Degree-granting, primarily baccalaureate or above",2019,10140,3037,480078719,523120849,41,22,0,16,4,1,17,45,8,2,10,5,11,19
206084,University of Toledo,OH,Ohio,"Degree-granting, primarily baccalaureate or above",2020,11082,2363,508107438,509715178,38,20,0,18,3,-1,21,49,9,2,13,5,9,13
206084,University of Toledo,OH,Ohio,"Degree-granting, primarily baccalaureate or above",2021,11490,2332,624928029,303817974,30,18,0,25,3,9,16,78,16,3,23,9,12,-41
206084,University of Toledo,OH,Ohio,"Degree-granting, primarily baccalaureate or above",2022,12020,2135,535977207,374693968,32,21,0,20,4,-6,30,66,14,3,17,7,13,-20
206613,Wright State University-Lake Campus,OH,Ohio,"Degree-granting, primarily baccalaureate or above",2015,5842,271,9199753,10467181,50,30,0,14,3,0,2,44,0,0,7,10,23,16
206613,Wright State University-Lake Campus,OH,Ohio,"Degree-granting, primarily baccalaureate or above",2016,5842,300,9398790,10876341,53,30,0,12,3,0,2,44,0,0,7,10,22,17
206613,Wright State University-Lake Campus,OH,Ohio,"Degree-granting, primarily baccalaureate or above",2017,5842,242,9903074,11036987,55,29,0,12,2,0,2,46,0,0,7,11,20,16
206613,Wright State University-Lake Campus,OH,Ohio,"Degree-granting, primarily baccalaureate or above",2018,6194,219,10320464,10147635,55,27,0,14,3,0,2,46,1,0,5,8,21,20
206613,Wright State University-Lake Campus,OH,Ohio,"Degree-granting, primarily baccalaureate or above",2019,6410,279,10740738,10520764,57,25,0,13,2,0,2,48,0,0,4,8,20,19
206613,Wright State University-Lake Campus,OH,Ohio,"Degree-granting, primarily baccalaureate or above",2020,6716,281,11918601,10612130,58,22,0,17,2,0,1,50,0,0,5,8,17,19
206613,Wright State University-Lake Campus,OH,Ohio,"Degree-granting, primarily baccalaureate or above",2021,6968,266,14581401,9417076,48,18,0,31,3,0,1,50,2,0,3,8,18,20
206613,Wright State University-Lake Campus,OH,Ohio,"Degree-granting, primarily baccalaureate or above",2022,7286,271,15131709,9445342,40,23,0,34,2,0,1,51,1,0,2,7,19,19
206604,Wright State University-Main Campus,OH,Ohio,"Degree-granting, primarily baccalaureate or above",2015,8730,2396,345752253,356003300,42,24,0,17,11,1,4,39,9,5,12,6,10,19
206604,Wright State University-Main Campus,OH,Ohio,"Degree-granting, primarily baccalaureate or above",2016,8730,2288,354337462,378848808,41,24,0,17,12,0,6,37,10,6,12,6,11,19
206604,Wright State University-Main Campus,OH,Ohio,"Degree-granting, primarily baccalaureate or above",2017,8730,2281,344389200,378251571,39,26,0,19,11,1,4,40,10,5,12,6,10,17
206604,Wright State University-Main Campus,OH,Ohio,"Degree-granting, primarily baccalaureate or above",2018,9254,1920,330031197,232660268,38,27,0,19,12,1,4,55,15,6,15,7,12,-10
206604,Wright State University-Main Campus,OH,Ohio,"Degree-granting, primarily baccalaureate or above",2019,9578,1374,320164054,273245151,36,27,0,18,12,1,5,35,13,5,11,6,10,20
206604,Wright State University-Main Campus,OH,Ohio,"Degree-granting, primarily baccalaureate or above",2020,10012,1181,303646907,277158363,34,28,0,19,12,1,6,41,11,4,10,5,10,19
206604,Wright State University-Main Campus,OH,Ohio,"Degree-granting, primarily baccalaureate or above",2021,10390,1132,303366974,225999733,31,28,0,24,9,3,4,49,8,4,9,4,10,15
206604,Wright State University-Main Campus,OH,Ohio,"Degree-granting, primarily baccalaureate or above",2022,10864,1281,276913686,207428289,33,30,0,23,9,-1,5,40,8,5,12,7,10,19
206695,Youngstown State University,OH,Ohio,"Degree-granting, primarily baccalaureate or above",2015,8317,2042,178096864,167483816,47,22,0,18,6,1,6,49,2,3,10,7,17,12
206695,Youngstown State University,OH,Ohio,"Degree-granting, primarily baccalaureate or above",2016,8317,2091,180341648,165196688,46,23,0,17,6,0,8,48,1,4,11,8,17,12
206695,Youngstown State University,OH,Ohio,"Degree-granting, primarily baccalaureate or above",2017,8451,2215,183457377,174854836,44,23,0,17,6,3,7,46,3,5,11,8,16,11
206695,Youngstown State University,OH,Ohio,"Degree-granting, primarily baccalaureate or above",2018,8967,2322,186240681,135477905,43,23,0,17,6,2,8,58,4,6,14,10,21,-13
206695,Youngstown State University,OH,Ohio,"Degree-granting, primarily baccalaureate or above",2019,9279,1939,186217912,173480835,43,23,0,17,7,3,8,46,3,4,11,8,16,12
206695,Youngstown State University,OH,Ohio,"Degree-granting, primarily baccalaureate or above",2020,9656,1820,187732506,181897823,43,22,0,17,7,1,10,44,3,4,12,8,13,17
206695,Youngstown State University,OH,Ohio,"Degree-granting, primarily baccalaureate or above",2021,10021,1627,230925114,142998853,36,19,0,12,7,6,20,54,2,4,13,10,18,-2
206695,Youngstown State University,OH,Ohio,"Degree-granting, primarily baccalaureate or above",2022,10478,1625,202268162,171180842,39,22,0,14,7,-4,21,48,2,5,11,9,19,6
207041,East Central University,OK,Oklahoma,"Degree-granting, primarily baccalaureate or above",2015,5874,759,60841864,54813798,31,29,0,33,0,0,7,53,0,11,4,3,7,21
207041,East Central University,OK,Oklahoma,"Degree-granting, primarily baccalaureate or above",2016,6279,597,58324191,52268054,32,27,0,30,1,0,9,54,0,11,4,3,7,20
207041,East Central University,OK,Oklahoma,"Degree-granting, primarily baccalaureate or above",2017,6600,470,58390340,58367590,34,25,0,31,1,0,9,45,0,9,4,3,5,33
207041,East Central University,OK,Oklahoma,"Degree-granting, primarily baccalaureate or above",2018,6810,494,56718597,52562432,34,24,0,33,0,0,8,48,0,10,5,6,6,24
207041,East Central University,OK,Oklahoma,"Degree-granting, primarily baccalaureate or above",2019,7052,491,55415688,51143249,35,25,0,34,0,1,6,48,0,12,5,6,7,22
207041,East Central University,OK,Oklahoma,"Degree-granting, primarily baccalaureate or above",2020,7052,521,58087416,55403513,35,24,0,34,0,1,6,47,0,10,4,6,6,26
207041,East Central University,OK,Oklahoma,"Degree-granting, primarily baccalaureate or above",2021,7195,438,62945898,50169922,31,21,0,41,0,0,6,50,0,10,4,6,6,23
207041,East Central University,OK,Oklahoma,"Degree-granting, primarily baccalaureate or above",2022,7405,501,59817101,41248482,29,23,0,42,0,0,6,47,0,0,5,8,9,31
207263,Northeastern State University,OK,Oklahoma,"Degree-granting, primarily baccalaureate or above",2015,5547,809,106170380,104394577,29,35,0,24,2,0,10,55,7,0,9,10,7,12
207263,Northeastern State University,OK,Oklahoma,"Degree-granting, primarily baccalaureate or above",2016,6207,851,100998659,101062528,32,32,0,24,1,0,10,55,7,0,8,10,7,12
207263,Northeastern State University,OK,Oklahoma,"Degree-granting, primarily baccalaureate or above",2017,6327,857,98977764,97413107,35,31,0,23,2,0,9,57,6,0,9,10,8,10
207263,Northeastern State University,OK,Oklahoma,"Degree-granting, primarily baccalaureate or above",2018,6650,860,102050204,97678575,36,28,0,23,3,0,10,56,5,0,9,11,8,11
207263,Northeastern State University,OK,Oklahoma,"Degree-granting, primarily baccalaureate or above",2019,6915,736,104530645,98676515,37,27,0,23,2,1,10,56,6,0,9,11,8,10
207263,Northeastern State University,OK,Oklahoma,"Degree-granting, primarily baccalaureate or above",2020,6915,685,107301234,100055061,36,27,0,26,3,1,7,56,5,0,8,11,7,12
207263,Northeastern State University,OK,Oklahoma,"Degree-granting, primarily baccalaureate or above",2021,7115,699,100729293,99026685,38,28,0,26,1,1,6,58,4,0,9,11,7,11
207263,Northeastern State University,OK,Oklahoma,"Degree-granting, primarily baccalaureate or above",2022,7400,708,120722068,111470834,31,24,0,36,3,0,6,55,4,0,9,10,6,16
207306,Northwestern Oklahoma State University,OK,Oklahoma,"Degree-granting, primarily baccalaureate or above",2015,6112,369,27514878,20651148,26,38,0,21,1,1,14,53,1,1,8,20,8,9
207306,Northwestern Oklahoma State University,OK,Oklahoma,"Degree-granting, primarily baccalaureate or above",2016,6690,415,27540353,30378338,26,32,0,20,1,1,19,37,0,0,5,14,5,38
207306,Northwestern Oklahoma State University,OK,Oklahoma,"Degree-granting, primarily baccalaureate or above",2017,7066,352,26088816,26687356,33,32,0,21,2,1,11,44,0,0,5,17,6,27
207306,Northwestern Oklahoma State University,OK,Oklahoma,"Degree-granting, primarily baccalaureate or above",2018,7471,373,25058309,28686131,33,31,0,24,2,1,8,43,0,0,4,15,6,32
207306,Northwestern Oklahoma State University,OK,Oklahoma,"Degree-granting, primarily baccalaureate or above",2019,8018,346,26933394,30121378,32,29,0,24,2,1,11,42,0,0,4,14,6,33
207306,Northwestern Oklahoma State University,OK,Oklahoma,"Degree-granting, primarily baccalaureate or above",2020,8280,326,27766154,26753842,27,28,0,35,2,1,7,46,0,0,4,15,6,28
207306,Northwestern Oklahoma State University,OK,Oklahoma,"Degree-granting, primarily baccalaureate or above",2021,8280,277,32554339,32331028,29,24,0,40,2,1,4,38,0,0,3,13,5,41
207306,Northwestern Oklahoma State University,OK,Oklahoma,"Degree-granting, primarily baccalaureate or above",2022,5970,337,38096126,37407993,22,22,0,49,1,1,4,34,0,0,3,12,5,46
207351,Oklahoma Panhandle State University,OK,Oklahoma,"Degree-granting, primarily baccalaureate or above",2015,7461,233,19909168,15673620,26,37,0,15,7,0,15,41,0,2,9,19,14,14
207388,Oklahoma State University-Main Campus,OK,Oklahoma,"Degree-granting, primarily baccalaureate or above",2015,7778,4177,687722737,615984482,33,32,0,17,7,0,11,33,21,12,12,4,4,13
207388,Oklahoma State University-Main Campus,OK,Oklahoma,"Degree-granting, primarily baccalaureate or above",2016,8321,4161,649944825,662710346,36,29,0,16,11,0,8,33,21,12,14,4,4,12
207388,Oklahoma State University-Main Campus,OK,Oklahoma,"Degree-granting, primarily baccalaureate or above",2017,8738,4220,682522510,603043930,34,26,0,17,10,0,12,34,22,12,13,4,5,9
207388,Oklahoma State University-Main Campus,OK,Oklahoma,"Degree-granting, primarily baccalaureate or above",2018,9019,4166,661316515,596302057,36,26,0,18,9,0,10,36,23,12,15,5,2,7
207388,Oklahoma State University-Main Campus,OK,Oklahoma,"Degree-granting, primarily baccalaureate or above",2019,9019,4200,696980195,600829028,37,25,0,17,10,1,11,36,24,12,14,5,3,6
207388,Oklahoma State University-Main Campus,OK,Oklahoma,"Degree-granting, primarily baccalaureate or above",2020,9019,4144,824332213,647635822,32,21,0,19,8,1,19,36,23,11,13,5,3,10
207388,Oklahoma State University-Main Campus,OK,Oklahoma,"Degree-granting, primarily baccalaureate or above",2021,9244,4267,767503148,680539401,35,22,0,21,8,0,15,34,22,11,14,4,3,12
207388,Oklahoma State University-Main Campus,OK,Oklahoma,"Degree-granting, primarily baccalaureate or above",2022,10234,4643,760249840,656345126,36,22,0,26,8,-1,9,36,22,11,13,4,3,11
207661,Rogers State University,OK,Oklahoma,"Degree-granting, primarily baccalaureate or above",2015,6009,739,41640733,37098007,30,34,0,27,2,1,6,44,0,5,9,14,11,17
207847,Southeastern Oklahoma State University,OK,Oklahoma,"Degree-granting, primarily baccalaureate or above",2015,5975,476,52581201,46685480,30,36,0,25,1,0,8,51,0,12,7,11,7,12
207847,Southeastern Oklahoma State University,OK,Oklahoma,"Degree-granting, primarily baccalaureate or above",2016,6450,519,51130847,45201854,33,32,0,25,0,0,10,39,0,10,5,9,6,30
207847,Southeastern Oklahoma State University,OK,Oklahoma,"Degree-granting, primarily baccalaureate or above",2017,6750,529,50506470,43583595,35,30,0,25,0,0,9,40,0,11,5,10,6,28
207847,Southeastern Oklahoma State University,OK,Oklahoma,"Degree-granting, primarily baccalaureate or above",2018,6750,588,54310518,48973001,41,27,0,23,0,0,9,39,0,10,4,9,6,31
207847,Southeastern Oklahoma State University,OK,Oklahoma,"Degree-granting, primarily baccalaureate or above",2019,6840,517,57489107,52791550,44,25,0,21,0,0,9,41,0,9,4,10,6,30
207847,Southeastern Oklahoma State University,OK,Oklahoma,"Degree-granting, primarily baccalaureate or above",2020,6950,510,63910343,56208798,50,23,0,21,0,0,6,47,0,9,4,11,7,23
207847,Southeastern Oklahoma State University,OK,Oklahoma,"Degree-granting, primarily baccalaureate or above",2021,7250,352,73479319,70279811,43,20,0,28,0,0,9,42,0,7,4,9,5,33
207847,Southeastern Oklahoma State University,OK,Oklahoma,"Degree-granting, primarily baccalaureate or above",2022,7020,408,77757880,70857379,40,19,0,31,0,0,10,38,0,9,3,10,5,34
207865,Southwestern Oklahoma State University,OK,Oklahoma,"Degree-granting, primarily baccalaureate or above",2015,6090,967,65383150,61443256,31,35,1,27,0,0,6,58,1,8,6,8,7,12
207865,Southwestern Oklahoma State University,OK,Oklahoma,"Degree-granting, primarily baccalaureate or above",2016,6690,990,62491952,56838917,38,32,1,23,0,0,6,61,1,3,6,10,9,9
207865,Southwestern Oklahoma State University,OK,Oklahoma,"Degree-granting, primarily baccalaureate or above",2017,7005,1019,64319757,57602693,41,30,1,22,0,0,5,62,1,2,6,11,9,10
207865,Southwestern Oklahoma State University,OK,Oklahoma,"Degree-granting, primarily baccalaureate or above",2018,7335,991,64799274,58538111,42,27,1,24,0,0,5,63,1,2,6,11,9,9
207865,Southwestern Oklahoma State University,OK,Oklahoma,"Degree-granting, primarily baccalaureate or above",2019,7695,869,64632856,59451362,41,27,1,24,0,0,6,62,1,1,6,11,9,10
207865,Southwestern Oklahoma State University,OK,Oklahoma,"Degree-granting, primarily baccalaureate or above",2020,7913,811,64771820,63127847,42,28,1,24,0,1,5,61,1,1,7,10,8,11
207865,Southwestern Oklahoma State University,OK,Oklahoma,"Degree-granting, primarily baccalaureate or above",2021,7913,690,70891109,67030005,38,25,1,28,0,0,8,57,1,2,7,9,7,18
207865,Southwestern Oklahoma State University,OK,Oklahoma,"Degree-granting, primarily baccalaureate or above",2022,8130,743,83265824,78175900,31,23,1,35,0,0,9,52,1,2,6,9,6,25
206941,University of Central Oklahoma,OK,Oklahoma,"Degree-granting, primarily baccalaureate or above",2015,6096,2474,200072303,175723095,45,32,0,15,3,0,4,56,3,2,8,13,8,10
206941,University of Central Oklahoma,OK,Oklahoma,"Degree-granting, primarily baccalaureate or above",2016,6699,2357,191057047,181034263,48,31,0,17,0,0,4,57,3,2,7,13,9,9
206941,University of Central Oklahoma,OK,Oklahoma,"Degree-granting, primarily baccalaureate or above",2017,7100,2243,198116534,179207944,48,28,0,16,0,0,7,58,3,2,7,13,8,8
206941,University of Central Oklahoma,OK,Oklahoma,"Degree-granting, primarily baccalaureate or above",2018,7489,2113,200959850,186808420,48,27,0,18,0,1,7,56,3,2,8,14,8,9
206941,University of Central Oklahoma,OK,Oklahoma,"Degree-granting, primarily baccalaureate or above",2019,7753,1963,196229640,193105191,49,28,0,18,0,1,4,56,3,2,8,14,9,8
206941,University of Central Oklahoma,OK,Oklahoma,"Degree-granting, primarily baccalaureate or above",2020,7817,1844,199608530,189535806,47,28,0,20,1,0,4,56,3,2,8,13,9,9
206941,University of Central Oklahoma,OK,Oklahoma,"Degree-granting, primarily baccalaureate or above",2021,8030,1662,226291876,210272270,39,23,0,34,0,0,4,50,2,2,7,12,8,19
206941,University of Central Oklahoma,OK,Oklahoma,"Degree-granting, primarily baccalaureate or above",2022,8234,1529,199215654,192059546,43,27,0,25,0,0,4,54,2,2,8,14,11,9
207500,University of Oklahoma-Norman Campus,OK,Oklahoma,"Degree-granting, primarily baccalaureate or above",2015,10090,4200,731654000,696995000,38,20,0,21,9,1,11,40,16,9,14,5,9,8
207500,University of Oklahoma-Norman Campus,OK,Oklahoma,"Degree-granting, primarily baccalaureate or above",2016,10881,4198,746973000,743073000,39,17,0,21,10,0,12,39,16,8,13,4,9,9
207500,University of Oklahoma-Norman Campus,OK,Oklahoma,"Degree-granting, primarily baccalaureate or above",2017,11538,4473,781108000,775270000,40,15,0,20,11,1,13,41,16,7,13,4,10,9
207500,University of Oklahoma-Norman Campus,OK,Oklahoma,"Degree-granting, primarily baccalaureate or above",2018,11538,4385,879848000,784681000,38,13,0,19,16,1,13,34,18,6,14,5,10,13
207500,University of Oklahoma-Norman Campus,OK,Oklahoma,"Degree-granting, primarily baccalaureate or above",2019,11763,4523,852618000,749086000,42,13,0,22,12,1,9,38,21,7,12,4,6,12
207500,University of Oklahoma-Norman Campus,OK,Oklahoma,"Degree-granting, primarily baccalaureate or above",2020,11688,4422,866605000,807738000,41,13,0,25,10,1,10,37,22,7,10,4,6,15
207500,University of Oklahoma-Norman Campus,OK,Oklahoma,"Degree-granting, primarily baccalaureate or above",2021,12012,4582,897854000,724433000,39,12,0,27,10,3,8,42,16,11,10,7,12,1
207500,University of Oklahoma-Norman Campus,OK,Oklahoma,"Degree-granting, primarily baccalaureate or above",2022,9312,4683,1020239000,856511000,37,12,0,30,6,-1,16,40,15,9,10,6,10,9
207722,University of Science and Arts of Oklahoma,OK,Oklahoma,"Degree-granting, primarily baccalaureate or above",2015,6570,223,15871911,13436972,17,49,0,19,3,2,11,50,2,0,9,10,23,6
207722,University of Science and Arts of Oklahoma,OK,Oklahoma,"Degree-granting, primarily baccalaureate or above",2016,7200,186,14344389,14022318,15,47,0,21,0,0,18,50,2,0,9,10,23,6
207722,University of Science and Arts of Oklahoma,OK,Oklahoma,"Degree-granting, primarily baccalaureate or above",2017,7200,203,15081411,14274005,20,39,0,23,0,0,18,38,1,0,7,8,18,28
207722,University of Science and Arts of Oklahoma,OK,Oklahoma,"Degree-granting, primarily baccalaureate or above",2018,7200,215,16309239,15236420,14,11,0,23,0,0,52,41,1,0,7,8,19,24
207722,University of Science and Arts of Oklahoma,OK,Oklahoma,"Degree-granting, primarily baccalaureate or above",2019,8040,184,16817575,16225704,23,37,0,27,0,0,14,39,1,0,7,8,18,26
207722,University of Science and Arts of Oklahoma,OK,Oklahoma,"Degree-granting, primarily baccalaureate or above",2020,8040,134,18580755,17003495,20,31,0,23,0,0,25,41,1,0,7,8,19,22
207722,University of Science and Arts of Oklahoma,OK,Oklahoma,"Degree-granting, primarily baccalaureate or above",2021,8040,247,18995472,17775408,24,29,0,27,0,0,19,39,1,0,7,8,18,27
207722,University of Science and Arts of Oklahoma,OK,Oklahoma,"Degree-granting, primarily baccalaureate or above",2022,9000,217,20369807,18871197,19,30,0,34,0,0,16,42,1,0,7,8,19,22
208646,Eastern Oregon University,OR,Oregon,"Degree-granting, primarily baccalaureate or above",2015,7757,325,48798970,43742380,32,34,0,24,0,0,9,36,1,5,21,7,17,13
208646,Eastern Oregon University,OR,Oregon,"Degree-granting, primarily baccalaureate or above",2016,8004,352,49586807,50714208,31,40,0,20,1,1,7,33,1,5,15,7,18,21
208646,Eastern Oregon University,OR,Oregon,"Degree-granting, primarily baccalaureate or above",2017,8362,327,50178526,48077690,31,41,0,20,2,1,5,33,1,6,16,6,19,18
208646,Eastern Oregon University,OR,Oregon,"Degree-granting, primarily baccalaureate or above",2018,8679,320,53996651,50804157,31,38,0,18,2,0,11,32,1,6,14,6,20,21
208646,Eastern Oregon University,OR,Oregon,"Degree-granting, primarily baccalaureate or above",2019,9084,330,56083287,51670567,31,37,0,20,2,2,8,32,1,6,15,7,20,19
208646,Eastern Oregon University,OR,Oregon,"Degree-granting, primarily baccalaureate or above",2020,9405,309,58424055,53894581,30,38,0,19,2,2,9,31,1,6,15,6,19,22
208646,Eastern Oregon University,OR,Oregon,"Degree-granting, primarily baccalaureate or above",2021,9696,267,71616944,60237719,28,32,0,22,1,1,16,28,0,9,18,5,17,23
208646,Eastern Oregon University,OR,Oregon,"Degree-granting, primarily baccalaureate or above",2022,10041,252,70936250,60673796,27,33,0,24,2,0,13,29,0,9,22,5,18,17
209506,Oregon Institute of Technology,OR,Oregon,"Degree-granting, primarily baccalaureate or above",2015,8838,347,59831892,53631125,37,34,0,15,2,1,11,54,1,0,12,9,14,10
209506,Oregon Institute of Technology,OR,Oregon,"Degree-granting, primarily baccalaureate or above",2016,9625,387,64208982,61784515,37,39,0,12,5,1,5,48,1,0,12,8,15,16
209506,Oregon Institute of Technology,OR,Oregon,"Degree-granting, primarily baccalaureate or above",2017,9982,334,70796885,65428849,35,38,0,13,5,0,9,47,3,0,11,8,14,17
209506,Oregon Institute of Technology,OR,Oregon,"Degree-granting, primarily baccalaureate or above",2018,10118,364,79035713,72006519,33,35,0,13,4,0,15,44,4,0,9,7,17,19
209506,Oregon Institute of Technology,OR,Oregon,"Degree-granting, primarily baccalaureate or above",2019,10485,416,95112107,80911928,29,31,0,11,5,2,23,43,6,0,13,8,17,13
209506,Oregon Institute of Technology,OR,Oregon,"Degree-granting, primarily baccalaureate or above",2020,11269,462,96813284,79598475,31,33,0,11,4,2,19,41,5,1,8,9,18,18
209506,Oregon Institute of Technology,OR,Oregon,"Degree-granting, primarily baccalaureate or above",2021,11622,443,105643679,83701811,28,32,0,14,4,1,22,37,5,0,9,8,18,23
209506,Oregon Institute of Technology,OR,Oregon,"Degree-granting, primarily baccalaureate or above",2022,12122,463,116538989,79874646,23,33,0,20,3,-1,22,37,6,0,10,9,21,18
209542,Oregon State University,OR,Oregon,"Degree-granting, primarily baccalaureate or above",2015,10107,3593,903695935,774576867,32,17,1,25,8,2,16,34,26,12,9,4,9,6
209542,Oregon State University,OR,Oregon,"Degree-granting, primarily baccalaureate or above",2016,10366,3814,932347785,936089385,32,18,1,25,8,1,14,33,23,11,9,4,9,11
209542,Oregon State University,OR,Oregon,"Degree-granting, primarily baccalaureate or above",2017,10797,3819,952744925,934923724,33,19,1,25,8,1,13,32,23,12,9,4,9,11
209542,Oregon State University,OR,Oregon,"Degree-granting, primarily baccalaureate or above",2018,11166,3674,1013429030,1018104036,33,20,1,25,8,1,12,30,21,13,8,4,10,14
209542,Oregon State University,OR,Oregon,"Degree-granting, primarily baccalaureate or above",2019,11709,3423,1086207835,1044366096,31,20,1,24,7,2,15,31,21,14,9,3,11,12
209542,Oregon State University,OR,Oregon,"Degree-granting, primarily baccalaureate or above",2020,11858,3574,1161555846,1106855577,30,20,1,26,7,2,14,30,19,15,8,3,11,14
209542,Oregon State University,OR,Oregon,"Degree-granting, primarily baccalaureate or above",2021,12188,3965,1195256562,1150392676,29,21,1,28,6,2,13,27,19,15,8,3,12,16
209542,Oregon State University,OR,Oregon,"Degree-granting, primarily baccalaureate or above",2022,12664,4513,1231971119,1142959235,28,21,1,28,7,0,15,29,20,15,8,3,14,11
440828,Oregon State University-Cascades Campus,OR,Oregon,"Degree-granting, primarily baccalaureate or above",2015,8790,53,9128242,7824009,32,17,1,25,8,2,16,34,26,12,9,4,9,6
440828,Oregon State University-Cascades Campus,OR,Oregon,"Degree-granting, primarily baccalaureate or above",2016,9123,55,9417654,9455448,32,18,1,25,8,1,14,33,23,11,9,4,9,11
440828,Oregon State University-Cascades Campus,OR,Oregon,"Degree-granting, primarily baccalaureate or above",2017,9774,81,9623686,9443674,33,19,1,25,8,1,13,32,23,12,9,4,9,11
440828,Oregon State University-Cascades Campus,OR,Oregon,"Degree-granting, primarily baccalaureate or above",2018,10158,101,10236657,10283879,33,20,1,25,8,1,12,30,21,13,8,4,10,14
440828,Oregon State University-Cascades Campus,OR,Oregon,"Degree-granting, primarily baccalaureate or above",2019,10638,135,10971796,10549152,31,20,1,24,7,2,15,31,21,14,9,3,11,12
440828,Oregon State University-Cascades Campus,OR,Oregon,"Degree-granting, primarily baccalaureate or above",2020,10737,161,11732887,11180359,30,20,1,26,7,2,14,30,19,15,8,3,11,14
440828,Oregon State University-Cascades Campus,OR,Oregon,"Degree-granting, primarily baccalaureate or above",2021,11037,158,12073299,11620128,29,21,1,28,6,2,13,27,19,15,8,3,12,16
440828,Oregon State University-Cascades Campus,OR,Oregon,"Degree-granting, primarily baccalaureate or above",2022,11628,188,12444153,11545043,28,21,1,28,7,0,15,29,20,15,8,3,14,11
209807,Portland State University,OR,Oregon,"Degree-granting, primarily baccalaureate or above",2015,8034,1744,560148943,369151622,33,12,0,20,2,0,32,45,13,5,10,5,12,11
209807,Portland State University,OR,Oregon,"Degree-granting, primarily baccalaureate or above",2016,8337,1797,459442952,452277271,41,18,0,24,3,1,12,45,11,6,10,5,13,10
209807,Portland State University,OR,Oregon,"Degree-granting, primarily baccalaureate or above",2017,8784,1929,477397843,424115531,40,18,0,23,2,1,17,46,11,6,10,5,13,9
209807,Portland State University,OR,Oregon,"Degree-granting, primarily baccalaureate or above",2018,9105,1876,455506187,452295077,43,21,0,24,4,1,8,45,10,6,10,6,13,11
209807,Portland State University,OR,Oregon,"Degree-granting, primarily baccalaureate or above",2019,9579,1674,520995228,444577308,37,19,0,23,3,2,16,46,10,6,10,5,13,9
209807,Portland State University,OR,Oregon,"Degree-granting, primarily baccalaureate or above",2020,10113,1515,498948488,462910178,38,21,0,23,4,2,12,43,9,5,9,5,13,14
209807,Portland State University,OR,Oregon,"Degree-granting, primarily baccalaureate or above",2021,10386,1741,477951011,463564589,37,23,0,27,3,1,8,37,8,4,9,5,12,26
209807,Portland State University,OR,Oregon,"Degree-granting, primarily baccalaureate or above",2022,10806,1634,511990967,474947183,33,23,0,34,3,0,6,38,8,5,9,5,11,25
210146,Southern Oregon University,OR,Oregon,"Degree-granting, primarily baccalaureate or above",2015,8145,823,85083064,65687680,33,20,0,15,9,1,23,47,1,5,10,8,14,14
210146,Southern Oregon University,OR,Oregon,"Degree-granting, primarily baccalaureate or above",2016,8523,675,78305649,82379450,35,27,0,16,8,1,12,43,1,5,10,8,14,19
210146,Southern Oregon University,OR,Oregon,"Degree-granting, primarily baccalaureate or above",2017,9287,723,93250123,77708637,30,23,0,13,10,1,23,44,1,5,10,8,15,17
210146,Southern Oregon University,OR,Oregon,"Degree-granting, primarily baccalaureate or above",2018,9615,648,95583374,77206748,31,23,0,13,7,1,26,45,1,6,10,8,15,16
210146,Southern Oregon University,OR,Oregon,"Degree-granting, primarily baccalaureate or above",2019,10479,647,80571909,80753754,38,27,0,14,7,2,11,46,1,5,10,7,16,16
210146,Southern Oregon University,OR,Oregon,"Degree-granting, primarily baccalaureate or above",2020,10710,574,86427211,86401404,38,28,0,14,7,1,11,43,1,4,10,7,14,20
210146,Southern Oregon University,OR,Oregon,"Degree-granting, primarily baccalaureate or above",2021,11142,519,91392274,87273900,33,27,0,20,6,1,12,38,1,4,10,6,13,28
210146,Southern Oregon University,OR,Oregon,"Degree-granting, primarily baccalaureate or above",2022,11691,567,87840883,81311915,30,31,0,25,8,-2,7,46,1,5,12,8,17,13
209551,University of Oregon,OR,Oregon,"Degree-granting, primarily baccalaureate or above",2015,10287,4133,699985878,640458360,53,8,0,19,10,2,9,46,12,7,9,6,10,10
209551,University of Oregon,OR,Oregon,"Degree-granting, primarily baccalaureate or above",2016,10761,4041,727059876,722631757,52,9,0,18,10,2,9,48,11,7,10,7,12,6
209551,University of Oregon,OR,Oregon,"Degree-granting, primarily baccalaureate or above",2017,11571,3938,786418986,706666048,49,8,0,15,11,2,14,47,11,7,10,7,12,6
209551,University of Oregon,OR,Oregon,"Degree-granting, primarily baccalaureate or above",2018,11898,4168,780911472,751644987,50,9,0,16,12,3,10,46,11,7,10,7,12,6
209551,University of Oregon,OR,Oregon,"Degree-granting, primarily baccalaureate or above",2019,12720,4525,901157230,755372920,43,8,0,15,12,3,19,45,12,7,10,7,12,6
209551,University of Oregon,OR,Oregon,"Degree-granting, primarily baccalaureate or above",2020,13857,3920,1196169983,826454874,33,7,0,12,10,2,35,42,11,7,10,7,11,12
209551,University of Oregon,OR,Oregon,"Degree-granting, primarily baccalaureate or above",2021,14421,4589,906960809,838374095,42,9,0,19,17,4,9,40,12,7,10,6,13,13
209551,University of Oregon,OR,Oregon,"Degree-granting, primarily baccalaureate or above",2022,15054,5313,992827933,796933029,41,9,0,20,13,1,16,39,13,6,11,7,12,12
210429,Western Oregon University,OR,Oregon,"Degree-granting, primarily baccalaureate or above",2015,9369,944,89193025,71234126,35,20,0,29,1,1,14,56,3,1,14,9,8,10
210429,Western Oregon University,OR,Oregon,"Degree-granting, primarily baccalaureate or above",2016,9285,806,100448953,88043493,30,23,0,26,1,1,19,52,3,0,12,9,8,16
210429,Western Oregon University,OR,Oregon,"Degree-granting, primarily baccalaureate or above",2017,9198,727,88985270,88267979,35,27,0,27,1,1,9,52,2,1,12,9,8,17
210429,Western Oregon University,OR,Oregon,"Degree-granting, primarily baccalaureate or above",2018,10197,817,95200496,84214214,36,26,0,24,1,0,12,49,1,1,12,9,8,20
210429,Western Oregon University,OR,Oregon,"Degree-granting, primarily baccalaureate or above",2019,9768,789,95750029,83783952,34,27,0,23,1,3,13,50,1,0,13,9,9,16
210429,Western Oregon University,OR,Oregon,"Degree-granting, primarily baccalaureate or above",2020,10194,722,95047261,90794290,27,30,0,25,2,2,14,46,1,1,11,9,9,22
210429,Western Oregon University,OR,Oregon,"Degree-granting, primarily baccalaureate or above",2021,10269,544,102633671,87066879,28,29,0,28,2,1,12,41,1,4,10,9,10,25
210429,Western Oregon University,OR,Oregon,"Degree-granting, primarily baccalaureate or above",2022,10602,563,98166610,93856116,25,33,0,37,2,0,4,34,1,5,10,10,9,32
498562,Commonwealth University of Pennsylvania,PA,Pennsylvania,"Degree-granting, primarily baccalaureate or above",2022,10848,2190,295187861,258900256,33,27,0,25,2,0,12,46,0,1,9,13,18,13
212115,East Stroudsburg University of Pennsylvania,PA,Pennsylvania,"Degree-granting, primarily baccalaureate or above",2015,9684,1312,100663059,100645280,57,22,0,17,1,1,3,45,0,3,17,11,20,4
212115,East Stroudsburg University of Pennsylvania,PA,Pennsylvania,"Degree-granting, primarily baccalaureate or above",2016,9943,1307,104852932,102641174,54,23,0,17,1,1,4,44,0,2,17,11,21,4
212115,East Stroudsburg University of Pennsylvania,PA,Pennsylvania,"Degree-granting, primarily baccalaureate or above",2017,10298,1292,105484889,102523750,51,25,0,17,1,1,6,46,1,2,16,11,21,4
212115,East Stroudsburg University of Pennsylvania,PA,Pennsylvania,"Degree-granting, primarily baccalaureate or above",2018,11502,1137,107595819,104917769,49,25,0,18,0,2,5,40,1,2,16,9,19,13
212115,East Stroudsburg University of Pennsylvania,PA,Pennsylvania,"Degree-granting, primarily baccalaureate or above",2019,11476,1126,110341322,102924622,47,26,0,18,1,2,6,41,1,2,16,10,20,10
212115,East Stroudsburg University of Pennsylvania,PA,Pennsylvania,"Degree-granting, primarily baccalaureate or above",2020,11559,952,111613512,95584239,46,26,0,19,1,1,6,44,1,2,17,10,21,4
212115,East Stroudsburg University of Pennsylvania,PA,Pennsylvania,"Degree-granting, primarily baccalaureate or above",2021,11559,679,115364965,105374799,40,25,0,27,2,1,5,39,1,2,13,9,21,16
212115,East Stroudsburg University of Pennsylvania,PA,Pennsylvania,"Degree-granting, primarily baccalaureate or above",2022,10987,1153,120636057,99751745,35,25,0,31,3,1,7,40,2,2,14,11,21,9
213020,Indiana University of Pennsylvania-Main Campus,PA,Pennsylvania,"Degree-granting, primarily baccalaureate or above",2015,9936,2540,226548919,233176443,50,23,0,19,2,1,5,55,1,3,12,10,15,5
213020,Indiana University of Pennsylvania-Main Campus,PA,Pennsylvania,"Degree-granting, primarily baccalaureate or above",2016,11368,2220,226914184,237525616,49,24,0,19,3,1,5,54,1,3,11,10,16,5
213020,Indiana University of Pennsylvania-Main Campus,PA,Pennsylvania,"Degree-granting, primarily baccalaureate or above",2017,12119,2390,231098472,236291685,49,23,0,17,3,1,6,54,1,4,12,10,15,5
213020,Indiana University of Pennsylvania-Main Campus,PA,Pennsylvania,"Degree-granting, primarily baccalaureate or above",2018,12979,2124,240994888,222651480,46,22,0,16,2,1,11,48,1,4,11,9,14,13
213020,Indiana University of Pennsylvania-Main Campus,PA,Pennsylvania,"Degree-granting, primarily baccalaureate or above",2019,13354,1891,228781844,220885071,46,24,0,17,3,2,8,48,1,4,11,10,15,12
213020,Indiana University of Pennsylvania-Main Campus,PA,Pennsylvania,"Degree-granting, primarily baccalaureate or above",2020,13144,1860,220486820,209639609,44,25,0,21,3,1,6,48,1,4,11,10,16,10
213020,Indiana University of Pennsylvania-Main Campus,PA,Pennsylvania,"Degree-granting, primarily baccalaureate or above",2021,13144,1721,211295326,208360104,40,27,0,25,3,1,5,47,1,3,10,10,17,12
213020,Indiana University of Pennsylvania-Main Campus,PA,Pennsylvania,"Degree-granting, primarily baccalaureate or above",2022,11320,1778,210183181,178109752,34,26,0,30,4,0,6,50,1,4,10,12,19,5
213349,Kutztown University of Pennsylvania,PA,Pennsylvania,"Degree-granting, primarily baccalaureate or above",2015,9411,1856,129131910,148192159,51,26,0,18,0,1,4,53,0,3,9,14,17,4
213349,Kutztown University of Pennsylvania,PA,Pennsylvania,"Degree-granting, primarily baccalaureate or above",2016,9618,1688,131490634,155467201,51,26,0,18,0,1,4,53,0,2,9,13,18,4
213349,Kutztown University of Pennsylvania,PA,Pennsylvania,"Degree-granting, primarily baccalaureate or above",2017,9987,1605,131381489,156479843,49,27,0,17,0,1,5,53,0,2,9,13,18,4
213349,Kutztown University of Pennsylvania,PA,Pennsylvania,"Degree-granting, primarily baccalaureate or above",2018,10802,1615,131154369,161485500,49,27,0,17,0,1,5,43,0,2,8,12,15,19
213349,Kutztown University of Pennsylvania,PA,Pennsylvania,"Degree-granting, primarily baccalaureate or above",2019,11058,1397,142388063,157500175,46,26,0,21,0,1,5,44,0,8,9,12,15,12
213349,Kutztown University of Pennsylvania,PA,Pennsylvania,"Degree-granting, primarily baccalaureate or above",2020,11156,1532,147746534,152489496,44,26,0,23,0,1,6,44,0,9,9,12,15,11
213349,Kutztown University of Pennsylvania,PA,Pennsylvania,"Degree-granting, primarily baccalaureate or above",2021,11170,1490,152747104,147327370,40,25,0,31,0,1,4,46,0,12,8,12,16,6
213349,Kutztown University of Pennsylvania,PA,Pennsylvania,"Degree-granting, primarily baccalaureate or above",2022,11230,1600,155720861,152723609,36,24,0,33,0,0,6,44,0,11,8,12,14,11
214041,Millersville University of Pennsylvania,PA,Pennsylvania,"Degree-granting, primarily baccalaureate or above",2015,10918,1336,121952290,135516290,51,25,0,17,2,1,5,48,1,3,12,16,16,4
214041,Millersville University of Pennsylvania,PA,Pennsylvania,"Degree-granting, primarily baccalaureate or above",2016,11494,1326,136092612,131521064,48,24,0,16,6,1,5,48,1,3,13,15,16,4
214041,Millersville University of Pennsylvania,PA,Pennsylvania,"Degree-granting, primarily baccalaureate or above",2017,11858,1351,135349391,138794837,50,24,0,14,4,2,6,49,1,3,11,16,16,4
214041,Millersville University of Pennsylvania,PA,Pennsylvania,"Degree-granting, primarily baccalaureate or above",2018,12226,1380,137266560,148630824,49,25,0,16,3,2,5,40,1,3,8,13,15,20
214041,Millersville University of Pennsylvania,PA,Pennsylvania,"Degree-granting, primarily baccalaureate or above",2019,12250,1334,139461184,137678309,52,25,0,15,3,2,4,44,1,4,9,14,16,12
214041,Millersville University of Pennsylvania,PA,Pennsylvania,"Degree-granting, primarily baccalaureate or above",2020,11665,1160,145228837,143133370,50,24,0,17,3,1,4,42,0,5,10,13,17,13
214041,Millersville University of Pennsylvania,PA,Pennsylvania,"Degree-granting, primarily baccalaureate or above",2021,12256,1225,148855570,136711787,45,24,0,22,2,3,4,43,0,5,10,12,19,10
214041,Millersville University of Pennsylvania,PA,Pennsylvania,"Degree-granting, primarily baccalaureate or above",2022,12262,1204,147897931,145743010,44,24,0,24,2,-1,6,42,0,6,10,14,19,10
498571,Pennsylvania Western University,PA,Pennsylvania,"Degree-granting, primarily baccalaureate or above",2022,10958,2031,324435502,254822541,36,27,0,24,3,-1,12,51,0,8,11,17,16,-2
216010,Shippensburg University of Pennsylvania,PA,Pennsylvania,"Degree-granting, primarily baccalaureate or above",2015,10052,1390,106307438,119702526,48,27,0,19,1,1,5,51,1,5,14,12,15,3
216010,Shippensburg University of Pennsylvania,PA,Pennsylvania,"Degree-granting, primarily baccalaureate or above",2016,11452,1381,107480097,117819600,48,26,0,18,2,1,5,48,1,6,14,13,16,3
216010,Shippensburg University of Pennsylvania,PA,Pennsylvania,"Degree-granting, primarily baccalaureate or above",2017,12086,1218,115260401,123414153,48,26,0,18,2,1,6,49,1,6,13,13,16,3
216010,Shippensburg University of Pennsylvania,PA,Pennsylvania,"Degree-granting, primarily baccalaureate or above",2018,12718,1356,112438931,120711100,46,27,0,18,1,2,6,43,1,6,13,12,12,13
216010,Shippensburg University of Pennsylvania,PA,Pennsylvania,"Degree-granting, primarily baccalaureate or above",2019,13544,1296,113356872,135663247,45,27,0,19,1,2,6,42,1,6,12,12,12,14
216010,Shippensburg University of Pennsylvania,PA,Pennsylvania,"Degree-granting, primarily baccalaureate or above",2020,13544,1219,118553757,138085537,42,26,0,23,1,1,6,42,0,7,12,12,13,13
216010,Shippensburg University of Pennsylvania,PA,Pennsylvania,"Degree-granting, primarily baccalaureate or above",2021,13544,1024,125618825,131811545,37,25,0,29,1,1,7,41,1,12,12,13,14,7
216010,Shippensburg University of Pennsylvania,PA,Pennsylvania,"Degree-granting, primarily baccalaureate or above",2022,13544,1079,124901867,120587928,35,25,0,32,1,0,8,44,1,15,13,13,13,1
216038,Slippery Rock University of Pennsylvania,PA,Pennsylvania,"Degree-granting, primarily baccalaureate or above",2015,9645,1523,124206922,130025623,51,26,0,18,0,1,4,51,0,1,11,14,18,5
216038,Slippery Rock University of Pennsylvania,PA,Pennsylvania,"Degree-granting, primarily baccalaureate or above",2016,9891,1564,131066149,136009863,51,27,0,17,0,1,4,50,0,1,13,13,17,5
216038,Slippery Rock University of Pennsylvania,PA,Pennsylvania,"Degree-granting, primarily baccalaureate or above",2017,10205,1597,140242819,147127707,51,26,0,17,0,1,4,53,0,2,11,13,17,5
216038,Slippery Rock University of Pennsylvania,PA,Pennsylvania,"Degree-granting, primarily baccalaureate or above",2018,10757,1554,145141912,153857061,51,26,0,17,0,1,4,43,0,1,10,11,15,20
216038,Slippery Rock University of Pennsylvania,PA,Pennsylvania,"Degree-granting, primarily baccalaureate or above",2019,10507,1580,149765951,152753314,51,26,0,17,0,2,4,44,0,1,9,12,15,19
216038,Slippery Rock University of Pennsylvania,PA,Pennsylvania,"Degree-granting, primarily baccalaureate or above",2020,9984,1463,158254596,149666864,50,25,0,20,0,1,4,46,0,1,8,12,16,16
216038,Slippery Rock University of Pennsylvania,PA,Pennsylvania,"Degree-granting, primarily baccalaureate or above",2021,10507,1370,160692086,154323915,48,25,0,23,0,1,4,46,0,0,7,12,18,17
216038,Slippery Rock University of Pennsylvania,PA,Pennsylvania,"Degree-granting, primarily baccalaureate or above",2022,10507,1459,164899956,157213631,44,25,0,26,0,0,4,46,0,0,9,13,18,14
216296,Thaddeus Stevens College of Technology,PA,Pennsylvania,"Degree-granting, associate's and certificates  ",2015,7430,427,21822597,21453341,24,57,0,18,1,0,0,32,0,0,8,9,18,33
216296,Thaddeus Stevens College of Technology,PA,Pennsylvania,"Degree-granting, associate's and certificates  ",2016,7630,589,23216989,24100766,28,56,0,15,1,0,0,34,0,0,8,9,17,31
216296,Thaddeus Stevens College of Technology,PA,Pennsylvania,"Degree-granting, associate's and certificates  ",2017,7830,667,23914951,26156241,29,56,0,15,0,0,0,36,0,0,7,9,17,31
216296,Thaddeus Stevens College of Technology,PA,Pennsylvania,"Degree-granting, associate's and certificates  ",2018,8030,524,25797767,27812341,27,55,0,14,3,0,0,35,0,0,8,10,19,28
216296,Thaddeus Stevens College of Technology,PA,Pennsylvania,"Degree-granting, associate's and certificates  ",2019,8250,574,29020137,29462902,27,51,0,13,3,0,6,35,0,0,7,9,19,30
216296,Thaddeus Stevens College of Technology,PA,Pennsylvania,"Degree-granting, associate's and certificates  ",2020,8400,491,33895830,27934013,26,55,0,15,2,0,2,35,0,0,7,8,17,33
216296,Thaddeus Stevens College of Technology,PA,Pennsylvania,"Degree-granting, associate's and certificates  ",2021,8400,479,33225799,28080488,23,56,0,18,2,0,0,35,0,0,7,7,17,35
216296,Thaddeus Stevens College of Technology,PA,Pennsylvania,"Degree-granting, associate's and certificates  ",2022,8450,556,39177068,34524856,24,48,0,16,2,0,10,30,0,0,8,6,15,41
216764,West Chester University of Pennsylvania,PA,Pennsylvania,"Degree-granting, primarily baccalaureate or above",2015,9462,2396,231595676,228306455,60,21,0,12,1,1,4,53,1,1,18,9,14,5
216764,West Chester University of Pennsylvania,PA,Pennsylvania,"Degree-granting, primarily baccalaureate or above",2016,9720,2454,243583513,245457891,60,21,0,12,1,1,4,51,1,1,17,9,15,5
216764,West Chester University of Pennsylvania,PA,Pennsylvania,"Degree-granting, primarily baccalaureate or above",2017,10111,2630,258194367,262794177,59,21,0,12,1,2,5,52,1,1,17,9,15,5
216764,West Chester University of Pennsylvania,PA,Pennsylvania,"Degree-granting, primarily baccalaureate or above",2018,10412,2779,270163728,299115305,59,20,0,12,2,2,5,40,1,1,16,8,14,22
216764,West Chester University of Pennsylvania,PA,Pennsylvania,"Degree-granting, primarily baccalaureate or above",2019,10421,2871,281364027,287103952,58,20,0,12,2,3,5,43,1,1,15,9,15,16
216764,West Chester University of Pennsylvania,PA,Pennsylvania,"Degree-granting, primarily baccalaureate or above",2020,10471,2796,282487555,280933560,58,21,0,14,1,2,4,44,1,1,16,9,17,13
216764,West Chester University of Pennsylvania,PA,Pennsylvania,"Degree-granting, primarily baccalaureate or above",2021,10471,2628,319981907,301154353,47,18,0,28,1,3,3,43,1,0,13,8,16,18
216764,West Chester University of Pennsylvania,PA,Pennsylvania,"Degree-granting, primarily baccalaureate or above",2022,10575,3006,268819195,273694742,60,23,0,13,2,-2,4,47,1,1,15,9,17,10
241720,Colegio Universitario de San Juan,PR,Puerto Rico,"Degree-granting, primarily baccalaureate or above",2015,2370,209,10047915,8595017,7,0,0,93,0,0,0,30,0,0,17,6,5,41
241720,Colegio Universitario de San Juan,PR,Puerto Rico,"Degree-granting, primarily baccalaureate or above",2016,2370,262,9255013,8341520,8,0,0,92,0,0,0,31,0,0,17,6,5,41
241720,Colegio Universitario de San Juan,PR,Puerto Rico,"Degree-granting, primarily baccalaureate or above",2017,2370,241,9373129,7691324,6,0,0,93,0,0,1,28,0,0,19,4,3,45
241720,Colegio Universitario de San Juan,PR,Puerto Rico,"Degree-granting, primarily baccalaureate or above",2018,2370,158,8613358,7405062,5,0,0,95,0,0,0,29,0,0,14,5,3,49
241720,Colegio Universitario de San Juan,PR,Puerto Rico,"Degree-granting, primarily baccalaureate or above",2019,2370,86,8600762,7053553,6,0,0,94,0,0,0,29,0,0,11,5,4,51
241720,Colegio Universitario de San Juan,PR,Puerto Rico,"Degree-granting, primarily baccalaureate or above",2020,2340,76,9765268,6537528,4,0,0,96,0,0,0,29,0,0,14,7,4,45
241720,Colegio Universitario de San Juan,PR,Puerto Rico,"Degree-granting, primarily baccalaureate or above",2021,2340,40,13440108,9209924,4,0,0,96,0,0,0,25,0,0,15,6,4,50
241720,Colegio Universitario de San Juan,PR,Puerto Rico,"Degree-granting, primarily baccalaureate or above",2022,2340,64,15040834,7318213,2,0,0,98,0,0,0,37,0,0,20,6,7,30
241951,Escuela de Artes Plasticas y Diseno de Puerto Rico,PR,Puerto Rico,"Degree-granting, primarily baccalaureate or above",2015,3248,92,5098059,5345570,14,0,49,37,0,0,1,31,1,4,7,17,24,16
241951,Escuela de Artes Plasticas y Diseno de Puerto Rico,PR,Puerto Rico,"Degree-granting, primarily baccalaureate or above",2016,3462,72,5268325,4797175,10,0,52,36,0,1,1,29,1,6,8,11,25,20
241951,Escuela de Artes Plasticas y Diseno de Puerto Rico,PR,Puerto Rico,"Degree-granting, primarily baccalaureate or above",2017,3462,69,5283909,5572175,9,0,40,34,0,5,12,26,1,6,7,10,24,25
241951,Escuela de Artes Plasticas y Diseno de Puerto Rico,PR,Puerto Rico,"Degree-granting, primarily baccalaureate or above",2018,3462,69,6439385,4695466,8,0,33,27,0,3,29,29,1,7,7,9,23,24
241951,Escuela de Artes Plasticas y Diseno de Puerto Rico,PR,Puerto Rico,"Degree-granting, primarily baccalaureate or above",2019,3462,56,6422858,5401213,20,28,9,26,0,1,17,22,1,6,6,4,26,35
241951,Escuela de Artes Plasticas y Diseno de Puerto Rico,PR,Puerto Rico,"Degree-granting, primarily baccalaureate or above",2020,3942,64,5867920,5881424,22,30,11,26,0,1,10,21,1,8,6,4,34,25
241951,Escuela de Artes Plasticas y Diseno de Puerto Rico,PR,Puerto Rico,"Degree-granting, primarily baccalaureate or above",2021,4182,107,6495645,5569834,21,37,6,23,0,10,3,20,1,7,6,2,39,24
241951,Escuela de Artes Plasticas y Diseno de Puerto Rico,PR,Puerto Rico,"Degree-granting, primarily baccalaureate or above",2022,4304,78,7798730,7154534,17,37,0,45,0,2,0,21,1,4,4,2,45,23
452106,Escuela De Troqueleria Y Herramentaje,PR,Puerto Rico,"Nondegree-granting, sub-baccalaureate",2022,3850,21,487764,503822,31,0,0,69,0,0,0,50,0,0,14,24,8,3
242556,Instituto Tecnologico de Puerto Rico-Recinto de Guayama,PR,Puerto Rico,"Degree-granting, associate's and certificates  ",2015,1105,362,2582676,5817016,5,0,0,95,0,0,0,45,0,0,4,6,4,41
242556,Instituto Tecnologico de Puerto Rico-Recinto de Guayama,PR,Puerto Rico,"Degree-granting, associate's and certificates  ",2016,1105,245,3070375,6322543,4,0,0,96,0,0,0,43,0,0,4,4,4,45
242556,Instituto Tecnologico de Puerto Rico-Recinto de Guayama,PR,Puerto Rico,"Degree-granting, associate's and certificates  ",2018,1125,238,5141963,8978047,4,0,0,96,0,0,0,34,0,0,4,3,4,55
242556,Instituto Tecnologico de Puerto Rico-Recinto de Guayama,PR,Puerto Rico,"Degree-granting, associate's and certificates  ",2019,993,205,5285716,6613594,2,0,0,98,0,0,0,46,0,0,5,5,5,38
242556,Instituto Tecnologico de Puerto Rico-Recinto de Guayama,PR,Puerto Rico,"Degree-granting, associate's and certificates  ",2020,1600,86,2919124,6959082,4,0,0,96,0,0,0,44,0,0,5,5,5,41
242556,Instituto Tecnologico de Puerto Rico-Recinto de Guayama,PR,Puerto Rico,"Degree-granting, associate's and certificates  ",2021,1600,83,2180909,3728682,4,0,0,96,0,0,0,28,0,0,5,5,5,58
242556,Instituto Tecnologico de Puerto Rico-Recinto de Guayama,PR,Puerto Rico,"Degree-granting, associate's and certificates  ",2022,1600,138,2527798,4401568,4,0,0,96,0,0,0,30,0,0,5,3,4,57
242042,Instituto Tecnologico de Puerto Rico-Recinto de Manati,PR,Puerto Rico,"Degree-granting, associate's and certificates  ",2015,1125,349,3691727,1844650,18,0,0,82,0,0,0,67,0,0,16,10,7,0
242042,Instituto Tecnologico de Puerto Rico-Recinto de Manati,PR,Puerto Rico,"Degree-granting, associate's and certificates  ",2016,1125,316,3775976,1846650,18,0,0,82,0,0,0,67,0,0,16,10,7,0
242042,Instituto Tecnologico de Puerto Rico-Recinto de Manati,PR,Puerto Rico,"Degree-granting, associate's and certificates  ",2017,1125,315,3705988,1643380,17,0,0,83,0,0,0,68,0,0,15,9,7,0
242042,Instituto Tecnologico de Puerto Rico-Recinto de Manati,PR,Puerto Rico,"Degree-granting, associate's and certificates  ",2018,1125,244,3528325,1527200,14,0,0,86,0,0,1,67,0,0,16,10,7,0
242042,Instituto Tecnologico de Puerto Rico-Recinto de Manati,PR,Puerto Rico,"Degree-granting, associate's and certificates  ",2019,1125,279,2860325,1490765,15,0,0,85,0,0,1,68,0,0,15,10,7,0
242042,Instituto Tecnologico de Puerto Rico-Recinto de Manati,PR,Puerto Rico,"Degree-granting, associate's and certificates  ",2020,1600,187,2632369,1444145,15,0,0,85,0,0,0,69,0,0,14,10,7,0
242042,Instituto Tecnologico de Puerto Rico-Recinto de Manati,PR,Puerto Rico,"Degree-granting, associate's and certificates  ",2021,1600,117,2307856,1378875,15,0,0,85,0,0,0,67,0,0,14,12,7,0
242042,Instituto Tecnologico de Puerto Rico-Recinto de Manati,PR,Puerto Rico,"Degree-granting, associate's and certificates  ",2022,1600,169,2296144,1561225,19,0,0,81,0,0,0,70,0,0,14,8,7,0
242583,Instituto Tecnologico de Puerto Rico-Recinto de San Juan,PR,Puerto Rico,"Degree-granting, associate's and certificates  ",2015,1105,395,2663690,2180095,26,0,0,74,0,0,0,82,0,0,8,6,4,0
242583,Instituto Tecnologico de Puerto Rico-Recinto de San Juan,PR,Puerto Rico,"Degree-granting, associate's and certificates  ",2016,1105,338,3476192,2366673,23,0,0,77,0,0,0,83,0,0,7,4,6,0
242583,Instituto Tecnologico de Puerto Rico-Recinto de San Juan,PR,Puerto Rico,"Degree-granting, associate's and certificates  ",2017,1105,274,2084480,2032865,39,0,0,61,0,0,0,79,0,0,7,4,9,0
242583,Instituto Tecnologico de Puerto Rico-Recinto de San Juan,PR,Puerto Rico,"Degree-granting, associate's and certificates  ",2018,1105,158,2149030,2300022,30,0,0,70,0,0,0,66,0,0,5,4,4,20
242583,Instituto Tecnologico de Puerto Rico-Recinto de San Juan,PR,Puerto Rico,"Degree-granting, associate's and certificates  ",2019,1105,147,2203852,2640397,27,0,0,73,0,0,0,51,0,0,5,5,5,34
242583,Instituto Tecnologico de Puerto Rico-Recinto de San Juan,PR,Puerto Rico,"Degree-granting, associate's and certificates  ",2020,3707,67,1943345,2972690,23,0,0,77,0,0,0,38,0,0,5,6,8,43
242583,Instituto Tecnologico de Puerto Rico-Recinto de San Juan,PR,Puerto Rico,"Degree-granting, associate's and certificates  ",2021,3707,88,1608852,3639424,30,0,0,70,0,0,0,33,0,0,4,5,5,53
242583,Instituto Tecnologico de Puerto Rico-Recinto de San Juan,PR,Puerto Rico,"Degree-granting, associate's and certificates  ",2022,3707,53,1106999,2299774,29,0,0,71,0,0,0,42,0,0,5,8,7,38
241766,Puerto Rico Conservatory of Music,PR,Puerto Rico,"Degree-granting, primarily baccalaureate or above",2015,3370,66,12115526,13272707,15,62,0,20,0,0,3,40,0,15,2,8,30,5
241766,Puerto Rico Conservatory of Music,PR,Puerto Rico,"Degree-granting, primarily baccalaureate or above",2016,3370,70,11416264,12288396,16,59,0,21,0,0,4,40,0,16,2,8,30,4
241766,Puerto Rico Conservatory of Music,PR,Puerto Rico,"Degree-granting, primarily baccalaureate or above",2017,3370,67,11093795,12363678,16,58,0,22,0,0,4,41,0,16,2,7,29,5
241766,Puerto Rico Conservatory of Music,PR,Puerto Rico,"Degree-granting, primarily baccalaureate or above",2018,3370,60,10366838,10829842,17,54,0,23,0,0,6,39,0,15,2,7,28,8
241766,Puerto Rico Conservatory of Music,PR,Puerto Rico,"Degree-granting, primarily baccalaureate or above",2019,3370,51,9451553,11470595,17,55,0,24,0,0,4,42,0,17,2,7,26,7
241766,Puerto Rico Conservatory of Music,PR,Puerto Rico,"Degree-granting, primarily baccalaureate or above",2020,3370,46,9898161,11543280,16,57,0,24,0,0,4,40,0,17,2,7,27,8
241766,Puerto Rico Conservatory of Music,PR,Puerto Rico,"Degree-granting, primarily baccalaureate or above",2021,3370,33,10107611,11240035,13,53,0,24,0,0,9,39,0,16,3,6,25,12
241766,Puerto Rico Conservatory of Music,PR,Puerto Rico,"Degree-granting, primarily baccalaureate or above",2022,3370,45,10805956,12349015,12,54,0,25,0,0,9,38,0,15,3,6,27,11
243212,University of Puerto Rico at Ponce,PR,Puerto Rico,"Degree-granting, primarily baccalaureate or above",2015,2014,928,43542737,38383116,3,63,0,33,0,0,0,39,2,4,6,9,14,26
243212,University of Puerto Rico at Ponce,PR,Puerto Rico,"Degree-granting, primarily baccalaureate or above",2016,2083,889,42684960,38718923,3,60,0,37,0,0,0,40,2,2,7,9,14,26
243212,University of Puerto Rico at Ponce,PR,Puerto Rico,"Degree-granting, primarily baccalaureate or above",2017,2117,606,44759127,36883639,3,61,0,36,0,0,0,36,2,3,7,8,11,32
243212,University of Puerto Rico at Ponce,PR,Puerto Rico,"Degree-granting, primarily baccalaureate or above",2018,4089,576,31966776,41929819,4,51,0,44,0,0,1,42,2,2,8,10,12,24
243212,University of Puerto Rico at Ponce,PR,Puerto Rico,"Degree-granting, primarily baccalaureate or above",2019,4198,513,31489663,37082200,6,45,0,44,0,0,5,34,2,2,6,7,9,40
243212,University of Puerto Rico at Ponce,PR,Puerto Rico,"Degree-granting, primarily baccalaureate or above",2020,4198,549,30346832,41853293,4,42,0,51,0,0,2,28,1,2,6,6,11,47
243212,University of Puerto Rico at Ponce,PR,Puerto Rico,"Degree-granting, primarily baccalaureate or above",2021,4970,605,42149884,42874950,5,34,0,61,0,0,0,27,2,2,13,6,7,44
243212,University of Puerto Rico at Ponce,PR,Puerto Rico,"Degree-granting, primarily baccalaureate or above",2022,5354,599,41710518,27894506,6,24,0,69,0,0,1,36,3,1,21,7,16,15
243106,University of Puerto Rico-Aguadilla,PR,Puerto Rico,"Degree-granting, primarily baccalaureate or above",2015,2019,771,48367490,35424827,3,71,0,26,0,0,0,45,0,0,7,8,13,26
243106,University of Puerto Rico-Aguadilla,PR,Puerto Rico,"Degree-granting, primarily baccalaureate or above",2016,2022,955,38195038,36482399,3,61,0,35,0,0,1,47,0,0,7,8,12,26
243106,University of Puerto Rico-Aguadilla,PR,Puerto Rico,"Degree-granting, primarily baccalaureate or above",2017,2082,875,43357228,39491992,3,62,0,34,0,0,1,42,0,0,5,7,16,29
243106,University of Puerto Rico-Aguadilla,PR,Puerto Rico,"Degree-granting, primarily baccalaureate or above",2018,4654,709,33182691,43393699,7,49,0,44,0,0,1,54,0,0,5,6,10,25
243106,University of Puerto Rico-Aguadilla,PR,Puerto Rico,"Degree-granting, primarily baccalaureate or above",2019,4768,621,30792277,37064339,8,40,0,45,0,0,7,37,0,0,5,6,9,42
243106,University of Puerto Rico-Aguadilla,PR,Puerto Rico,"Degree-granting, primarily baccalaureate or above",2020,4798,565,28369335,41935961,6,39,0,54,0,0,0,33,0,0,4,6,9,48
243106,University of Puerto Rico-Aguadilla,PR,Puerto Rico,"Degree-granting, primarily baccalaureate or above",2021,5570,545,39320926,41407760,3,34,0,63,0,0,0,30,0,1,6,8,6,49
243106,University of Puerto Rico-Aguadilla,PR,Puerto Rico,"Degree-granting, primarily baccalaureate or above",2022,5954,503,56426146,26679151,1,17,0,79,0,0,3,44,1,2,10,8,20,16
243115,University of Puerto Rico-Arecibo,PR,Puerto Rico,"Degree-granting, primarily baccalaureate or above",2015,2014,946,41118748,48199075,4,56,0,39,1,0,1,48,1,0,6,7,12,25
243115,University of Puerto Rico-Arecibo,PR,Puerto Rico,"Degree-granting, primarily baccalaureate or above",2016,2083,937,51811775,47813292,2,62,0,34,0,0,1,48,1,0,7,8,12,25
243115,University of Puerto Rico-Arecibo,PR,Puerto Rico,"Degree-granting, primarily baccalaureate or above",2017,2117,732,55322937,46565642,3,64,0,32,0,0,0,43,1,0,5,7,12,31
243115,University of Puerto Rico-Arecibo,PR,Puerto Rico,"Degree-granting, primarily baccalaureate or above",2018,4094,806,41277195,55126456,4,51,0,45,1,0,0,49,1,0,7,7,12,24
243115,University of Puerto Rico-Arecibo,PR,Puerto Rico,"Degree-granting, primarily baccalaureate or above",2019,4178,726,43809329,50825155,6,42,0,46,1,0,5,37,1,0,5,6,8,42
243115,University of Puerto Rico-Arecibo,PR,Puerto Rico,"Degree-granting, primarily baccalaureate or above",2020,4178,762,39305566,58520776,2,43,0,53,1,0,0,32,1,0,4,5,8,50
243115,University of Puerto Rico-Arecibo,PR,Puerto Rico,"Degree-granting, primarily baccalaureate or above",2021,4940,706,59277267,55289148,6,38,0,56,0,0,0,33,1,0,10,5,7,44
243115,University of Puerto Rico-Arecibo,PR,Puerto Rico,"Degree-granting, primarily baccalaureate or above",2022,5324,681,54488758,37155525,6,24,0,68,0,0,1,48,1,0,13,9,15,15
243133,University of Puerto Rico-Bayamon,PR,Puerto Rico,"Degree-granting, primarily baccalaureate or above",2015,2014,1158,92614947,56339064,3,79,0,17,0,0,0,47,0,4,5,11,11,22
243133,University of Puerto Rico-Bayamon,PR,Puerto Rico,"Degree-granting, primarily baccalaureate or above",2016,2083,1147,57293658,56885394,5,66,0,29,0,0,0,49,0,4,6,11,11,20
243133,University of Puerto Rico-Bayamon,PR,Puerto Rico,"Degree-granting, primarily baccalaureate or above",2017,2083,962,62176203,54496198,4,68,0,27,0,0,0,45,0,2,6,10,11,25
243133,University of Puerto Rico-Bayamon,PR,Puerto Rico,"Degree-granting, primarily baccalaureate or above",2018,4084,978,44069742,65440478,6,58,0,36,0,0,0,50,0,2,7,10,13,19
243133,University of Puerto Rico-Bayamon,PR,Puerto Rico,"Degree-granting, primarily baccalaureate or above",2019,4198,893,55449963,56583226,8,42,0,29,0,0,21,39,0,1,5,7,9,38
243133,University of Puerto Rico-Bayamon,PR,Puerto Rico,"Degree-granting, primarily baccalaureate or above",2020,4198,780,41946857,63017068,8,47,0,44,0,0,0,36,0,1,5,7,8,44
243133,University of Puerto Rico-Bayamon,PR,Puerto Rico,"Degree-granting, primarily baccalaureate or above",2021,4970,817,57448777,58753762,5,40,0,55,0,0,0,33,0,3,10,5,9,40
243133,University of Puerto Rico-Bayamon,PR,Puerto Rico,"Degree-granting, primarily baccalaureate or above",2022,6284,685,56094851,36999558,6,29,0,64,0,0,2,48,0,3,12,8,20,9
243142,University of Puerto Rico-Carolina,PR,Puerto Rico,"Degree-granting, primarily baccalaureate or above",2015,3056,922,72567191,41597011,3,76,0,20,0,0,1,40,0,1,15,9,14,20
243142,University of Puerto Rico-Carolina,PR,Puerto Rico,"Degree-granting, primarily baccalaureate or above",2016,3107,934,45421196,41094262,5,61,0,33,0,0,1,39,0,1,16,9,15,19
243142,University of Puerto Rico-Carolina,PR,Puerto Rico,"Degree-granting, primarily baccalaureate or above",2017,3158,780,45406476,36884706,6,68,0,26,0,0,0,39,0,2,15,10,15,20
243142,University of Puerto Rico-Carolina,PR,Puerto Rico,"Degree-granting, primarily baccalaureate or above",2018,6121,706,41371356,50827045,12,50,0,38,0,0,1,39,0,1,14,8,12,27
243142,University of Puerto Rico-Carolina,PR,Puerto Rico,"Degree-granting, primarily baccalaureate or above",2019,6292,569,36122195,40216849,9,43,0,37,0,0,11,35,0,0,11,8,10,36
243142,University of Puerto Rico-Carolina,PR,Puerto Rico,"Degree-granting, primarily baccalaureate or above",2020,6252,523,29134994,46938232,9,45,0,45,0,0,1,29,0,0,11,7,10,43
243142,University of Puerto Rico-Carolina,PR,Puerto Rico,"Degree-granting, primarily baccalaureate or above",2021,7410,621,40754678,39137454,9,30,0,61,0,0,0,30,0,0,12,8,13,37
243142,University of Puerto Rico-Carolina,PR,Puerto Rico,"Degree-granting, primarily baccalaureate or above",2022,7986,701,39223254,28262050,7,36,0,55,0,0,1,38,2,1,18,10,29,2
243151,University of Puerto Rico-Cayey,PR,Puerto Rico,"Degree-granting, primarily baccalaureate or above",2015,2049,826,41117919,60764166,5,55,0,34,2,0,4,36,4,0,8,6,17,29
243151,University of Puerto Rico-Cayey,PR,Puerto Rico,"Degree-granting, primarily baccalaureate or above",2016,2083,808,52005224,51332838,4,67,0,28,1,0,1,41,4,0,9,7,20,19
243151,University of Puerto Rico-Cayey,PR,Puerto Rico,"Degree-granting, primarily baccalaureate or above",2017,2083,686,56850584,49342547,3,70,0,26,0,0,1,38,4,0,8,7,19,23
243151,University of Puerto Rico-Cayey,PR,Puerto Rico,"Degree-granting, primarily baccalaureate or above",2018,4089,590,39989870,58765068,5,58,0,36,0,0,1,44,4,1,7,8,18,18
243151,University of Puerto Rico-Cayey,PR,Puerto Rico,"Degree-granting, primarily baccalaureate or above",2019,4208,562,47988673,52466368,8,47,0,30,0,0,15,32,5,1,7,5,12,38
243151,University of Puerto Rico-Cayey,PR,Puerto Rico,"Degree-granting, primarily baccalaureate or above",2020,4208,554,41007454,60552834,6,52,0,41,1,0,0,27,4,2,5,5,13,45
243151,University of Puerto Rico-Cayey,PR,Puerto Rico,"Degree-granting, primarily baccalaureate or above",2021,4790,577,54178677,50400741,1,44,0,53,1,0,1,24,4,9,9,5,10,40
243151,University of Puerto Rico-Cayey,PR,Puerto Rico,"Degree-granting, primarily baccalaureate or above",2022,5354,483,50274516,30817708,3,24,0,71,1,0,1,44,5,2,11,7,27,5
243179,University of Puerto Rico-Humacao,PR,Puerto Rico,"Degree-granting, primarily baccalaureate or above",2015,2049,990,57966106,69822269,3,66,0,29,1,0,1,44,2,0,6,7,14,27
243179,University of Puerto Rico-Humacao,PR,Puerto Rico,"Degree-granting, primarily baccalaureate or above",2016,2083,972,61499592,60174712,3,68,0,28,0,0,1,48,3,0,6,8,16,17
243179,University of Puerto Rico-Humacao,PR,Puerto Rico,"Degree-granting, primarily baccalaureate or above",2017,2117,672,63400349,55556141,2,68,0,29,0,0,0,44,3,1,6,7,15,24
243179,University of Puerto Rico-Humacao,PR,Puerto Rico,"Degree-granting, primarily baccalaureate or above",2018,4094,648,46294575,71383891,4,59,0,35,0,0,1,49,4,0,5,8,15,18
243179,University of Puerto Rico-Humacao,PR,Puerto Rico,"Degree-granting, primarily baccalaureate or above",2019,4208,711,69001377,64297211,4,43,0,26,1,0,26,38,4,0,4,6,11,38
243179,University of Puerto Rico-Humacao,PR,Puerto Rico,"Degree-granting, primarily baccalaureate or above",2020,4208,709,48906966,69815611,5,54,0,40,1,0,1,33,3,0,3,5,10,45
243179,University of Puerto Rico-Humacao,PR,Puerto Rico,"Degree-granting, primarily baccalaureate or above",2021,4980,686,58286679,61432221,5,45,0,49,1,0,1,37,4,0,7,5,9,39
243179,University of Puerto Rico-Humacao,PR,Puerto Rico,"Degree-granting, primarily baccalaureate or above",2022,5364,603,54779018,37883316,5,26,0,67,1,0,1,62,6,1,8,8,18,-3
243197,University of Puerto Rico-Mayaguez,PR,Puerto Rico,"Degree-granting, primarily baccalaureate or above",2015,2049,2371,316414400,260865608,2,75,0,19,2,0,2,37,16,11,6,4,14,11
243197,University of Puerto Rico-Mayaguez,PR,Puerto Rico,"Degree-granting, primarily baccalaureate or above",2016,2083,2334,265891468,270390478,4,66,0,26,3,0,2,34,16,11,8,4,15,11
243197,University of Puerto Rico-Mayaguez,PR,Puerto Rico,"Degree-granting, primarily baccalaureate or above",2017,2083,2290,267948566,255583711,3,71,0,22,2,0,1,32,17,10,5,4,14,17
243197,University of Puerto Rico-Mayaguez,PR,Puerto Rico,"Degree-granting, primarily baccalaureate or above",2018,4094,2114,198772376,305014393,5,55,0,37,1,0,2,36,17,11,6,4,15,12
243197,University of Puerto Rico-Mayaguez,PR,Puerto Rico,"Degree-granting, primarily baccalaureate or above",2019,4168,1928,251156027,279501784,7,52,0,30,2,0,9,23,15,8,5,3,8,37
243197,University of Puerto Rico-Mayaguez,PR,Puerto Rico,"Degree-granting, primarily baccalaureate or above",2020,4168,1902,211539183,324280846,8,48,0,39,2,0,2,21,11,8,4,3,10,43
243197,University of Puerto Rico-Mayaguez,PR,Puerto Rico,"Degree-granting, primarily baccalaureate or above",2021,4870,1809,254473030,284340652,6,46,0,45,1,0,1,22,14,7,8,3,12,34
243197,University of Puerto Rico-Mayaguez,PR,Puerto Rico,"Degree-granting, primarily baccalaureate or above",2022,5274,1667,263899113,174969653,6,37,0,51,2,0,3,33,23,13,12,4,24,-8
243221,University of Puerto Rico-Rio Piedras,PR,Puerto Rico,"Degree-granting, primarily baccalaureate or above",2015,2019,2769,354144751,294152969,4,79,0,14,1,0,1,48,8,2,15,6,9,12
243221,University of Puerto Rico-Rio Piedras,PR,Puerto Rico,"Degree-granting, primarily baccalaureate or above",2016,2078,2759,295663959,289735007,5,76,0,17,0,0,1,49,8,2,15,6,9,11
243221,University of Puerto Rico-Rio Piedras,PR,Puerto Rico,"Degree-granting, primarily baccalaureate or above",2017,2046,2129,322625552,284207122,4,79,0,15,1,0,1,49,6,2,14,6,8,15
243221,University of Puerto Rico-Rio Piedras,PR,Puerto Rico,"Degree-granting, primarily baccalaureate or above",2018,4094,2169,211029606,328496306,6,69,0,23,1,0,1,53,6,2,15,6,8,10
243221,University of Puerto Rico-Rio Piedras,PR,Puerto Rico,"Degree-granting, primarily baccalaureate or above",2019,4178,2217,283958800,322861849,7,62,0,19,1,0,10,37,6,2,12,4,6,32
243221,University of Puerto Rico-Rio Piedras,PR,Puerto Rico,"Degree-granting, primarily baccalaureate or above",2020,4198,2361,223038437,340367931,10,61,0,28,1,0,1,34,5,2,9,3,5,42
243221,University of Puerto Rico-Rio Piedras,PR,Puerto Rico,"Degree-granting, primarily baccalaureate or above",2021,4940,2143,266149575,294462544,7,57,0,35,1,0,0,37,7,2,11,4,5,33
243221,University of Puerto Rico-Rio Piedras,PR,Puerto Rico,"Degree-granting, primarily baccalaureate or above",2022,5324,1749,260353499,173823825,9,38,0,51,1,0,1,65,12,3,18,6,12,-16
243188,University of Puerto Rico-Utuado,PR,Puerto Rico,"Degree-granting, not primarily baccalaureate or above",2015,2049,564,30327045,21521399,3,78,0,18,0,0,0,42,0,0,8,11,18,20
243188,University of Puerto Rico-Utuado,PR,Puerto Rico,"Degree-granting, not primarily baccalaureate or above",2016,2083,651,21729406,21650271,2,70,0,27,0,0,1,42,0,1,8,11,20,19
243188,University of Puerto Rico-Utuado,PR,Puerto Rico,"Degree-granting, not primarily baccalaureate or above",2017,2117,411,24489107,21091384,3,72,0,25,0,0,0,41,0,0,8,10,17,23
243188,University of Puerto Rico-Utuado,PR,Puerto Rico,"Degree-granting, not primarily baccalaureate or above",2018,4094,259,15416043,22946220,4,63,0,32,0,0,0,43,0,1,9,11,20,17
243188,University of Puerto Rico-Utuado,PR,Puerto Rico,"Degree-granting, not primarily baccalaureate or above",2019,4198,165,18900155,19862299,5,62,0,23,0,0,10,30,1,1,7,10,16,36
243188,University of Puerto Rico-Utuado,PR,Puerto Rico,"Degree-granting, not primarily baccalaureate or above",2020,4168,167,14342800,21288415,3,68,0,29,0,0,0,27,1,0,7,8,15,42
243188,University of Puerto Rico-Utuado,PR,Puerto Rico,"Degree-granting, not primarily baccalaureate or above",2021,4970,124,19409289,19731277,3,56,0,41,0,0,0,30,1,0,10,8,16,35
243188,University of Puerto Rico-Utuado,PR,Puerto Rico,"Degree-granting, not primarily baccalaureate or above",2022,5354,80,19174855,11079578,2,27,0,67,0,0,4,48,1,1,18,11,32,-11
217420,Rhode Island College,RI,Rhode Island,"Degree-granting, primarily baccalaureate or above",2015,8197,1113,123942360,119461656,36,34,0,21,1,0,9,46,11,1,11,9,16,6
217420,Rhode Island College,RI,Rhode Island,"Degree-granting, primarily baccalaureate or above",2016,8206,1170,139811045,126548985,34,32,0,19,1,0,15,45,11,1,11,9,18,5
217420,Rhode Island College,RI,Rhode Island,"Degree-granting, primarily baccalaureate or above",2017,8776,1040,149001953,130691248,30,32,0,17,1,0,20,49,10,1,12,9,13,4
217420,Rhode Island College,RI,Rhode Island,"Degree-granting, primarily baccalaureate or above",2018,8929,849,148589719,134837530,31,32,0,18,0,0,18,48,11,1,11,10,15,4
217420,Rhode Island College,RI,Rhode Island,"Degree-granting, primarily baccalaureate or above",2019,9578,953,144863453,134626756,31,34,0,18,1,0,16,49,11,1,11,10,11,7
217420,Rhode Island College,RI,Rhode Island,"Degree-granting, primarily baccalaureate or above",2020,10260,819,143413983,137739798,34,33,0,23,1,0,9,48,9,1,11,9,11,9
217420,Rhode Island College,RI,Rhode Island,"Degree-granting, primarily baccalaureate or above",2021,10702,609,161329181,141855484,32,32,0,25,1,0,10,46,10,1,11,8,14,11
217420,Rhode Island College,RI,Rhode Island,"Degree-granting, primarily baccalaureate or above",2022,10966,674,172451095,144661465,29,35,0,22,1,0,13,46,10,1,10,10,11,13
217484,University of Rhode Island,RI,Rhode Island,"Degree-granting, primarily baccalaureate or above",2015,12862,3011,436560831,376750452,47,16,0,21,3,0,13,34,23,3,13,10,11,6
217484,University of Rhode Island,RI,Rhode Island,"Degree-granting, primarily baccalaureate or above",2016,12884,3257,429540954,402499357,50,17,0,21,4,0,9,33,22,3,13,9,13,6
217484,University of Rhode Island,RI,Rhode Island,"Degree-granting, primarily baccalaureate or above",2017,13792,3171,442790539,421632787,49,17,0,21,4,0,9,33,22,2,14,9,13,6
217484,University of Rhode Island,RI,Rhode Island,"Degree-granting, primarily baccalaureate or above",2018,14138,3058,479193986,442172310,48,16,0,19,4,0,11,34,21,2,14,10,13,6
217484,University of Rhode Island,RI,Rhode Island,"Degree-granting, primarily baccalaureate or above",2019,14566,3140,527562683,453541818,44,15,0,20,3,1,16,33,22,2,14,9,12,8
217484,University of Rhode Island,RI,Rhode Island,"Degree-granting, primarily baccalaureate or above",2020,15004,3302,498313784,469320764,50,16,0,21,4,1,10,32,22,2,14,9,11,10
217484,University of Rhode Island,RI,Rhode Island,"Degree-granting, primarily baccalaureate or above",2021,15332,3340,507290827,495184345,50,15,0,27,3,0,4,31,24,2,14,9,10,10
217484,University of Rhode Island,RI,Rhode Island,"Degree-granting, primarily baccalaureate or above",2022,15880,3420,563176398,521445915,48,16,0,21,4,0,11,30,23,2,14,9,11,11
217864,Citadel Military College of South Carolina,SC,South Carolina,"Degree-granting, primarily baccalaureate or above",2015,11364,602,81075099,78627169,52,12,0,10,19,0,7,48,1,0,14,15,17,5
217864,Citadel Military College of South Carolina,SC,South Carolina,"Degree-granting, primarily baccalaureate or above",2016,11734,734,86060488,83191927,49,12,0,9,19,0,10,48,1,0,15,13,18,5
217864,Citadel Military College of South Carolina,SC,South Carolina,"Degree-granting, primarily baccalaureate or above",2017,12056,687,92376393,86521514,48,12,0,9,18,1,12,49,1,0,15,12,18,5
217864,Citadel Military College of South Carolina,SC,South Carolina,"Degree-granting, primarily baccalaureate or above",2018,12516,703,97899524,90158680,47,11,0,10,11,0,21,51,1,0,13,12,17,6
217864,Citadel Military College of South Carolina,SC,South Carolina,"Degree-granting, primarily baccalaureate or above",2019,12620,646,101030478,92831024,48,11,0,10,11,2,18,52,1,0,12,12,17,6
217864,Citadel Military College of South Carolina,SC,South Carolina,"Degree-granting, primarily baccalaureate or above",2020,12620,582,104708692,97968072,48,12,0,12,10,0,18,43,1,0,12,12,17,14
217864,Citadel Military College of South Carolina,SC,South Carolina,"Degree-granting, primarily baccalaureate or above",2021,12570,566,107603737,93851999,44,12,0,20,10,1,13,45,2,0,11,12,16,14
217864,Citadel Military College of South Carolina,SC,South Carolina,"Degree-granting, primarily baccalaureate or above",2022,12570,678,103980321,104400150,43,13,0,18,2,-1,25,44,2,0,12,10,17,13
217882,Clemson University,SC,South Carolina,"Degree-granting, primarily baccalaureate or above",2015,14272,3447,675794348,697713187,47,16,0,20,5,1,12,39,24,11,8,6,7,4
217882,Clemson University,SC,South Carolina,"Degree-granting, primarily baccalaureate or above",2016,14708,3684,761328774,700994951,45,14,0,19,6,0,16,40,25,11,8,6,7,4
217882,Clemson University,SC,South Carolina,"Degree-granting, primarily baccalaureate or above",2017,15116,3650,862582473,750336887,42,14,0,18,8,3,15,38,24,11,8,6,6,7
217882,Clemson University,SC,South Carolina,"Degree-granting, primarily baccalaureate or above",2018,15374,3792,881064427,828245710,45,14,0,19,9,2,10,37,24,10,8,6,7,9
217882,Clemson University,SC,South Carolina,"Degree-granting, primarily baccalaureate or above",2019,15558,3932,981015761,867494322,43,14,0,19,9,3,12,37,24,10,8,6,7,8
217882,Clemson University,SC,South Carolina,"Degree-granting, primarily baccalaureate or above",2020,15558,4199,1027504037,967134054,45,14,0,21,8,2,10,34,23,9,9,6,7,12
217882,Clemson University,SC,South Carolina,"Degree-granting, primarily baccalaureate or above",2021,15558,4593,1128516238,979212551,42,13,0,19,15,5,6,32,23,9,9,7,7,13
217882,Clemson University,SC,South Carolina,"Degree-granting, primarily baccalaureate or above",2022,15558,4588,1144016896,994375218,45,14,0,23,9,-3,12,34,25,9,9,6,7,10
218724,Coastal Carolina University,SC,South Carolina,"Degree-granting, primarily baccalaureate or above",2015,10530,2368,189747403,175521858,62,6,0,16,2,0,14,47,1,1,8,21,12,10
218724,Coastal Carolina University,SC,South Carolina,"Degree-granting, primarily baccalaureate or above",2016,10876,2249,194820982,187246782,66,6,0,16,2,0,10,50,1,1,8,21,11,9
218724,Coastal Carolina University,SC,South Carolina,"Degree-granting, primarily baccalaureate or above",2017,11200,2390,203034933,208396379,66,6,0,16,2,0,9,48,1,1,8,23,10,9
218724,Coastal Carolina University,SC,South Carolina,"Degree-granting, primarily baccalaureate or above",2018,11716,2329,212293311,221099169,64,6,0,15,4,0,10,49,1,1,8,22,11,9
218724,Coastal Carolina University,SC,South Carolina,"Degree-granting, primarily baccalaureate or above",2019,11640,2304,222474064,227312770,61,7,0,15,3,2,12,41,1,1,7,18,10,22
218724,Coastal Carolina University,SC,South Carolina,"Degree-granting, primarily baccalaureate or above",2020,11640,2056,233817924,237394635,59,8,0,19,2,1,11,40,1,1,7,18,10,23
218724,Coastal Carolina University,SC,South Carolina,"Degree-granting, primarily baccalaureate or above",2021,11640,2519,239176002,225224323,55,7,1,26,3,0,8,37,1,6,6,17,8,25
218724,Coastal Carolina University,SC,South Carolina,"Degree-granting, primarily baccalaureate or above",2022,11640,2662,265669304,234194053,52,8,0,24,3,-2,16,40,1,3,6,21,8,21
217819,College of Charleston,SC,South Carolina,"Degree-granting, primarily baccalaureate or above",2015,11322,2237,215104722,202644589,66,10,0,18,2,1,3,52,5,1,9,8,19,5
217819,College of Charleston,SC,South Carolina,"Degree-granting, primarily baccalaureate or above",2016,11805,2349,216087158,204482637,66,10,0,19,2,0,2,52,5,1,9,8,18,5
217819,College of Charleston,SC,South Carolina,"Degree-granting, primarily baccalaureate or above",2017,12422,1840,221890002,207895857,66,12,0,18,2,0,2,54,4,1,9,8,19,5
217819,College of Charleston,SC,South Carolina,"Degree-granting, primarily baccalaureate or above",2018,12838,2199,221387143,212189363,66,12,0,18,2,0,2,50,3,1,9,8,18,10
217819,College of Charleston,SC,South Carolina,"Degree-granting, primarily baccalaureate or above",2019,12939,2051,230367540,227185481,65,12,0,18,2,1,2,44,5,1,10,8,19,14
217819,College of Charleston,SC,South Carolina,"Degree-granting, primarily baccalaureate or above",2020,12978,2052,241548787,230301773,63,13,0,18,2,2,2,43,3,1,9,8,17,20
217819,College of Charleston,SC,South Carolina,"Degree-granting, primarily baccalaureate or above",2021,12978,2473,243726638,232239473,61,13,0,23,2,0,1,39,3,1,8,7,18,24
217819,College of Charleston,SC,South Carolina,"Degree-granting, primarily baccalaureate or above",2022,12978,2210,272944066,230313594,62,13,0,24,2,-2,1,39,3,1,8,7,18,24
218061,Francis Marion University,SC,South Carolina,"Degree-granting, primarily baccalaureate or above",2015,10100,739,62513102,62172963,32,22,0,32,4,0,10,52,0,5,10,12,14,7
218061,Francis Marion University,SC,South Carolina,"Degree-granting, primarily baccalaureate or above",2016,10428,729,65601430,62641221,32,22,0,31,4,0,11,53,0,5,10,12,13,6
218061,Francis Marion University,SC,South Carolina,"Degree-granting, primarily baccalaureate or above",2017,10742,690,63009188,65069434,35,25,0,32,4,0,4,54,0,5,10,11,14,6
218061,Francis Marion University,SC,South Carolina,"Degree-granting, primarily baccalaureate or above",2018,11976,762,66706220,67967094,34,24,0,32,3,0,7,54,0,4,10,12,14,5
218061,Francis Marion University,SC,South Carolina,"Degree-granting, primarily baccalaureate or above",2019,11160,720,76390816,70141788,30,22,0,29,3,1,16,45,0,4,9,11,14,17
218061,Francis Marion University,SC,South Carolina,"Degree-granting, primarily baccalaureate or above",2020,11160,727,81239408,75820574,33,24,0,31,3,1,9,43,0,3,8,10,13,23
218061,Francis Marion University,SC,South Carolina,"Degree-granting, primarily baccalaureate or above",2021,11160,699,77374621,78756010,34,25,0,37,2,0,3,43,0,3,8,9,13,25
218061,Francis Marion University,SC,South Carolina,"Degree-granting, primarily baccalaureate or above",2022,11160,612,129644982,75882705,17,16,0,22,2,0,44,44,1,3,9,10,12,21
218229,Lander University,SC,South Carolina,"Degree-granting, primarily baccalaureate or above",2015,10752,558,37699344,39221781,40,20,0,33,4,0,3,37,0,1,10,17,14,21
218229,Lander University,SC,South Carolina,"Degree-granting, primarily baccalaureate or above",2016,11200,608,37071745,44732479,41,21,0,33,3,0,2,31,0,1,6,16,12,35
218229,Lander University,SC,South Carolina,"Degree-granting, primarily baccalaureate or above",2017,11700,765,39542998,45535615,40,22,0,32,3,0,2,31,0,1,6,17,14,30
218229,Lander University,SC,South Carolina,"Degree-granting, primarily baccalaureate or above",2018,11700,870,42166200,50506957,37,22,0,36,3,0,2,32,0,1,6,17,12,31
218229,Lander University,SC,South Carolina,"Degree-granting, primarily baccalaureate or above",2019,11700,943,43242587,51932169,33,23,0,37,3,1,3,32,0,1,6,18,13,31
218229,Lander University,SC,South Carolina,"Degree-granting, primarily baccalaureate or above",2020,11700,861,53701389,58463353,25,31,0,39,3,1,2,32,0,1,6,17,13,31
218229,Lander University,SC,South Carolina,"Degree-granting, primarily baccalaureate or above",2021,11700,899,53376944,68180869,28,23,0,43,3,0,2,30,0,1,5,17,13,34
218229,Lander University,SC,South Carolina,"Degree-granting, primarily baccalaureate or above",2022,11700,842,59953607,74635166,24,20,0,52,2,0,2,29,0,0,5,17,19,30
218733,South Carolina State University,SC,South Carolina,"Degree-granting, primarily baccalaureate or above",2015,10088,494,83880974,86341878,34,24,0,35,2,0,5,30,6,5,6,14,21,19
218733,South Carolina State University,SC,South Carolina,"Degree-granting, primarily baccalaureate or above",2016,10420,628,81731347,75698107,31,30,0,33,1,0,4,29,6,7,5,14,21,19
218733,South Carolina State University,SC,South Carolina,"Degree-granting, primarily baccalaureate or above",2017,10740,591,92558319,62701900,28,27,0,30,1,0,14,27,10,5,6,16,19,16
218733,South Carolina State University,SC,South Carolina,"Degree-granting, primarily baccalaureate or above",2018,11060,541,81897036,79352430,31,26,0,34,1,0,8,28,10,5,5,15,24,12
218733,South Carolina State University,SC,South Carolina,"Degree-granting, primarily baccalaureate or above",2019,11060,371,88741150,74576292,28,28,0,32,1,0,11,31,11,6,6,17,12,18
218733,South Carolina State University,SC,South Carolina,"Degree-granting, primarily baccalaureate or above",2020,11060,479,96177674,81468570,23,28,0,38,1,0,10,25,10,9,6,14,17,20
218733,South Carolina State University,SC,South Carolina,"Degree-granting, primarily baccalaureate or above",2021,11060,586,121921802,89177211,16,21,0,31,3,0,29,22,9,7,5,14,21,23
218733,South Carolina State University,SC,South Carolina,"Degree-granting, primarily baccalaureate or above",2022,11060,902,105554378,102729426,20,30,0,46,0,1,4,21,7,5,5,16,13,33
218645,University of South Carolina Aiken,SC,South Carolina,"Degree-granting, primarily baccalaureate or above",2015,9878,616,43296188,42781394,42,17,0,31,3,0,6,50,2,7,11,17,11,2
218645,University of South Carolina Aiken,SC,South Carolina,"Degree-granting, primarily baccalaureate or above",2016,10196,623,45654496,43356139,42,17,0,32,3,0,6,49,3,7,11,17,12,3
218645,University of South Carolina Aiken,SC,South Carolina,"Degree-granting, primarily baccalaureate or above",2017,10502,573,48804270,47030480,41,16,0,35,3,0,5,48,3,7,10,16,11,6
218645,University of South Carolina Aiken,SC,South Carolina,"Degree-granting, primarily baccalaureate or above",2018,10760,549,49331432,48818123,39,17,0,35,3,0,5,46,3,6,11,15,11,8
218645,University of South Carolina Aiken,SC,South Carolina,"Degree-granting, primarily baccalaureate or above",2019,10760,558,50306473,51052545,39,18,0,35,2,0,5,46,3,5,10,15,12,9
218645,University of South Carolina Aiken,SC,South Carolina,"Degree-granting, primarily baccalaureate or above",2020,10760,542,55388203,54350054,33,19,0,35,2,0,10,47,2,5,9,15,11,11
218645,University of South Carolina Aiken,SC,South Carolina,"Degree-granting, primarily baccalaureate or above",2021,10760,526,61430130,56046774,36,17,0,36,2,0,9,49,1,4,7,13,10,15
218645,University of South Carolina Aiken,SC,South Carolina,"Degree-granting, primarily baccalaureate or above",2022,10760,552,71538199,61288205,28,17,0,34,1,0,20,47,1,4,8,14,11,14
218654,University of South Carolina Beaufort,SC,South Carolina,"Degree-granting, primarily baccalaureate or above",2015,9848,517,24390905,24741492,45,14,0,27,7,0,7,44,3,5,17,20,9,2
218654,University of South Carolina Beaufort,SC,South Carolina,"Degree-granting, primarily baccalaureate or above",2016,10166,487,26686422,27582055,46,12,0,28,6,0,8,47,2,5,16,19,9,3
218654,University of South Carolina Beaufort,SC,South Carolina,"Degree-granting, primarily baccalaureate or above",2017,10647,487,30289264,30059053,42,12,0,27,8,0,11,50,2,4,16,18,7,3
218654,University of South Carolina Beaufort,SC,South Carolina,"Degree-granting, primarily baccalaureate or above",2018,10730,413,44053095,32133298,29,8,0,21,6,0,35,47,2,5,15,17,8,6
218654,University of South Carolina Beaufort,SC,South Carolina,"Degree-granting, primarily baccalaureate or above",2019,10730,449,41053256,32300142,32,10,0,24,7,0,27,47,2,4,16,15,7,8
218654,University of South Carolina Beaufort,SC,South Carolina,"Degree-granting, primarily baccalaureate or above",2020,10730,358,34167715,36679159,38,17,0,31,7,0,5,44,2,4,17,15,7,11
218654,University of South Carolina Beaufort,SC,South Carolina,"Degree-granting, primarily baccalaureate or above",2021,10730,424,37898547,37040549,31,16,0,47,3,0,3,42,3,3,14,16,8,15
218654,University of South Carolina Beaufort,SC,South Carolina,"Degree-granting, primarily baccalaureate or above",2022,10730,476,57794415,42235901,19,15,4,31,2,0,29,38,4,3,11,16,11,15
218663,University of South Carolina-Columbia,SC,South Carolina,"Degree-granting, primarily baccalaureate or above",2015,11482,5199,909963472,807992014,42,13,0,24,8,1,12,45,18,9,12,7,8,2
218663,University of South Carolina-Columbia,SC,South Carolina,"Degree-granting, primarily baccalaureate or above",2016,11454,5110,897551694,839441630,46,13,0,25,8,1,7,46,17,8,11,7,10,2
218663,University of South Carolina-Columbia,SC,South Carolina,"Degree-granting, primarily baccalaureate or above",2017,11862,5879,938322316,900500211,48,14,0,23,9,1,6,47,17,7,10,7,10,2
218663,University of South Carolina-Columbia,SC,South Carolina,"Degree-granting, primarily baccalaureate or above",2018,12616,5854,991496909,931048658,48,13,0,23,9,0,5,46,16,7,9,6,10,6
218663,University of South Carolina-Columbia,SC,South Carolina,"Degree-granting, primarily baccalaureate or above",2019,12688,6286,1056569944,982839661,47,13,0,23,8,2,6,45,17,6,10,7,8,8
218663,University of South Carolina-Columbia,SC,South Carolina,"Degree-granting, primarily baccalaureate or above",2020,12688,5742,1082346483,1029917304,46,15,0,24,7,2,6,43,15,7,11,6,8,9
218663,University of South Carolina-Columbia,SC,South Carolina,"Degree-granting, primarily baccalaureate or above",2021,12688,6174,1133792646,1040829391,44,14,0,31,7,0,3,41,15,8,10,5,8,12
218663,University of South Carolina-Columbia,SC,South Carolina,"Degree-granting, primarily baccalaureate or above",2022,12688,6574,1243457536,1132027562,40,14,0,27,9,0,10,42,15,7,13,6,9,9
218672,University of South Carolina-Lancaster,SC,South Carolina,"Degree-granting, associate's and certificates  ",2015,6878,359,13314415,12984737,21,20,0,41,10,0,7,55,1,3,7,15,11,9
218672,University of South Carolina-Lancaster,SC,South Carolina,"Degree-granting, associate's and certificates  ",2016,6702,287,13248366,14681626,24,15,0,46,9,0,7,54,1,3,6,18,9,9
218672,University of South Carolina-Lancaster,SC,South Carolina,"Degree-granting, associate's and certificates  ",2017,6948,319,13887898,14113447,22,16,0,42,9,0,11,56,2,3,7,14,10,8
218672,University of South Carolina-Lancaster,SC,South Carolina,"Degree-granting, associate's and certificates  ",2018,7558,325,13493927,14988954,23,18,0,45,9,0,4,55,1,2,5,15,11,12
218672,University of South Carolina-Lancaster,SC,South Carolina,"Degree-granting, associate's and certificates  ",2019,7558,334,16560464,15281658,18,20,0,40,8,0,14,49,1,1,5,17,13,14
218672,University of South Carolina-Lancaster,SC,South Carolina,"Degree-granting, associate's and certificates  ",2020,7558,337,18212348,16141771,14,20,0,36,9,0,22,53,0,1,5,15,13,13
218672,University of South Carolina-Lancaster,SC,South Carolina,"Degree-granting, associate's and certificates  ",2021,7558,367,16452086,17140899,16,21,0,51,9,0,3,48,1,1,5,13,15,18
218672,University of South Carolina-Lancaster,SC,South Carolina,"Degree-granting, associate's and certificates  ",2022,7558,341,24085622,18253234,9,19,7,36,0,0,29,47,0,1,6,15,17,14
218681,University of South Carolina-Salkehatchie,SC,South Carolina,"Degree-granting, associate's and certificates  ",2015,6878,258,8036808,8360938,17,24,0,53,1,0,5,41,1,3,11,20,15,8
218681,University of South Carolina-Salkehatchie,SC,South Carolina,"Degree-granting, associate's and certificates  ",2016,6702,304,7749927,8569491,17,21,0,55,0,0,7,40,0,3,10,24,14,8
218681,University of South Carolina-Salkehatchie,SC,South Carolina,"Degree-granting, associate's and certificates  ",2017,6948,240,8976558,8005605,18,23,0,49,0,0,10,43,0,2,10,22,14,8
218681,University of South Carolina-Salkehatchie,SC,South Carolina,"Degree-granting, associate's and certificates  ",2018,7558,271,8572837,8704091,18,21,0,55,0,0,6,40,1,3,10,20,12,14
218681,University of South Carolina-Salkehatchie,SC,South Carolina,"Degree-granting, associate's and certificates  ",2019,7558,220,9828928,9338104,15,20,0,48,0,0,16,39,0,3,10,22,11,15
218681,University of South Carolina-Salkehatchie,SC,South Carolina,"Degree-granting, associate's and certificates  ",2020,7558,215,9774235,9381720,11,25,0,45,1,0,18,42,0,1,8,22,10,17
218681,University of South Carolina-Salkehatchie,SC,South Carolina,"Degree-granting, associate's and certificates  ",2021,7558,132,10040501,9645398,14,25,0,58,0,0,3,38,1,1,7,17,11,24
218681,University of South Carolina-Salkehatchie,SC,South Carolina,"Degree-granting, associate's and certificates  ",2022,7558,135,13912931,11822059,9,21,1,44,0,0,25,34,1,3,8,18,16,19
218690,University of South Carolina-Sumter,SC,South Carolina,"Degree-granting, associate's and certificates  ",2015,6878,194,9423350,9099829,20,33,0,36,5,0,7,48,1,0,14,20,12,6
218690,University of South Carolina-Sumter,SC,South Carolina,"Degree-granting, associate's and certificates  ",2016,6702,219,9677183,9594100,19,30,0,37,5,0,9,46,1,0,11,23,14,6
218690,University of South Carolina-Sumter,SC,South Carolina,"Degree-granting, associate's and certificates  ",2017,6948,268,11034901,9528271,19,29,0,29,7,0,17,47,1,0,12,20,15,5
218690,University of South Carolina-Sumter,SC,South Carolina,"Degree-granting, associate's and certificates  ",2018,7558,255,10696871,10905384,21,29,0,40,7,0,3,43,0,0,12,22,13,9
218690,University of South Carolina-Sumter,SC,South Carolina,"Degree-granting, associate's and certificates  ",2019,7558,258,13798722,12710854,18,24,0,33,6,0,19,45,0,0,10,23,12,10
218690,University of South Carolina-Sumter,SC,South Carolina,"Degree-granting, associate's and certificates  ",2020,7558,240,14560659,12930605,14,27,0,36,6,0,17,43,1,0,9,21,13,12
218690,University of South Carolina-Sumter,SC,South Carolina,"Degree-granting, associate's and certificates  ",2021,7558,265,14645564,14466373,14,27,0,46,3,0,11,43,2,1,9,18,11,16
218690,University of South Carolina-Sumter,SC,South Carolina,"Degree-granting, associate's and certificates  ",2022,7558,207,26937004,17081089,8,18,2,26,1,0,46,39,1,0,8,18,20,14
218706,University of South Carolina-Union,SC,South Carolina,"Degree-granting, associate's and certificates  ",2015,6878,98,4797246,4877919,16,23,0,53,4,0,5,45,0,1,14,16,13,11
218706,University of South Carolina-Union,SC,South Carolina,"Degree-granting, associate's and certificates  ",2016,6702,102,4024745,4854998,14,20,0,60,1,0,5,45,1,1,13,19,12,8
218706,University of South Carolina-Union,SC,South Carolina,"Degree-granting, associate's and certificates  ",2017,6948,181,4782884,4845562,15,17,0,53,4,0,10,49,1,1,15,15,13,8
218706,University of South Carolina-Union,SC,South Carolina,"Degree-granting, associate's and certificates  ",2018,7558,177,5202411,6092019,17,17,0,61,1,0,4,48,0,1,14,12,11,14
218706,University of South Carolina-Union,SC,South Carolina,"Degree-granting, associate's and certificates  ",2019,7558,148,8127250,7193699,15,19,0,45,3,0,18,41,0,1,13,12,17,15
218706,University of South Carolina-Union,SC,South Carolina,"Degree-granting, associate's and certificates  ",2020,7558,132,7197558,7459801,18,22,0,53,2,0,4,43,0,0,12,13,16,17
218706,University of South Carolina-Union,SC,South Carolina,"Degree-granting, associate's and certificates  ",2021,7558,147,9436696,9567976,19,17,0,48,1,0,15,44,0,0,12,13,13,18
218706,University of South Carolina-Union,SC,South Carolina,"Degree-granting, associate's and certificates  ",2022,7558,110,12742540,9852446,12,17,0,40,1,0,30,39,1,0,13,14,16,16
218742,University of South Carolina-Upstate,SC,South Carolina,"Degree-granting, primarily baccalaureate or above",2015,10818,835,68449310,68126493,44,15,0,34,1,0,6,52,0,2,12,18,13,2
218742,University of South Carolina-Upstate,SC,South Carolina,"Degree-granting, primarily baccalaureate or above",2016,11190,762,72779107,70263420,44,15,0,33,1,0,7,53,0,2,11,16,16,2
218742,University of South Carolina-Upstate,SC,South Carolina,"Degree-granting, primarily baccalaureate or above",2017,11520,879,73997158,73205214,46,15,0,33,1,0,6,53,0,3,10,16,15,2
218742,University of South Carolina-Upstate,SC,South Carolina,"Degree-granting, primarily baccalaureate or above",2018,11852,1011,77160507,75783953,45,15,0,35,0,0,5,49,0,2,10,16,18,6
218742,University of South Carolina-Upstate,SC,South Carolina,"Degree-granting, primarily baccalaureate or above",2019,11558,881,85115914,82563910,41,15,0,34,0,1,9,46,0,2,13,15,16,8
218742,University of South Carolina-Upstate,SC,South Carolina,"Degree-granting, primarily baccalaureate or above",2020,11583,754,88006243,85200673,37,18,0,35,0,1,9,48,0,2,13,16,13,9
218742,University of South Carolina-Upstate,SC,South Carolina,"Degree-granting, primarily baccalaureate or above",2021,11583,597,89663163,87981472,37,17,0,41,0,0,4,42,4,1,11,14,12,16
218742,University of South Carolina-Upstate,SC,South Carolina,"Degree-granting, primarily baccalaureate or above",2022,11583,688,123284080,94024427,22,15,0,44,0,0,19,38,3,1,13,15,12,17
218964,Winthrop University,SC,South Carolina,"Degree-granting, primarily baccalaureate or above",2015,14456,1090,103835796,107422209,45,14,0,32,2,0,7,46,8,4,9,14,12,6
218964,Winthrop University,SC,South Carolina,"Degree-granting, primarily baccalaureate or above",2016,14810,1072,101845042,104303287,46,15,0,29,3,0,7,49,2,5,9,16,12,7
218964,Winthrop University,SC,South Carolina,"Degree-granting, primarily baccalaureate or above",2017,15220,1050,111999296,114138849,42,14,0,32,2,0,9,46,2,10,9,15,12,7
218964,Winthrop University,SC,South Carolina,"Degree-granting, primarily baccalaureate or above",2018,15730,991,117716105,125504418,39,14,0,37,2,0,8,42,1,14,8,15,10,10
218964,Winthrop University,SC,South Carolina,"Degree-granting, primarily baccalaureate or above",2019,15806,1073,117637338,121092924,39,15,0,34,3,1,8,39,2,11,8,14,10,17
218964,Winthrop University,SC,South Carolina,"Degree-granting, primarily baccalaureate or above",2020,15836,964,121619515,122546046,41,17,0,33,2,1,6,38,2,9,7,15,11,19
218964,Winthrop University,SC,South Carolina,"Degree-granting, primarily baccalaureate or above",2021,15846,818,131977405,125434242,37,15,0,41,2,0,6,36,2,8,7,14,10,23
218964,Winthrop University,SC,South Carolina,"Degree-granting, primarily baccalaureate or above",2022,15866,709,133541311,129401968,31,17,0,41,2,-1,11,37,2,9,7,15,9,22
219046,Black Hills State University,SD,South Dakota,"Degree-granting, primarily baccalaureate or above",2015,8004,520,45561052,42165073,42,19,0,20,5,0,13,45,5,3,11,14,15,7
219046,Black Hills State University,SD,South Dakota,"Degree-granting, primarily baccalaureate or above",2016,8004,564,47300042,43468349,42,19,0,19,8,0,12,44,5,3,11,15,16,6
219046,Black Hills State University,SD,South Dakota,"Degree-granting, primarily baccalaureate or above",2017,8602,555,47591211,44217821,40,20,0,19,7,0,14,43,4,3,11,18,16,5
219046,Black Hills State University,SD,South Dakota,"Degree-granting, primarily baccalaureate or above",2018,8733,489,46070684,45224898,40,21,0,20,7,0,11,43,4,2,12,19,15,5
219046,Black Hills State University,SD,South Dakota,"Degree-granting, primarily baccalaureate or above",2019,9009,521,45516073,44380215,37,21,0,19,7,0,16,41,4,3,12,20,16,5
219046,Black Hills State University,SD,South Dakota,"Degree-granting, primarily baccalaureate or above",2020,8672,437,45432662,44637158,36,23,0,22,7,0,12,43,3,2,12,18,16,6
219046,Black Hills State University,SD,South Dakota,"Degree-granting, primarily baccalaureate or above",2021,9000,452,46399327,42785442,35,22,0,26,7,0,11,36,3,2,10,14,25,11
219046,Black Hills State University,SD,South Dakota,"Degree-granting, primarily baccalaureate or above",2022,9000,481,49879634,43982425,29,22,0,18,0,0,31,29,4,3,10,12,21,21
219082,Dakota State University,SD,South Dakota,"Degree-granting, primarily baccalaureate or above",2015,7974,346,33384306,33288620,43,28,0,20,3,0,6,48,3,7,10,14,12,7
219082,Dakota State University,SD,South Dakota,"Degree-granting, primarily baccalaureate or above",2016,8927,329,38738916,33339831,39,24,0,18,7,0,11,47,6,6,10,14,13,4
219082,Dakota State University,SD,South Dakota,"Degree-granting, primarily baccalaureate or above",2017,9147,381,48302287,37620962,32,20,0,17,4,0,27,44,6,9,11,13,14,4
219082,Dakota State University,SD,South Dakota,"Degree-granting, primarily baccalaureate or above",2018,9276,405,51157021,48981371,32,19,0,29,7,0,12,41,7,6,9,12,22,3
219082,Dakota State University,SD,South Dakota,"Degree-granting, primarily baccalaureate or above",2019,9536,425,57089281,48523483,32,17,0,25,4,0,22,41,6,8,8,14,19,3
219082,Dakota State University,SD,South Dakota,"Degree-granting, primarily baccalaureate or above",2020,9536,383,54138012,49075498,33,20,0,24,12,0,10,41,8,5,9,13,19,4
219082,Dakota State University,SD,South Dakota,"Degree-granting, primarily baccalaureate or above",2021,9633,366,50842521,47767786,34,21,0,23,11,0,11,40,7,5,8,13,22,5
219082,Dakota State University,SD,South Dakota,"Degree-granting, primarily baccalaureate or above",2022,9633,372,52175241,50186505,33,21,0,25,13,0,9,38,11,5,7,14,19,6
219259,Northern State University,SD,South Dakota,"Degree-granting, primarily baccalaureate or above",2015,7887,308,40286986,34951732,29,33,0,14,8,0,16,45,0,2,14,19,12,8
219259,Northern State University,SD,South Dakota,"Degree-granting, primarily baccalaureate or above",2016,7887,319,46463839,34336802,24,28,0,11,8,0,29,45,1,2,14,19,12,7
219259,Northern State University,SD,South Dakota,"Degree-granting, primarily baccalaureate or above",2017,8280,324,43068646,37660933,26,34,0,11,9,0,20,46,1,2,13,19,11,7
219259,Northern State University,SD,South Dakota,"Degree-granting, primarily baccalaureate or above",2018,8497,339,62387449,37826793,18,24,0,8,6,0,45,45,1,2,13,19,13,7
219259,Northern State University,SD,South Dakota,"Degree-granting, primarily baccalaureate or above",2019,8750,342,67417225,41203723,16,22,0,7,5,0,49,45,0,2,13,19,13,8
219259,Northern State University,SD,South Dakota,"Degree-granting, primarily baccalaureate or above",2020,8750,341,60903589,42685627,17,26,0,7,7,0,43,44,0,2,12,19,13,10
219259,Northern State University,SD,South Dakota,"Degree-granting, primarily baccalaureate or above",2021,8845,337,70310527,39184499,14,23,0,11,7,0,45,46,1,2,11,17,14,9
219259,Northern State University,SD,South Dakota,"Degree-granting, primarily baccalaureate or above",2022,8845,299,48450834,43984179,21,34,0,12,11,0,22,43,0,2,11,19,14,10
219347,South Dakota School of Mines and Technology,SD,South Dakota,"Degree-granting, primarily baccalaureate or above",2015,11170,467,68143434,57025066,32,25,0,24,7,0,10,41,22,1,12,11,10,3
219347,South Dakota School of Mines and Technology,SD,South Dakota,"Degree-granting, primarily baccalaureate or above",2016,11160,497,70840489,57084768,33,23,0,24,8,0,11,40,25,1,11,11,9,3
219347,South Dakota School of Mines and Technology,SD,South Dakota,"Degree-granting, primarily baccalaureate or above",2017,10400,463,71583964,61411426,34,24,0,26,9,0,8,39,23,1,12,11,10,4
219347,South Dakota School of Mines and Technology,SD,South Dakota,"Degree-granting, primarily baccalaureate or above",2018,10560,459,69000735,60089122,33,25,0,26,10,0,6,42,20,2,9,13,10,3
219347,South Dakota School of Mines and Technology,SD,South Dakota,"Degree-granting, primarily baccalaureate or above",2019,10770,468,63101810,59027854,34,27,0,23,10,0,6,42,18,2,11,13,11,3
219347,South Dakota School of Mines and Technology,SD,South Dakota,"Degree-granting, primarily baccalaureate or above",2020,11020,453,68194861,64332916,30,27,0,27,10,0,6,40,18,2,11,12,12,5
219347,South Dakota School of Mines and Technology,SD,South Dakota,"Degree-granting, primarily baccalaureate or above",2021,12110,489,66279683,62614283,27,28,0,31,9,0,5,39,22,1,8,10,14,6
219347,South Dakota School of Mines and Technology,SD,South Dakota,"Degree-granting, primarily baccalaureate or above",2022,10440,538,79497765,69674987,24,26,0,31,9,0,11,37,21,1,12,12,11,6
219356,South Dakota State University,SD,South Dakota,"Degree-granting, primarily baccalaureate or above",2015,8172,2222,272217397,248617839,31,24,0,18,5,0,21,35,24,12,7,9,11,3
219356,South Dakota State University,SD,South Dakota,"Degree-granting, primarily baccalaureate or above",2016,8172,2273,301199530,256868265,30,22,0,17,5,0,26,35,24,12,6,9,11,3
219356,South Dakota State University,SD,South Dakota,"Degree-granting, primarily baccalaureate or above",2017,8441,2272,300144339,269057008,30,23,0,17,5,0,25,34,23,12,7,11,11,3
219356,South Dakota State University,SD,South Dakota,"Degree-granting, primarily baccalaureate or above",2018,8764,2180,309981950,265041379,29,23,0,16,6,0,26,35,23,12,7,11,9,4
219356,South Dakota State University,SD,South Dakota,"Degree-granting, primarily baccalaureate or above",2019,9114,2123,294619523,269994193,30,24,0,18,6,0,22,34,24,12,8,12,8,2
219356,South Dakota State University,SD,South Dakota,"Degree-granting, primarily baccalaureate or above",2020,9200,2087,281914797,269243430,31,27,0,15,7,0,20,33,22,12,8,11,7,6
219356,South Dakota State University,SD,South Dakota,"Degree-granting, primarily baccalaureate or above",2021,9299,2019,289666683,254980121,29,27,0,19,5,0,21,33,20,12,9,13,8,5
219356,South Dakota State University,SD,South Dakota,"Degree-granting, primarily baccalaureate or above",2022,9299,2191,299846806,279795539,28,28,0,20,6,0,17,30,22,12,8,12,9,6
219471,University of South Dakota,SD,South Dakota,"Degree-granting, primarily baccalaureate or above",2015,8457,1287,198947526,180237893,30,29,0,14,7,0,19,45,7,6,16,9,10,7
219471,University of South Dakota,SD,South Dakota,"Degree-granting, primarily baccalaureate or above",2016,8457,1140,209932139,182311086,30,27,0,14,5,0,23,43,7,7,16,10,10,6
219471,University of South Dakota,SD,South Dakota,"Degree-granting, primarily baccalaureate or above",2017,8772,1341,207686917,194531109,32,28,0,15,8,0,17,41,8,7,17,10,10,6
219471,University of South Dakota,SD,South Dakota,"Degree-granting, primarily baccalaureate or above",2018,9061,1444,200394171,197980778,33,30,0,17,11,0,9,40,8,7,18,11,10,6
219471,University of South Dakota,SD,South Dakota,"Degree-granting, primarily baccalaureate or above",2019,9332,1321,209791175,199821372,33,29,0,17,10,0,10,40,9,7,17,11,11,5
219471,University of South Dakota,SD,South Dakota,"Degree-granting, primarily baccalaureate or above",2020,9332,1232,224037699,207533522,29,29,0,18,9,0,15,39,8,7,17,11,13,5
219471,University of South Dakota,SD,South Dakota,"Degree-granting, primarily baccalaureate or above",2021,9432,1233,214883796,202768991,29,31,0,19,9,0,11,39,8,8,16,11,13,6
219471,University of South Dakota,SD,South Dakota,"Degree-granting, primarily baccalaureate or above",2022,9432,1329,229585101,209633947,26,30,0,18,8,0,18,38,8,9,16,12,11,7
219602,Austin Peay State University,TN,Tennessee,"Degree-granting, primarily baccalaureate or above",2015,7501,1554,135037708,125141465,37,26,0,29,1,0,7,49,2,1,7,15,11,15
219602,Austin Peay State University,TN,Tennessee,"Degree-granting, primarily baccalaureate or above",2016,7689,1963,138087196,128933424,37,27,0,28,1,0,6,45,1,1,7,16,8,22
219602,Austin Peay State University,TN,Tennessee,"Degree-granting, primarily baccalaureate or above",2017,7913,1983,157096444,144729477,33,26,0,27,1,1,12,47,2,2,8,16,9,17
219602,Austin Peay State University,TN,Tennessee,"Degree-granting, primarily baccalaureate or above",2018,8159,2009,158264865,150643325,33,29,0,30,1,1,6,48,2,2,9,17,9,13
219602,Austin Peay State University,TN,Tennessee,"Degree-granting, primarily baccalaureate or above",2019,8303,1716,170389944,158468640,32,29,0,29,1,1,9,47,2,3,8,16,9,16
219602,Austin Peay State University,TN,Tennessee,"Degree-granting, primarily baccalaureate or above",2020,8303,1438,177894758,170180985,31,29,0,32,1,1,6,43,2,3,8,15,9,20
219602,Austin Peay State University,TN,Tennessee,"Degree-granting, primarily baccalaureate or above",2021,8431,1429,182336104,163604878,28,29,0,35,1,2,6,45,2,3,8,15,10,18
219602,Austin Peay State University,TN,Tennessee,"Degree-granting, primarily baccalaureate or above",2022,8431,1465,196500645,173021951,23,32,0,38,2,0,5,43,2,3,9,16,8,19
220075,East Tennessee State University,TN,Tennessee,"Degree-granting, primarily baccalaureate or above",2015,8153,1999,315479722,301347956,32,27,0,24,5,0,12,54,3,8,10,9,8,8
220075,East Tennessee State University,TN,Tennessee,"Degree-granting, primarily baccalaureate or above",2016,8341,1886,329826178,323259635,32,29,0,23,5,1,11,45,3,7,9,8,6,22
220075,East Tennessee State University,TN,Tennessee,"Degree-granting, primarily baccalaureate or above",2017,8679,2050,343728682,333859702,32,27,0,22,4,0,14,47,3,8,9,8,6,19
220075,East Tennessee State University,TN,Tennessee,"Degree-granting, primarily baccalaureate or above",2018,8935,1976,376210468,357276397,30,27,0,22,6,1,14,45,3,8,9,8,6,20
220075,East Tennessee State University,TN,Tennessee,"Degree-granting, primarily baccalaureate or above",2019,9259,1786,407510861,369061127,28,27,0,19,6,1,19,45,4,8,9,8,6,19
220075,East Tennessee State University,TN,Tennessee,"Degree-granting, primarily baccalaureate or above",2020,9259,1651,403989986,386250304,29,29,0,22,7,1,12,44,4,9,9,7,7,20
220075,East Tennessee State University,TN,Tennessee,"Degree-granting, primarily baccalaureate or above",2021,9438,1856,407871418,375188125,28,29,0,24,8,0,10,45,4,9,9,7,7,19
220075,East Tennessee State University,TN,Tennessee,"Degree-granting, primarily baccalaureate or above",2022,9674,2056,453539207,398501715,25,29,0,26,7,0,12,41,4,10,8,8,7,22
220978,Middle Tennessee State University,TN,Tennessee,"Degree-granting, primarily baccalaureate or above",2015,8080,2839,335959507,316539462,38,25,0,25,1,0,10,51,2,3,10,13,9,11
220978,Middle Tennessee State University,TN,Tennessee,"Degree-granting, primarily baccalaureate or above",2016,8280,2893,344264475,316609462,38,25,0,24,1,0,12,52,2,3,10,14,8,10
220978,Middle Tennessee State University,TN,Tennessee,"Degree-granting, primarily baccalaureate or above",2017,8612,3016,343963209,329865763,38,27,0,23,2,0,10,53,2,3,11,14,8,9
220978,Middle Tennessee State University,TN,Tennessee,"Degree-granting, primarily baccalaureate or above",2018,8858,2897,351260730,342068382,37,28,0,24,2,1,8,53,2,3,11,14,8,9
220978,Middle Tennessee State University,TN,Tennessee,"Degree-granting, primarily baccalaureate or above",2019,9070,3312,375893948,353311619,35,28,0,22,2,1,12,53,3,3,11,14,8,8
220978,Middle Tennessee State University,TN,Tennessee,"Degree-granting, primarily baccalaureate or above",2020,9070,3093,399480140,369018721,33,27,0,24,1,1,13,50,3,3,10,13,8,14
220978,Middle Tennessee State University,TN,Tennessee,"Degree-granting, primarily baccalaureate or above",2021,9232,2752,411059862,372771376,34,27,0,30,1,0,8,50,3,3,10,12,7,15
220978,Middle Tennessee State University,TN,Tennessee,"Degree-granting, primarily baccalaureate or above",2022,9232,2805,450938682,387859917,31,27,0,28,1,0,13,49,3,3,10,13,7,15
221397,Roane State Community College,TN,Tennessee,"Degree-granting, associate's and certificates  ",2015,3906,1384,50617545,49703566,21,35,0,40,3,0,2,54,0,3,5,11,13,15
221397,Roane State Community College,TN,Tennessee,"Degree-granting, associate's and certificates  ",2016,4047,1411,52152195,49212170,19,35,0,42,1,0,3,55,0,1,4,12,11,16
221485,Southwest Tennessee Community College,TN,Tennessee,"Degree-granting, associate's and certificates  ",2015,3963,2443,80966514,78070556,24,31,0,42,1,0,2,37,0,1,13,12,18,20
221485,Southwest Tennessee Community College,TN,Tennessee,"Degree-granting, associate's and certificates  ",2016,4059,2223,78679708,80125389,23,33,0,41,0,0,2,36,0,1,11,10,24,18
221485,Southwest Tennessee Community College,TN,Tennessee,"Degree-granting, associate's and certificates  ",2017,4155,2449,76629801,76348780,19,34,0,43,0,0,3,41,0,1,13,15,12,19
221847,Tennessee Technological University,TN,Tennessee,"Degree-granting, primarily baccalaureate or above",2015,8011,1589,167682890,155161769,37,25,0,28,1,0,9,48,6,3,10,14,11,8
221847,Tennessee Technological University,TN,Tennessee,"Degree-granting, primarily baccalaureate or above",2016,8300,1608,169228743,161497356,35,25,0,26,1,0,12,49,6,3,9,15,10,8
221847,Tennessee Technological University,TN,Tennessee,"Degree-granting, primarily baccalaureate or above",2017,8513,1761,169576277,167608068,33,27,0,28,1,1,10,48,7,4,9,14,10,8
221847,Tennessee Technological University,TN,Tennessee,"Degree-granting, primarily baccalaureate or above",2018,8731,1890,177344509,176684128,30,29,0,28,1,1,10,46,7,4,8,14,10,11
221847,Tennessee Technological University,TN,Tennessee,"Degree-granting, primarily baccalaureate or above",2019,8934,1705,225184504,175648448,24,27,0,24,2,1,23,45,7,5,8,13,10,11
221847,Tennessee Technological University,TN,Tennessee,"Degree-granting, primarily baccalaureate or above",2020,9636,1720,232156148,180083596,25,28,0,26,1,1,19,45,7,5,8,13,9,14
221847,Tennessee Technological University,TN,Tennessee,"Degree-granting, primarily baccalaureate or above",2021,9802,1661,224662965,185585963,25,29,0,34,1,0,10,44,7,5,9,13,9,14
221847,Tennessee Technological University,TN,Tennessee,"Degree-granting, primarily baccalaureate or above",2022,9802,2050,229294721,198425004,25,31,0,33,1,0,9,41,7,5,7,12,9,18
220701,The University of Tennessee Southern,TN,Tennessee,"Degree-granting, primarily baccalaureate or above",2022,10200,209,19420511,18646145,13,32,0,32,16,3,5,30,0,1,13,28,21,6
221740,The University of Tennessee-Chattanooga,TN,Tennessee,"Degree-granting, primarily baccalaureate or above",2015,8356,1865,173865332,159777161,35,23,0,27,4,3,8,46,4,2,11,20,8,8
221740,The University of Tennessee-Chattanooga,TN,Tennessee,"Degree-granting, primarily baccalaureate or above",2016,8544,2077,171263257,162576678,37,25,0,26,3,2,6,47,4,3,11,20,8,7
221740,The University of Tennessee-Chattanooga,TN,Tennessee,"Degree-granting, primarily baccalaureate or above",2017,8664,2147,181502858,173039561,37,26,0,24,3,4,7,48,4,3,11,21,8,6
221740,The University of Tennessee-Chattanooga,TN,Tennessee,"Degree-granting, primarily baccalaureate or above",2018,8664,2268,191761145,180994210,35,27,0,24,1,2,10,47,4,2,12,20,9,5
221740,The University of Tennessee-Chattanooga,TN,Tennessee,"Degree-granting, primarily baccalaureate or above",2019,9656,2310,202437258,192756384,34,29,0,23,2,2,10,48,5,2,11,18,11,5
221740,The University of Tennessee-Chattanooga,TN,Tennessee,"Degree-granting, primarily baccalaureate or above",2020,9656,2222,241755071,209471021,29,25,0,23,2,1,19,45,5,2,11,16,11,10
221740,The University of Tennessee-Chattanooga,TN,Tennessee,"Degree-granting, primarily baccalaureate or above",2021,9848,2074,236238189,210560438,28,26,0,32,2,4,8,41,5,2,10,16,16,10
221740,The University of Tennessee-Chattanooga,TN,Tennessee,"Degree-granting, primarily baccalaureate or above",2022,9848,2246,239236605,219025757,28,28,0,31,2,2,8,44,5,2,11,18,11,8
221759,The University of Tennessee-Knoxville,TN,Tennessee,"Degree-granting, primarily baccalaureate or above",2015,12436,4719,1023108296,966312187,26,29,1,24,4,2,14,34,23,13,9,5,10,7
221759,The University of Tennessee-Knoxville,TN,Tennessee,"Degree-granting, primarily baccalaureate or above",2016,12724,4851,1119425012,1005122967,26,27,1,23,4,3,16,35,23,14,9,5,10,4
221759,The University of Tennessee-Knoxville,TN,Tennessee,"Degree-granting, primarily baccalaureate or above",2017,12970,4895,1161528104,1050981570,27,28,1,23,4,5,14,35,22,14,9,5,11,3
221759,The University of Tennessee-Knoxville,TN,Tennessee,"Degree-granting, primarily baccalaureate or above",2018,13006,5215,1136725677,1018101765,28,29,0,23,4,3,12,32,29,12,10,6,7,4
221759,The University of Tennessee-Knoxville,TN,Tennessee,"Degree-granting, primarily baccalaureate or above",2019,13264,5254,1150210565,1066749709,29,31,0,23,4,2,11,33,28,12,10,6,7,4
221759,The University of Tennessee-Knoxville,TN,Tennessee,"Degree-granting, primarily baccalaureate or above",2020,13264,5512,1140176809,1093956043,31,32,0,23,4,-1,12,32,26,11,10,6,7,9
221759,The University of Tennessee-Knoxville,TN,Tennessee,"Degree-granting, primarily baccalaureate or above",2021,13244,5948,1361810709,1098725312,26,27,0,21,4,12,10,34,25,11,10,6,7,8
221759,The University of Tennessee-Knoxville,TN,Tennessee,"Degree-granting, primarily baccalaureate or above",2022,13244,6846,1323694463,1149938944,30,31,0,25,5,-1,11,36,25,12,10,6,7,4
221768,The University of Tennessee-Martin,TN,Tennessee,"Degree-granting, primarily baccalaureate or above",2015,8326,1024,103324620,98496192,32,27,0,30,2,1,8,53,0,2,11,15,6,11
221768,The University of Tennessee-Martin,TN,Tennessee,"Degree-granting, primarily baccalaureate or above",2016,9088,946,102395663,101675874,32,28,0,29,2,-1,9,53,1,2,11,15,8,10
221768,The University of Tennessee-Martin,TN,Tennessee,"Degree-granting, primarily baccalaureate or above",2017,9236,1052,108995201,108600910,29,29,0,27,3,3,10,52,1,2,12,16,7,9
221768,The University of Tennessee-Martin,TN,Tennessee,"Degree-granting, primarily baccalaureate or above",2018,9512,1143,109694407,111895625,28,31,0,28,2,2,10,52,1,2,12,16,8,10
221768,The University of Tennessee-Martin,TN,Tennessee,"Degree-granting, primarily baccalaureate or above",2019,9748,1160,114996819,109847514,25,32,0,26,3,1,13,52,1,3,11,17,8,8
221768,The University of Tennessee-Martin,TN,Tennessee,"Degree-granting, primarily baccalaureate or above",2020,9748,1110,131403374,106942638,24,28,0,26,5,0,18,48,0,2,9,16,10,14
221768,The University of Tennessee-Martin,TN,Tennessee,"Degree-granting, primarily baccalaureate or above",2021,9912,1042,154027402,109189026,20,23,0,27,4,7,20,46,0,2,8,15,16,13
221768,The University of Tennessee-Martin,TN,Tennessee,"Degree-granting, primarily baccalaureate or above",2022,9912,1107,144952836,112710317,20,27,0,31,2,-1,22,46,0,3,9,16,13,12
220862,University of Memphis,TN,Tennessee,"Degree-granting, primarily baccalaureate or above",2015,8903,2105,420003984,368666024,30,23,0,22,7,1,18,44,13,3,9,16,9,7
220862,University of Memphis,TN,Tennessee,"Degree-granting, primarily baccalaureate or above",2016,9125,2743,399536568,380948767,32,26,0,22,7,1,11,44,13,3,8,17,8,7
220862,University of Memphis,TN,Tennessee,"Degree-granting, primarily baccalaureate or above",2017,9317,2669,426843449,388410833,32,25,0,22,7,1,14,43,14,4,8,17,8,7
220862,University of Memphis,TN,Tennessee,"Degree-granting, primarily baccalaureate or above",2018,9317,2480,437542796,422936549,31,26,0,25,7,1,10,40,14,3,8,19,8,7
220862,University of Memphis,TN,Tennessee,"Degree-granting, primarily baccalaureate or above",2019,9912,2683,448744741,421201681,30,27,0,22,7,2,11,40,15,3,8,17,8,9
220862,University of Memphis,TN,Tennessee,"Degree-granting, primarily baccalaureate or above",2020,9912,2541,481960956,438705944,28,26,0,25,6,2,12,36,16,3,8,17,8,11
220862,University of Memphis,TN,Tennessee,"Degree-granting, primarily baccalaureate or above",2021,10056,2593,509396191,417724339,25,25,0,30,5,2,13,38,17,2,9,14,8,12
220862,University of Memphis,TN,Tennessee,"Degree-granting, primarily baccalaureate or above",2022,10056,2414,516282761,451633857,27,28,0,27,6,-2,13,36,16,2,9,18,8,10
222831,Angelo State University,TX,Texas,"Degree-granting, primarily baccalaureate or above",2015,6892,1346,183009948,102051233,21,18,0,9,7,5,41,43,1,2,7,6,20,20
222831,Angelo State University,TX,Texas,"Degree-granting, primarily baccalaureate or above",2016,7047,1580,126990179,114231354,35,27,0,13,10,8,7,39,1,2,7,6,18,27
222831,Angelo State University,TX,Texas,"Degree-granting, primarily baccalaureate or above",2017,7201,1575,145339745,127300916,32,24,0,12,2,7,23,37,1,2,7,6,17,31
222831,Angelo State University,TX,Texas,"Degree-granting, primarily baccalaureate or above",2018,7436,1536,151449734,124596898,32,23,0,14,3,7,20,41,1,1,7,6,18,26
222831,Angelo State University,TX,Texas,"Degree-granting, primarily baccalaureate or above",2019,7637,1436,140576736,132005793,35,24,0,16,6,9,10,40,1,1,7,7,15,29
222831,Angelo State University,TX,Texas,"Degree-granting, primarily baccalaureate or above",2020,7907,1277,160354027,130522902,30,24,0,17,4,8,18,41,1,1,7,8,16,26
222831,Angelo State University,TX,Texas,"Degree-granting, primarily baccalaureate or above",2021,8186,1286,174388625,146574362,26,20,0,22,3,7,22,36,1,1,6,7,15,35
222831,Angelo State University,TX,Texas,"Degree-granting, primarily baccalaureate or above",2022,8186,1236,161730543,136437609,29,24,0,21,8,8,10,40,1,1,6,8,19,24
226091,Lamar University,TX,Texas,"Degree-granting, primarily baccalaureate or above",2015,8002,1542,207237833,185904151,53,24,0,12,3,0,7,39,2,1,19,5,14,21
226091,Lamar University,TX,Texas,"Degree-granting, primarily baccalaureate or above",2016,8146,1467,221327216,192547155,50,28,0,12,4,0,5,37,2,1,20,5,14,21
226091,Lamar University,TX,Texas,"Degree-granting, primarily baccalaureate or above",2017,8314,1447,308572829,198059176,31,21,0,10,3,1,35,39,2,1,19,5,13,21
226091,Lamar University,TX,Texas,"Degree-granting, primarily baccalaureate or above",2018,8373,1483,209003200,211242262,41,30,0,14,4,2,8,36,2,1,18,5,13,24
226091,Lamar University,TX,Texas,"Degree-granting, primarily baccalaureate or above",2019,8494,1297,210285019,212900853,44,30,0,14,4,1,8,36,2,1,18,6,13,24
226091,Lamar University,TX,Texas,"Degree-granting, primarily baccalaureate or above",2020,8591,1472,224330356,214564460,42,29,0,16,5,1,7,37,2,1,22,5,11,22
226091,Lamar University,TX,Texas,"Degree-granting, primarily baccalaureate or above",2021,8690,1569,261270101,245256346,43,23,0,23,3,2,6,30,2,1,22,4,15,27
226091,Lamar University,TX,Texas,"Degree-granting, primarily baccalaureate or above",2022,8690,1482,256331132,230784400,44,31,0,16,3,-1,7,31,3,1,22,5,13,25
226833,Midwestern State University,TX,Texas,"Degree-granting, primarily baccalaureate or above",2015,8005,826,82207002,94530091,40,27,0,15,7,2,10,47,1,1,10,17,13,12
226833,Midwestern State University,TX,Texas,"Degree-granting, primarily baccalaureate or above",2016,8620,740,91501425,94670795,38,27,0,15,7,2,12,48,1,1,10,17,11,12
226833,Midwestern State University,TX,Texas,"Degree-granting, primarily baccalaureate or above",2017,8694,821,99031617,100776874,34,25,0,15,5,2,19,47,1,1,10,17,11,14
226833,Midwestern State University,TX,Texas,"Degree-granting, primarily baccalaureate or above",2018,9233,897,108819346,97770846,33,25,0,15,6,2,20,48,1,1,12,17,11,11
226833,Midwestern State University,TX,Texas,"Degree-granting, primarily baccalaureate or above",2019,9601,866,109846445,118954741,32,25,0,15,7,3,17,41,1,1,11,15,10,21
226833,Midwestern State University,TX,Texas,"Degree-granting, primarily baccalaureate or above",2020,9796,800,109942378,124970032,34,24,0,19,7,3,13,41,1,1,11,14,9,23
226833,Midwestern State University,TX,Texas,"Degree-granting, primarily baccalaureate or above",2021,9954,755,117034656,121866163,29,23,0,24,6,2,17,40,1,1,10,14,9,24
226833,Midwestern State University,TX,Texas,"Degree-granting, primarily baccalaureate or above",2022,10233,785,115969642,132116660,29,22,0,25,6,11,8,45,1,1,11,16,10,16
227526,Prairie View A & M University,TX,Texas,"Degree-granting, primarily baccalaureate or above",2015,9745,1627,228896220,187809577,20,23,0,19,2,-1,38,29,8,5,14,8,11,25
227526,Prairie View A & M University,TX,Texas,"Degree-granting, primarily baccalaureate or above",2016,10059,1896,247359345,185580454,17,23,0,20,1,3,36,30,9,6,14,9,11,21
227526,Prairie View A & M University,TX,Texas,"Degree-granting, primarily baccalaureate or above",2017,9959,2055,277874973,196483574,14,21,0,18,1,7,39,31,9,5,13,10,11,19
227526,Prairie View A & M University,TX,Texas,"Degree-granting, primarily baccalaureate or above",2018,10533,2177,273756933,208255777,17,21,0,20,1,5,36,31,11,5,13,11,12,18
227526,Prairie View A & M University,TX,Texas,"Degree-granting, primarily baccalaureate or above",2019,10786,1727,237110952,237251551,19,25,0,26,1,2,26,29,11,5,13,10,11,21
227526,Prairie View A & M University,TX,Texas,"Degree-granting, primarily baccalaureate or above",2020,11099,1882,275121924,237602792,18,21,0,24,2,6,29,28,10,5,11,10,10,26
227526,Prairie View A & M University,TX,Texas,"Degree-granting, primarily baccalaureate or above",2021,11299,1811,380262720,278585097,15,15,0,16,9,10,35,26,8,4,10,8,9,35
227526,Prairie View A & M University,TX,Texas,"Degree-granting, primarily baccalaureate or above",2022,11299,1559,301578501,323495069,21,20,0,21,2,-16,53,22,8,4,9,7,7,43
227881,Sam Houston State University,TX,Texas,"Degree-granting, primarily baccalaureate or above",2015,7618,2637,356877523,265994176,36,16,0,14,2,1,31,39,2,5,15,10,9,20
227881,Sam Houston State University,TX,Texas,"Degree-granting, primarily baccalaureate or above",2016,7762,2758,305600478,273386537,45,22,0,17,3,2,11,40,2,5,17,10,8,19
227881,Sam Houston State University,TX,Texas,"Degree-granting, primarily baccalaureate or above",2017,8062,2873,412933364,295666079,37,17,0,13,2,1,29,39,2,4,17,11,8,19
227881,Sam Houston State University,TX,Texas,"Degree-granting, primarily baccalaureate or above",2018,8296,2883,404079661,308591009,39,18,0,15,2,2,24,39,3,4,17,10,8,19
227881,Sam Houston State University,TX,Texas,"Degree-granting, primarily baccalaureate or above",2019,8536,2927,436385653,337574969,38,16,0,16,2,1,26,36,3,4,16,10,8,21
227881,Sam Houston State University,TX,Texas,"Degree-granting, primarily baccalaureate or above",2020,8736,2843,449328072,349825235,38,17,0,19,1,1,24,37,3,4,16,10,9,20
227881,Sam Houston State University,TX,Texas,"Degree-granting, primarily baccalaureate or above",2021,8960,2908,467969227,380223661,39,15,0,22,1,5,19,36,3,5,16,9,8,23
227881,Sam Houston State University,TX,Texas,"Degree-granting, primarily baccalaureate or above",2022,8960,3394,521407396,469529245,36,15,0,26,1,2,19,31,3,6,14,8,7,31
228431,Stephen F Austin State University,TX,Texas,"Degree-granting, primarily baccalaureate or above",2015,7560,2282,189440839,179828170,42,27,0,19,3,0,9,42,3,2,10,14,16,12
228431,Stephen F Austin State University,TX,Texas,"Degree-granting, primarily baccalaureate or above",2016,7716,2371,197329224,188038187,42,26,0,19,3,1,9,42,3,2,10,14,16,13
228431,Stephen F Austin State University,TX,Texas,"Degree-granting, primarily baccalaureate or above",2017,7716,2340,210578017,184160895,40,25,0,17,3,3,11,44,2,2,11,15,16,11
228431,Stephen F Austin State University,TX,Texas,"Degree-granting, primarily baccalaureate or above",2018,8316,2215,204402847,175387053,41,25,0,18,3,3,10,41,2,1,12,14,16,14
228431,Stephen F Austin State University,TX,Texas,"Degree-granting, primarily baccalaureate or above",2019,8844,2062,210887911,223014223,42,24,0,19,3,3,10,37,2,1,10,13,15,22
228431,Stephen F Austin State University,TX,Texas,"Degree-granting, primarily baccalaureate or above",2020,10600,1764,220479626,225749807,40,23,0,21,3,5,8,37,2,1,10,12,17,22
228431,Stephen F Austin State University,TX,Texas,"Degree-granting, primarily baccalaureate or above",2021,10600,1713,260651553,229869204,31,18,0,34,3,6,9,38,2,1,8,12,15,25
228431,Stephen F Austin State University,TX,Texas,"Degree-granting, primarily baccalaureate or above",2022,10600,1867,186051957,213545307,44,26,0,21,4,-8,13,38,2,0,9,15,17,19
228501,Sul Ross State University,TX,Texas,"Degree-granting, primarily baccalaureate or above",2015,7210,351,46208077,49975781,18,48,0,26,5,-2,5,28,5,5,12,9,21,21
228501,Sul Ross State University,TX,Texas,"Degree-granting, primarily baccalaureate or above",2016,6419,304,50674007,48727576,17,45,0,25,5,4,5,29,5,5,12,8,20,20
228501,Sul Ross State University,TX,Texas,"Degree-granting, primarily baccalaureate or above",2017,8072,279,52170669,55260066,18,44,0,24,4,4,6,24,4,3,9,7,18,35
228501,Sul Ross State University,TX,Texas,"Degree-granting, primarily baccalaureate or above",2018,6816,344,49114453,49096575,18,43,0,23,5,5,6,26,5,3,9,6,19,33
228501,Sul Ross State University,TX,Texas,"Degree-granting, primarily baccalaureate or above",2019,7012,231,46167536,49239235,15,44,0,26,5,2,9,26,3,4,10,7,19,31
228501,Sul Ross State University,TX,Texas,"Degree-granting, primarily baccalaureate or above",2020,7468,213,50000937,50979491,21,42,0,25,5,1,7,31,5,3,8,9,28,17
228501,Sul Ross State University,TX,Texas,"Degree-granting, primarily baccalaureate or above",2021,7649,195,59955785,53241714,16,32,0,26,12,4,10,23,4,3,10,9,32,18
228501,Sul Ross State University,TX,Texas,"Degree-granting, primarily baccalaureate or above",2022,7649,249,52201194,59303947,18,39,0,29,6,2,6,25,6,5,14,9,17,24
228529,Tarleton State University,TX,Texas,"Degree-granting, primarily baccalaureate or above",2015,6630,1961,169317461,158048674,38,26,0,20,1,4,11,46,7,2,8,6,8,24
228529,Tarleton State University,TX,Texas,"Degree-granting, primarily baccalaureate or above",2016,7140,2168,171640460,163385119,42,27,0,19,1,3,7,46,6,2,9,8,9,20
228529,Tarleton State University,TX,Texas,"Degree-granting, primarily baccalaureate or above",2017,7367,1899,200685985,178209490,34,24,0,18,2,6,16,44,6,2,9,8,9,21
228529,Tarleton State University,TX,Texas,"Degree-granting, primarily baccalaureate or above",2018,7292,2161,206354264,185634424,35,27,0,18,1,4,14,41,7,2,9,8,9,25
228529,Tarleton State University,TX,Texas,"Degree-granting, primarily baccalaureate or above",2019,7851,2073,262915133,183466560,30,21,0,15,2,2,30,42,7,2,11,8,10,20
228529,Tarleton State University,TX,Texas,"Degree-granting, primarily baccalaureate or above",2020,8276,2274,469284527,206029320,18,12,0,9,1,4,56,35,8,1,12,8,10,26
228529,Tarleton State University,TX,Texas,"Degree-granting, primarily baccalaureate or above",2021,7790,2150,316737578,224847294,30,17,0,20,4,11,18,31,9,1,13,7,10,29
228529,Tarleton State University,TX,Texas,"Degree-granting, primarily baccalaureate or above",2022,7848,2448,294562642,285944685,34,20,0,24,5,-13,30,25,8,1,11,7,11,36
226152,Texas A & M International University,TX,Texas,"Degree-granting, primarily baccalaureate or above",2015,6635,983,115708713,91482262,20,29,0,31,5,3,12,36,4,4,24,11,11,11
226152,Texas A & M International University,TX,Texas,"Degree-granting, primarily baccalaureate or above",2016,7016,1115,115651323,99684803,21,32,0,33,3,3,8,29,3,3,21,8,7,27
226152,Texas A & M International University,TX,Texas,"Degree-granting, primarily baccalaureate or above",2017,7143,1230,133233426,113322922,19,28,0,30,4,7,13,34,5,4,22,8,8,20
226152,Texas A & M International University,TX,Texas,"Degree-granting, primarily baccalaureate or above",2018,7176,1356,141176535,115157330,19,26,0,29,2,5,18,33,4,4,20,7,8,24
226152,Texas A & M International University,TX,Texas,"Degree-granting, primarily baccalaureate or above",2019,7348,1379,184137412,119757149,15,20,0,22,2,3,37,33,5,3,18,7,9,25
226152,Texas A & M International University,TX,Texas,"Degree-granting, primarily baccalaureate or above",2020,7683,1262,147010573,126729040,22,26,0,32,3,7,10,33,3,3,19,8,8,27
226152,Texas A & M International University,TX,Texas,"Degree-granting, primarily baccalaureate or above",2021,7845,1139,230535319,138805395,16,16,0,28,2,13,26,32,3,2,18,8,7,31
226152,Texas A & M International University,TX,Texas,"Degree-granting, primarily baccalaureate or above",2022,7846,1307,195513988,206527037,21,22,0,39,2,-17,33,26,2,1,14,5,5,46
228723,Texas A & M University-College Station,TX,Texas,"Degree-granting, primarily baccalaureate or above",2015,10176,10318,2918581593,2604762622,19,22,0,16,11,-1,32,33,27,9,10,3,4,14
228723,Texas A & M University-College Station,TX,Texas,"Degree-granting, primarily baccalaureate or above",2016,11036,10142,3242287719,2810389416,18,22,0,14,12,3,31,31,27,9,11,4,4,15
228723,Texas A & M University-College Station,TX,Texas,"Degree-granting, primarily baccalaureate or above",2017,11234,11639,3268847292,2884945884,19,20,0,14,9,4,33,32,26,9,10,3,5,15
228723,Texas A & M University-College Station,TX,Texas,"Degree-granting, primarily baccalaureate or above",2018,11870,11133,3326547571,2934715425,20,22,0,15,11,5,27,32,26,9,10,4,5,15
228723,Texas A & M University-College Station,TX,Texas,"Degree-granting, primarily baccalaureate or above",2019,12153,10613,3837193370,3085551647,18,19,0,15,10,2,36,30,26,9,11,3,4,16
228723,Texas A & M University-College Station,TX,Texas,"Degree-granting, primarily baccalaureate or above",2020,12783,11110,3816921872,3258889152,19,21,0,19,9,9,23,33,30,5,11,3,4,13
228723,Texas A & M University-College Station,TX,Texas,"Degree-granting, primarily baccalaureate or above",2021,13239,12323,4291074579,3255946081,18,19,0,19,7,13,23,33,29,5,11,3,4,14
228723,Texas A & M University-College Station,TX,Texas,"Degree-granting, primarily baccalaureate or above",2022,13239,12490,2976829347,3560318549,28,28,0,27,12,-22,26,32,27,5,11,3,4,17
224554,Texas A & M University-Commerce,TX,Texas,"Degree-granting, primarily baccalaureate or above",2015,6202,1080,150466113,139860557,44,31,0,18,2,0,6,46,2,2,8,10,10,22
224554,Texas A & M University-Commerce,TX,Texas,"Degree-granting, primarily baccalaureate or above",2016,7750,1094,175751650,151541855,40,28,0,15,1,3,12,43,2,2,8,10,10,24
224554,Texas A & M University-Commerce,TX,Texas,"Degree-granting, primarily baccalaureate or above",2017,8434,1161,192795434,163883395,36,26,0,15,2,7,15,42,2,2,8,9,10,26
224554,Texas A & M University-Commerce,TX,Texas,"Degree-granting, primarily baccalaureate or above",2018,8748,1203,180290691,158464083,38,29,0,16,1,5,10,45,2,2,8,9,10,25
224554,Texas A & M University-Commerce,TX,Texas,"Degree-granting, primarily baccalaureate or above",2019,8958,1146,175136875,160173785,37,30,0,17,2,4,10,41,2,2,10,10,10,25
224554,Texas A & M University-Commerce,TX,Texas,"Degree-granting, primarily baccalaureate or above",2020,9820,887,195983786,165846306,35,27,0,16,2,11,9,43,2,1,10,9,10,25
224554,Texas A & M University-Commerce,TX,Texas,"Degree-granting, primarily baccalaureate or above",2021,10026,921,236318669,176125421,34,22,0,22,4,12,6,38,2,1,10,10,8,30
224554,Texas A & M University-Commerce,TX,Texas,"Degree-granting, primarily baccalaureate or above",2022,10026,973,184595699,201881928,37,30,0,25,3,-20,25,35,2,1,10,14,8,30
224147,Texas A & M University-Corpus Christi,TX,Texas,"Degree-granting, primarily baccalaureate or above",2015,7976,2342,214150594,178812667,32,28,0,18,5,0,18,36,12,2,16,7,9,19
224147,Texas A & M University-Corpus Christi,TX,Texas,"Degree-granting, primarily baccalaureate or above",2016,8424,2406,204572088,195041134,35,31,0,20,6,2,6,35,12,2,16,6,8,21
224147,Texas A & M University-Corpus Christi,TX,Texas,"Degree-granting, primarily baccalaureate or above",2017,8750,2262,239628282,199282212,32,28,0,20,5,4,10,35,13,2,15,6,9,20
224147,Texas A & M University-Corpus Christi,TX,Texas,"Degree-granting, primarily baccalaureate or above",2018,9055,2050,233148081,200864693,35,29,0,22,6,4,4,36,13,2,15,6,9,19
224147,Texas A & M University-Corpus Christi,TX,Texas,"Degree-granting, primarily baccalaureate or above",2019,9272,1915,283442828,220614475,28,24,0,19,4,2,23,35,13,2,15,7,8,20
224147,Texas A & M University-Corpus Christi,TX,Texas,"Degree-granting, primarily baccalaureate or above",2020,9553,1555,254610995,233477930,32,29,0,21,5,7,6,35,13,2,15,7,8,20
224147,Texas A & M University-Corpus Christi,TX,Texas,"Degree-granting, primarily baccalaureate or above",2021,9748,1790,460650706,252652020,18,16,0,17,3,6,41,33,12,1,17,6,8,22
224147,Texas A & M University-Corpus Christi,TX,Texas,"Degree-granting, primarily baccalaureate or above",2022,9748,1913,227633155,280833675,39,34,0,32,6,-14,4,33,13,1,15,6,8,23
228705,Texas A & M University-Kingsville,TX,Texas,"Degree-granting, primarily baccalaureate or above",2015,7627,1278,157481830,141986811,33,25,0,25,6,-1,11,33,14,1,9,10,11,21
228705,Texas A & M University-Kingsville,TX,Texas,"Degree-granting, primarily baccalaureate or above",2016,8049,1226,177217653,150820008,32,26,0,21,4,2,13,35,13,1,10,11,9,20
228705,Texas A & M University-Kingsville,TX,Texas,"Degree-granting, primarily baccalaureate or above",2017,8462,1093,171390927,159399313,30,30,0,20,4,5,10,35,14,1,11,11,9,20
228705,Texas A & M University-Kingsville,TX,Texas,"Degree-granting, primarily baccalaureate or above",2018,8922,1251,160878741,148725116,28,30,0,22,6,4,11,36,14,1,11,11,9,18
228705,Texas A & M University-Kingsville,TX,Texas,"Degree-granting, primarily baccalaureate or above",2019,9136,987,159563808,145789607,29,30,0,22,5,2,10,36,14,0,11,11,9,18
228705,Texas A & M University-Kingsville,TX,Texas,"Degree-granting, primarily baccalaureate or above",2020,9779,1055,230646473,155147712,19,21,0,17,3,5,34,35,14,0,11,9,9,21
228705,Texas A & M University-Kingsville,TX,Texas,"Degree-granting, primarily baccalaureate or above",2021,9892,936,193823021,154926301,20,24,0,29,5,11,11,35,15,0,10,10,9,21
228705,Texas A & M University-Kingsville,TX,Texas,"Degree-granting, primarily baccalaureate or above",2022,9892,1099,144990579,165330482,30,33,0,37,6,-18,11,31,15,0,11,10,9,24
483036,Texas A&M University-Central Texas,TX,Texas,"Degree-granting, primarily baccalaureate or above",2019,7029,24,69145324,42356996,17,27,0,8,1,1,45,32,2,0,19,16,11,20
483036,Texas A&M University-Central Texas,TX,Texas,"Degree-granting, primarily baccalaureate or above",2020,6483,37,44379670,44248973,28,44,0,15,2,6,6,31,3,0,16,17,12,20
483036,Texas A&M University-Central Texas,TX,Texas,"Degree-granting, primarily baccalaureate or above",2021,6627,33,45109636,45313911,28,41,0,19,1,8,3,31,3,0,16,16,12,21
483036,Texas A&M University-Central Texas,TX,Texas,"Degree-granting, primarily baccalaureate or above",2022,6627,34,39983571,52030148,30,50,0,26,1,-11,3,26,4,0,19,23,13,16
459949,Texas A&M University-San Antonio,TX,Texas,"Degree-granting, primarily baccalaureate or above",2016,7808,494,60263005,54789195,36,48,0,14,1,1,1,38,1,1,12,21,16,10
459949,Texas A&M University-San Antonio,TX,Texas,"Degree-granting, primarily baccalaureate or above",2017,8216,569,75994405,66636433,34,38,0,17,1,3,6,38,1,1,11,22,15,13
459949,Texas A&M University-San Antonio,TX,Texas,"Degree-granting, primarily baccalaureate or above",2018,8656,575,84810384,80835646,38,38,0,19,2,3,1,42,1,1,13,19,14,12
459949,Texas A&M University-San Antonio,TX,Texas,"Degree-granting, primarily baccalaureate or above",2019,8864,705,147025221,96951084,21,22,0,12,2,1,42,40,0,0,12,22,14,11
459949,Texas A&M University-San Antonio,TX,Texas,"Degree-granting, primarily baccalaureate or above",2020,8901,632,125744902,104396878,25,29,0,19,2,5,20,40,1,0,11,24,14,10
459949,Texas A&M University-San Antonio,TX,Texas,"Degree-granting, primarily baccalaureate or above",2021,9093,1058,141944931,116292765,21,25,0,27,3,6,19,39,2,0,8,23,17,12
459949,Texas A&M University-San Antonio,TX,Texas,"Degree-granting, primarily baccalaureate or above",2022,9548,1028,109866283,126339936,28,33,0,35,5,-9,9,36,1,1,8,27,15,12
224545,Texas A&M University-Texarkana,TX,Texas,"Degree-granting, primarily baccalaureate or above",2015,6411,155,34708928,38419878,23,54,0,11,6,-1,6,38,1,0,13,11,16,22
224545,Texas A&M University-Texarkana,TX,Texas,"Degree-granting, primarily baccalaureate or above",2016,6840,195,37462377,40707353,22,58,0,12,2,2,5,38,0,1,15,10,15,21
224545,Texas A&M University-Texarkana,TX,Texas,"Degree-granting, primarily baccalaureate or above",2017,6963,223,45970713,43907377,22,46,0,11,2,6,13,36,0,1,14,10,14,25
224545,Texas A&M University-Texarkana,TX,Texas,"Degree-granting, primarily baccalaureate or above",2018,7363,232,46549991,45295497,22,50,0,12,1,6,9,38,0,0,13,10,13,26
224545,Texas A&M University-Texarkana,TX,Texas,"Degree-granting, primarily baccalaureate or above",2019,7536,212,45567154,51278416,24,51,0,14,1,2,8,38,0,0,12,11,13,26
224545,Texas A&M University-Texarkana,TX,Texas,"Degree-granting, primarily baccalaureate or above",2020,7764,287,52533824,50202459,21,50,0,14,1,6,8,39,0,0,11,11,14,26
224545,Texas A&M University-Texarkana,TX,Texas,"Degree-granting, primarily baccalaureate or above",2021,7930,230,60067841,54443683,19,42,0,18,0,9,11,41,0,0,10,13,12,25
224545,Texas A&M University-Texarkana,TX,Texas,"Degree-granting, primarily baccalaureate or above",2022,7930,301,51720285,55796750,24,56,0,21,2,-14,11,40,0,1,8,15,12,23
229063,Texas Southern University,TX,Texas,"Degree-granting, primarily baccalaureate or above",2015,8726,1457,188781900,180090981,32,32,0,26,1,1,7,49,3,1,10,7,15,16
229063,Texas Southern University,TX,Texas,"Degree-granting, primarily baccalaureate or above",2016,9000,1260,201074800,181086264,33,31,0,25,1,1,8,49,2,1,8,6,19,14
229063,Texas Southern University,TX,Texas,"Degree-granting, primarily baccalaureate or above",2017,9173,1975,214969783,186420136,33,29,0,22,0,2,13,51,3,1,8,7,16,14
229063,Texas Southern University,TX,Texas,"Degree-granting, primarily baccalaureate or above",2018,9173,1607,236891407,187447426,34,28,0,23,2,2,11,53,2,1,8,8,14,15
229063,Texas Southern University,TX,Texas,"Degree-granting, primarily baccalaureate or above",2019,9173,1475,224304492,220882752,31,30,0,28,1,2,9,44,2,1,7,7,14,25
229063,Texas Southern University,TX,Texas,"Degree-granting, primarily baccalaureate or above",2020,9173,724,229665579,246221881,27,27,0,25,1,1,19,40,2,1,7,7,16,27
229063,Texas Southern University,TX,Texas,"Degree-granting, primarily baccalaureate or above",2021,9173,1294,361338810,246637405,15,17,0,26,1,1,40,37,2,1,6,4,23,27
229063,Texas Southern University,TX,Texas,"Degree-granting, primarily baccalaureate or above",2022,9173,2372,260627580,264087970,20,27,0,43,0,1,8,29,3,1,5,5,22,36
228459,Texas State University,TX,Texas,"Degree-granting, primarily baccalaureate or above",2015,9348,5784,558157731,518467627,44,24,0,19,4,1,8,42,9,1,11,7,8,22
228459,Texas State University,TX,Texas,"Degree-granting, primarily baccalaureate or above",2016,9605,5793,584235757,542608799,45,26,0,20,2,1,6,42,11,1,12,7,8,19
228459,Texas State University,TX,Texas,"Degree-granting, primarily baccalaureate or above",2017,9985,5874,857795142,579149854,32,19,0,15,1,1,32,41,11,1,11,7,7,22
228459,Texas State University,TX,Texas,"Degree-granting, primarily baccalaureate or above",2018,10280,6159,633118442,603239766,43,27,0,21,2,2,4,42,12,1,11,7,7,21
228459,Texas State University,TX,Texas,"Degree-granting, primarily baccalaureate or above",2019,10581,6362,647360321,605337702,43,27,0,21,2,3,3,40,11,1,11,12,7,20
228459,Texas State University,TX,Texas,"Degree-granting, primarily baccalaureate or above",2020,10855,5861,730560397,650002619,39,26,0,23,2,2,9,36,11,0,11,11,7,24
228459,Texas State University,TX,Texas,"Degree-granting, primarily baccalaureate or above",2021,11135,6650,707857646,619057918,40,25,0,21,2,3,8,37,12,0,9,11,7,24
228459,Texas State University,TX,Texas,"Degree-granting, primarily baccalaureate or above",2022,11135,7604,769864122,688072694,37,25,0,26,3,2,7,32,16,0,9,11,7,26
229115,Texas Tech University,TX,Texas,"Degree-granting, primarily baccalaureate or above",2015,8028,5160,1139348065,688092626,26,16,0,9,2,2,46,33,24,2,15,7,8,12
229115,Texas Tech University,TX,Texas,"Degree-granting, primarily baccalaureate or above",2016,8428,4762,844213303,725543489,36,23,0,15,3,3,20,32,24,2,14,7,7,14
229115,Texas Tech University,TX,Texas,"Degree-granting, primarily baccalaureate or above",2017,8860,5883,911297515,752535464,34,21,0,12,3,6,24,32,26,2,14,7,7,12
229115,Texas Tech University,TX,Texas,"Degree-granting, primarily baccalaureate or above",2018,9080,6171,837942535,779729697,38,23,0,12,5,5,17,32,24,2,14,7,8,14
229115,Texas Tech University,TX,Texas,"Degree-granting, primarily baccalaureate or above",2019,11320,6145,863263223,843322735,37,23,0,13,6,5,16,31,23,2,14,7,7,16
229115,Texas Tech University,TX,Texas,"Degree-granting, primarily baccalaureate or above",2020,11600,6522,898422062,821866039,38,23,0,15,7,0,17,32,24,2,14,7,8,13
229115,Texas Tech University,TX,Texas,"Degree-granting, primarily baccalaureate or above",2021,11852,6629,1137147319,883714497,31,17,0,13,5,13,21,30,23,2,12,7,7,18
229115,Texas Tech University,TX,Texas,"Degree-granting, primarily baccalaureate or above",2022,11852,6809,1073141758,951521373,36,22,0,20,6,-6,22,30,24,2,13,7,8,17
229179,Texas Woman's University,TX,Texas,"Degree-granting, primarily baccalaureate or above",2015,6948,1154,183252256,170675030,39,34,0,17,3,1,7,54,2,1,16,8,12,8
229179,Texas Woman's University,TX,Texas,"Degree-granting, primarily baccalaureate or above",2016,7238,1302,204247506,170194322,38,30,0,15,3,7,6,53,2,1,16,9,13,7
229179,Texas Woman's University,TX,Texas,"Degree-granting, primarily baccalaureate or above",2017,7486,1280,222645620,176050613,36,28,0,13,2,8,13,52,3,1,16,9,13,6
229179,Texas Woman's University,TX,Texas,"Degree-granting, primarily baccalaureate or above",2018,7796,1244,216418335,170229069,37,32,0,14,2,7,8,50,3,1,17,10,13,7
229179,Texas Woman's University,TX,Texas,"Degree-granting, primarily baccalaureate or above",2019,7926,1301,214668318,211141888,36,32,0,16,2,5,8,43,3,1,15,8,12,19
229179,Texas Woman's University,TX,Texas,"Degree-granting, primarily baccalaureate or above",2020,8255,1130,255066803,221275080,34,29,0,16,2,10,9,43,2,0,16,8,12,19
229179,Texas Woman's University,TX,Texas,"Degree-granting, primarily baccalaureate or above",2021,8394,1287,271443821,215517375,33,28,0,18,1,13,7,45,2,0,16,7,16,14
229179,Texas Woman's University,TX,Texas,"Degree-granting, primarily baccalaureate or above",2022,8311,1343,210479126,223468970,39,40,0,27,2,-18,10,44,3,0,15,7,17,13
228769,The University of Texas at Arlington,TX,Texas,"Degree-granting, primarily baccalaureate or above",2015,9208,2816,522992480,512802751,46,23,0,21,2,-2,10,39,14,3,9,15,8,12
228769,The University of Texas at Arlington,TX,Texas,"Degree-granting, primarily baccalaureate or above",2016,9616,3053,741131871,613918887,38,17,0,17,1,2,25,36,14,1,7,13,8,21
228769,The University of Texas at Arlington,TX,Texas,"Degree-granting, primarily baccalaureate or above",2017,9952,3375,759935683,605618356,40,17,0,17,1,6,19,36,15,2,8,14,9,16
228769,The University of Texas at Arlington,TX,Texas,"Degree-granting, primarily baccalaureate or above",2018,10496,3572,743989725,636864879,42,17,0,18,1,3,19,36,15,2,9,15,8,16
228769,The University of Texas at Arlington,TX,Texas,"Degree-granting, primarily baccalaureate or above",2019,11040,3679,715343186,636250285,46,18,0,19,3,4,10,37,17,2,9,16,9,9
228769,The University of Texas at Arlington,TX,Texas,"Degree-granting, primarily baccalaureate or above",2020,11620,3900,768521090,676280888,44,20,0,20,1,8,6,35,17,3,9,14,10,11
228769,The University of Texas at Arlington,TX,Texas,"Degree-granting, primarily baccalaureate or above",2021,11727,4579,982612195,754651032,35,15,0,20,2,16,12,32,16,2,10,12,8,20
228769,The University of Texas at Arlington,TX,Texas,"Degree-granting, primarily baccalaureate or above",2022,11727,4858,817304178,725470049,46,20,0,24,4,-5,11,34,17,2,11,13,9,14
228778,The University of Texas at Austin,TX,Texas,"Degree-granting, primarily baccalaureate or above",2015,9806,7743,2495161633,2248554498,19,13,0,21,10,1,37,35,23,6,13,3,8,12
228778,The University of Texas at Austin,TX,Texas,"Degree-granting, primarily baccalaureate or above",2016,10092,8719,2942910032,2336943738,16,12,0,19,9,5,38,35,23,6,15,3,7,10
228778,The University of Texas at Austin,TX,Texas,"Degree-granting, primarily baccalaureate or above",2017,10398,8381,3258050220,2445964443,14,10,0,19,8,16,33,34,23,6,17,3,7,10
228778,The University of Texas at Austin,TX,Texas,"Degree-granting, primarily baccalaureate or above",2018,10610,8960,3322700425,2585460530,15,11,0,19,8,15,32,34,23,6,15,3,8,12
228778,The University of Texas at Austin,TX,Texas,"Degree-granting, primarily baccalaureate or above",2019,10824,8170,3340688702,2697507807,15,11,0,18,9,12,34,33,24,6,16,2,8,11
228778,The University of Texas at Austin,TX,Texas,"Degree-granting, primarily baccalaureate or above",2020,11448,8459,3861217019,2771803333,13,10,0,18,12,14,33,32,24,5,17,2,8,12
228778,The University of Texas at Austin,TX,Texas,"Degree-granting, primarily baccalaureate or above",2021,11752,9060,4921880394,2758737954,11,7,0,14,8,37,22,32,25,4,16,2,10,11
228778,The University of Texas at Austin,TX,Texas,"Degree-granting, primarily baccalaureate or above",2022,11698,9109,3201290892,3036383018,17,12,0,27,15,-13,42,31,24,5,17,2,10,11
228787,The University of Texas at Dallas,TX,Texas,"Degree-granting, primarily baccalaureate or above",2015,10864,2728,578484761,534580279,41,17,0,12,4,1,25,39,18,2,14,3,11,14
228787,The University of Texas at Dallas,TX,Texas,"Degree-granting, primarily baccalaureate or above",2016,11192,3229,795565068,628875433,32,13,0,13,5,3,34,36,16,2,13,4,8,21
228787,The University of Texas at Dallas,TX,Texas,"Degree-granting, primarily baccalaureate or above",2017,11528,3177,697996930,619241380,40,15,0,12,3,10,20,40,18,2,13,4,8,15
228787,The University of Texas at Dallas,TX,Texas,"Degree-granting, primarily baccalaureate or above",2018,13034,3862,759437311,661350647,38,14,0,11,4,9,24,39,17,2,12,4,8,18
228787,The University of Texas at Dallas,TX,Texas,"Degree-granting, primarily baccalaureate or above",2019,13442,4073,749362354,668549150,36,14,0,13,3,8,25,39,18,2,12,3,9,16
228787,The University of Texas at Dallas,TX,Texas,"Degree-granting, primarily baccalaureate or above",2020,13992,3476,707712024,688899784,42,17,0,16,4,8,13,39,19,2,12,4,8,16
228787,The University of Texas at Dallas,TX,Texas,"Degree-granting, primarily baccalaureate or above",2021,14564,4042,862373283,658184851,32,13,0,19,3,25,9,41,19,2,12,3,7,15
228787,The University of Texas at Dallas,TX,Texas,"Degree-granting, primarily baccalaureate or above",2022,14564,4218,757600570,729300374,46,18,0,21,5,-6,17,39,18,2,12,3,7,19
228796,The University of Texas at El Paso,TX,Texas,"Degree-granting, primarily baccalaureate or above",2015,7259,3340,393800646,387033813,28,26,0,35,3,0,8,35,21,2,6,6,9,21
228796,The University of Texas at El Paso,TX,Texas,"Degree-granting, primarily baccalaureate or above",2016,7548,3340,400329216,398248692,28,27,0,32,4,3,7,35,21,2,7,5,10,20
228796,The University of Texas at El Paso,TX,Texas,"Degree-granting, primarily baccalaureate or above",2017,7851,3583,461140686,408297143,24,22,0,29,3,8,13,36,20,2,7,5,8,21
228796,The University of Texas at El Paso,TX,Texas,"Degree-granting, primarily baccalaureate or above",2018,8198,3422,452347817,415387536,28,24,0,31,3,6,8,37,19,2,7,5,9,21
228796,The University of Texas at El Paso,TX,Texas,"Degree-granting, primarily baccalaureate or above",2019,9161,3599,481074473,422146521,29,22,0,29,3,4,13,33,24,2,7,5,9,21
228796,The University of Texas at El Paso,TX,Texas,"Degree-granting, primarily baccalaureate or above",2020,9450,3344,489052792,440720346,30,24,0,31,2,6,7,31,24,2,7,5,9,22
228796,The University of Texas at El Paso,TX,Texas,"Degree-granting, primarily baccalaureate or above",2021,9744,3076,636280621,486490384,23,17,0,36,2,16,5,28,22,3,7,7,8,27
228796,The University of Texas at El Paso,TX,Texas,"Degree-granting, primarily baccalaureate or above",2022,9744,3769,496520869,481816869,30,24,0,40,3,-7,9,30,25,2,7,6,9,22
229027,The University of Texas at San Antonio,TX,Texas,"Degree-granting, primarily baccalaureate or above",2015,7447,4975,472686528,469814001,41,27,0,23,3,-1,7,37,11,5,14,7,10,16
229027,The University of Texas at San Antonio,TX,Texas,"Degree-granting, primarily baccalaureate or above",2016,7700,4378,475268571,490654715,39,25,0,23,1,3,8,36,12,4,14,7,10,17
229027,The University of Texas at San Antonio,TX,Texas,"Degree-granting, primarily baccalaureate or above",2017,7969,5030,606894546,552472159,31,20,0,20,3,7,20,32,12,4,13,6,9,24
229027,The University of Texas at San Antonio,TX,Texas,"Degree-granting, primarily baccalaureate or above",2018,8049,4969,544836215,504942335,38,23,0,25,2,4,8,36,13,4,14,7,10,16
229027,The University of Texas at San Antonio,TX,Texas,"Degree-granting, primarily baccalaureate or above",2019,8262,4590,600732838,539979182,35,22,0,23,2,5,14,33,15,4,15,7,10,16
229027,The University of Texas at San Antonio,TX,Texas,"Degree-granting, primarily baccalaureate or above",2020,8793,5330,641505750,562813717,35,22,0,26,2,7,8,27,21,3,16,7,10,16
229027,The University of Texas at San Antonio,TX,Texas,"Degree-granting, primarily baccalaureate or above",2021,9231,5512,939132340,613589102,27,15,0,24,9,11,14,24,22,3,14,6,9,22
229027,The University of Texas at San Antonio,TX,Texas,"Degree-granting, primarily baccalaureate or above",2022,8945,5691,727637902,661317732,34,22,0,32,6,-7,13,26,23,3,15,6,9,18
228802,The University of Texas at Tyler,TX,Texas,"Degree-granting, primarily baccalaureate or above",2015,7312,778,124093442,115155465,32,30,0,18,2,-1,20,53,2,1,15,11,13,6
228802,The University of Texas at Tyler,TX,Texas,"Degree-granting, primarily baccalaureate or above",2016,7602,824,148671714,125164349,29,27,0,15,1,3,25,51,1,0,18,11,13,6
228802,The University of Texas at Tyler,TX,Texas,"Degree-granting, primarily baccalaureate or above",2017,7822,716,151279996,128354436,31,26,0,15,1,8,18,50,2,1,17,10,13,7
228802,The University of Texas at Tyler,TX,Texas,"Degree-granting, primarily baccalaureate or above",2018,8292,907,187422065,131429819,27,23,0,12,2,5,31,52,2,0,17,10,12,8
228802,The University of Texas at Tyler,TX,Texas,"Degree-granting, primarily baccalaureate or above",2019,8742,843,155994848,138966945,33,28,0,17,2,5,15,51,2,1,15,10,12,9
228802,The University of Texas at Tyler,TX,Texas,"Degree-granting, primarily baccalaureate or above",2020,9146,1065,163504968,145191034,33,26,0,18,1,8,14,51,2,0,14,10,12,10
228802,The University of Texas at Tyler,TX,Texas,"Degree-granting, primarily baccalaureate or above",2021,9596,1169,413202249,264622517,14,24,0,12,12,13,25,54,10,1,9,6,12,8
228802,The University of Texas at Tyler,TX,Texas,"Degree-granting, primarily baccalaureate or above",2022,9855,1118,378367393,304125563,15,26,0,20,21,-4,21,57,10,1,7,6,11,9
229018,The University of Texas Permian Basin,TX,Texas,"Degree-granting, primarily baccalaureate or above",2015,5250,504,82085572,87799940,20,36,0,18,15,0,11,37,3,9,7,4,11,28
229018,The University of Texas Permian Basin,TX,Texas,"Degree-granting, primarily baccalaureate or above",2016,5774,481,81395377,109065266,29,42,0,15,1,2,10,31,1,9,6,4,9,40
229018,The University of Texas Permian Basin,TX,Texas,"Degree-granting, primarily baccalaureate or above",2017,5782,445,150136162,66352087,14,23,0,12,1,4,45,64,2,2,9,7,13,3
229018,The University of Texas Permian Basin,TX,Texas,"Degree-granting, primarily baccalaureate or above",2018,6260,375,142729212,78947305,23,25,0,12,11,3,26,49,2,6,14,6,19,4
229018,The University of Texas Permian Basin,TX,Texas,"Degree-granting, primarily baccalaureate or above",2019,6666,398,137389704,119529183,23,26,0,17,2,2,31,28,2,5,10,4,11,40
229018,The University of Texas Permian Basin,TX,Texas,"Degree-granting, primarily baccalaureate or above",2020,8804,559,125259516,115692129,37,29,0,20,4,5,5,44,2,5,9,4,14,23
229018,The University of Texas Permian Basin,TX,Texas,"Degree-granting, primarily baccalaureate or above",2021,8806,388,130750268,103451549,25,26,0,26,3,13,8,49,4,5,10,5,16,11
229018,The University of Texas Permian Basin,TX,Texas,"Degree-granting, primarily baccalaureate or above",2022,9234,673,123542970,105865177,21,31,0,26,11,2,10,48,4,4,10,6,20,8
227368,The University of Texas Rio Grande Valley,TX,Texas,"Degree-granting, primarily baccalaureate or above",2015,7292,4202,277035189,266142843,21,27,0,38,2,2,10,41,4,3,9,9,13,21
227368,The University of Texas Rio Grande Valley,TX,Texas,"Degree-granting, primarily baccalaureate or above",2016,7438,3944,447537677,420927490,23,34,0,34,2,1,5,38,7,4,11,8,13,18
227368,The University of Texas Rio Grande Valley,TX,Texas,"Degree-granting, primarily baccalaureate or above",2017,7587,4504,572370700,448730879,19,27,0,27,2,3,22,39,6,6,12,8,12,18
227368,The University of Texas Rio Grande Valley,TX,Texas,"Degree-granting, primarily baccalaureate or above",2018,7813,4565,553048436,450925445,17,26,0,35,2,2,19,42,5,5,13,8,9,18
227368,The University of Texas Rio Grande Valley,TX,Texas,"Degree-granting, primarily baccalaureate or above",2019,8132,4793,551848733,496018390,19,26,0,37,2,2,14,37,10,4,12,7,9,19
227368,The University of Texas Rio Grande Valley,TX,Texas,"Degree-granting, primarily baccalaureate or above",2020,8917,5338,630503196,577761565,18,25,0,36,3,3,16,32,9,4,11,6,8,30
227368,The University of Texas Rio Grande Valley,TX,Texas,"Degree-granting, primarily baccalaureate or above",2021,9541,5439,820230382,600590143,18,18,0,41,7,5,11,35,9,3,12,8,7,26
227368,The University of Texas Rio Grande Valley,TX,Texas,"Degree-granting, primarily baccalaureate or above",2022,9538,5770,791603753,733258417,16,22,0,38,2,-3,24,31,8,2,11,6,7,34
225511,University of Houston,TX,Texas,"Degree-granting, primarily baccalaureate or above",2015,8759,4187,937913773,853319559,37,19,0,17,13,-1,16,31,18,6,22,4,10,9
225511,University of Houston,TX,Texas,"Degree-granting, primarily baccalaureate or above",2016,9519,4463,1007199468,906334012,37,19,0,18,8,2,16,31,19,6,23,4,10,8
225511,University of Houston,TX,Texas,"Degree-granting, primarily baccalaureate or above",2017,9706,4959,1080929573,938641413,36,18,0,16,9,5,17,31,19,5,22,4,8,10
225511,University of Houston,TX,Texas,"Degree-granting, primarily baccalaureate or above",2018,8913,5198,1087368643,939809127,36,18,0,17,9,4,16,32,20,5,22,4,9,7
225511,University of Houston,TX,Texas,"Degree-granting, primarily baccalaureate or above",2019,9221,5680,1216855996,994023712,33,16,0,17,13,3,19,32,21,5,22,4,7,9
225511,University of Houston,TX,Texas,"Degree-granting, primarily baccalaureate or above",2020,9457,5225,1303574199,1047169007,31,20,0,19,7,6,17,31,19,5,22,4,8,12
225511,University of Houston,TX,Texas,"Degree-granting, primarily baccalaureate or above",2021,9699,5437,1496344544,1038874594,27,14,0,21,5,14,19,31,20,4,22,4,9,9
225511,University of Houston,TX,Texas,"Degree-granting, primarily baccalaureate or above",2022,9699,5555,1417253287,1166615284,29,16,0,24,9,4,18,29,19,4,19,4,6,20
225414,University of Houston-Clear Lake,TX,Texas,"Degree-granting, primarily baccalaureate or above",2015,6234,247,114292721,106407148,52,27,0,12,1,-1,8,47,2,1,17,8,15,10
225414,University of Houston-Clear Lake,TX,Texas,"Degree-granting, primarily baccalaureate or above",2016,6428,264,126132677,116427958,50,29,0,11,1,1,8,47,2,1,17,9,16,9
225414,University of Houston-Clear Lake,TX,Texas,"Degree-granting, primarily baccalaureate or above",2017,6598,280,132373384,117970697,46,28,0,11,1,2,13,47,2,0,18,8,16,9
225414,University of Houston-Clear Lake,TX,Texas,"Degree-granting, primarily baccalaureate or above",2018,7002,305,131155583,116877506,44,26,0,14,1,1,14,47,2,0,17,8,16,10
225414,University of Houston-Clear Lake,TX,Texas,"Degree-granting, primarily baccalaureate or above",2019,7310,336,134776601,119881772,44,25,0,14,2,2,13,43,1,0,17,8,17,13
225414,University of Houston-Clear Lake,TX,Texas,"Degree-granting, primarily baccalaureate or above",2020,7504,363,147437832,129388151,44,25,0,17,1,3,11,41,1,0,18,8,17,15
225414,University of Houston-Clear Lake,TX,Texas,"Degree-granting, primarily baccalaureate or above",2021,7698,334,167943764,143531461,34,21,0,25,1,5,14,36,2,0,24,8,14,17
225414,University of Houston-Clear Lake,TX,Texas,"Degree-granting, primarily baccalaureate or above",2022,7698,353,151630118,141424025,41,27,0,23,1,-2,11,39,2,0,23,9,14,14
225432,University of Houston-Downtown,TX,Texas,"Degree-granting, primarily baccalaureate or above",2015,5780,877,160333582,144206420,44,17,0,23,2,2,13,33,2,3,18,3,14,28
225432,University of Houston-Downtown,TX,Texas,"Degree-granting, primarily baccalaureate or above",2016,5978,939,159491990,146539336,46,19,0,23,1,1,11,35,2,3,19,4,15,22
225432,University of Houston-Downtown,TX,Texas,"Degree-granting, primarily baccalaureate or above",2017,6470,967,200122717,169012265,39,15,0,18,5,1,21,32,2,3,18,5,14,27
225432,University of Houston-Downtown,TX,Texas,"Degree-granting, primarily baccalaureate or above",2018,6500,1068,174683794,162466489,41,18,0,22,1,1,17,35,1,3,20,6,15,19
225432,University of Houston-Downtown,TX,Texas,"Degree-granting, primarily baccalaureate or above",2019,6788,1467,173770004,160098185,40,18,0,23,1,1,16,37,1,3,19,6,15,19
225432,University of Houston-Downtown,TX,Texas,"Degree-granting, primarily baccalaureate or above",2020,7222,1491,199939993,169619212,38,16,0,25,2,1,18,34,2,2,21,6,15,20
225432,University of Houston-Downtown,TX,Texas,"Degree-granting, primarily baccalaureate or above",2021,7708,1360,223087932,180698134,32,14,0,34,0,5,14,35,1,2,22,5,15,20
225432,University of Houston-Downtown,TX,Texas,"Degree-granting, primarily baccalaureate or above",2022,7708,1373,209948450,192942033,36,16,0,37,2,-2,11,35,1,2,23,5,16,19
225502,University of Houston-Victoria,TX,Texas,"Degree-granting, primarily baccalaureate or above",2015,7086,269,52498419,52863677,36,36,0,17,2,-1,9,48,1,2,15,14,11,9
225502,University of Houston-Victoria,TX,Texas,"Degree-granting, primarily baccalaureate or above",2016,7369,319,53471821,53635703,34,37,0,17,1,1,10,44,1,2,18,14,12,9
225502,University of Houston-Victoria,TX,Texas,"Degree-granting, primarily baccalaureate or above",2017,6805,296,61066064,55744485,35,32,0,12,2,2,16,42,1,2,19,14,13,10
225502,University of Houston-Victoria,TX,Texas,"Degree-granting, primarily baccalaureate or above",2018,6491,306,66604903,59548651,29,27,0,22,2,1,18,37,1,1,18,14,11,17
225502,University of Houston-Victoria,TX,Texas,"Degree-granting, primarily baccalaureate or above",2019,6781,357,71105963,64077601,31,25,0,17,4,1,22,37,1,2,19,14,11,16
225502,University of Houston-Victoria,TX,Texas,"Degree-granting, primarily baccalaureate or above",2020,7313,266,69718191,68739453,36,27,0,20,1,2,14,40,1,1,17,13,11,17
225502,University of Houston-Victoria,TX,Texas,"Degree-granting, primarily baccalaureate or above",2021,7499,153,81151295,74559686,33,22,0,22,2,5,16,38,1,1,22,12,10,16
225502,University of Houston-Victoria,TX,Texas,"Degree-granting, primarily baccalaureate or above",2022,7149,211,70811525,73415838,35,27,0,22,2,-2,16,41,1,1,18,14,12,13
227216,University of North Texas,TX,Texas,"Degree-granting, primarily baccalaureate or above",2015,9730,4722,557424281,550987393,47,24,0,18,2,-2,11,46,5,1,12,12,7,17
227216,University of North Texas,TX,Texas,"Degree-granting, primarily baccalaureate or above",2016,10153,4859,607433789,588107461,49,22,0,16,2,2,9,32,3,2,11,9,6,37
227216,University of North Texas,TX,Texas,"Degree-granting, primarily baccalaureate or above",2017,10544,4992,655392632,631935645,47,20,0,16,3,3,11,32,4,2,9,12,6,36
227216,University of North Texas,TX,Texas,"Degree-granting, primarily baccalaureate or above",2018,10852,4879,1112608907,665130617,28,12,0,10,2,1,47,39,5,2,11,14,6,23
227216,University of North Texas,TX,Texas,"Degree-granting, primarily baccalaureate or above",2019,11044,5636,861727318,768680835,38,16,0,13,2,1,30,29,11,2,10,13,6,30
227216,University of North Texas,TX,Texas,"Degree-granting, primarily baccalaureate or above",2020,11090,5291,753943174,728023889,46,19,0,17,3,2,12,29,12,1,10,13,7,27
227216,University of North Texas,TX,Texas,"Degree-granting, primarily baccalaureate or above",2021,11090,5563,841055039,785004495,43,16,0,24,2,5,10,28,11,1,9,12,7,32
227216,University of North Texas,TX,Texas,"Degree-granting, primarily baccalaureate or above",2022,11140,6624,870958999,863429546,45,17,0,21,3,2,12,26,11,1,9,13,7,33
484905,University of North Texas at Dallas,TX,Texas,"Degree-granting, primarily baccalaureate or above",2015,7849,228,35990223,31696380,36,42,0,16,4,-1,3,32,0,3,9,13,23,20
484905,University of North Texas at Dallas,TX,Texas,"Degree-granting, primarily baccalaureate or above",2016,7849,280,44874558,39412119,32,39,0,9,0,1,19,24,0,1,10,15,15,34
484905,University of North Texas at Dallas,TX,Texas,"Degree-granting, primarily baccalaureate or above",2017,7848,316,56386502,49433047,31,31,0,13,1,2,22,25,0,2,10,11,12,39
484905,University of North Texas at Dallas,TX,Texas,"Degree-granting, primarily baccalaureate or above",2018,9139,365,147572778,59158302,14,17,0,8,1,1,59,33,0,3,9,13,12,29
484905,University of North Texas at Dallas,TX,Texas,"Degree-granting, primarily baccalaureate or above",2019,9140,1085,128680395,87546028,19,20,0,10,2,1,49,23,0,2,7,11,9,48
484905,University of North Texas at Dallas,TX,Texas,"Degree-granting, primarily baccalaureate or above",2020,9518,327,120013963,86053656,23,24,0,11,1,1,40,32,0,3,8,14,11,32
484905,University of North Texas at Dallas,TX,Texas,"Degree-granting, primarily baccalaureate or above",2021,9518,367,96190444,93086403,32,28,0,27,2,3,9,29,0,4,7,13,11,35
484905,University of North Texas at Dallas,TX,Texas,"Degree-granting, primarily baccalaureate or above",2022,9518,346,96531427,107548446,29,34,0,24,1,-2,14,26,0,6,7,13,12,36
229814,West Texas A & M University,TX,Texas,"Degree-granting, primarily baccalaureate or above",2015,7041,1425,125240068,121426152,38,27,0,17,6,-2,13,46,4,6,12,5,10,19
229814,West Texas A & M University,TX,Texas,"Degree-granting, primarily baccalaureate or above",2016,7699,1335,148386477,131199735,37,27,0,14,3,3,17,42,4,4,13,8,12,17
229814,West Texas A & M University,TX,Texas,"Degree-granting, primarily baccalaureate or above",2017,7846,1245,177849960,160416791,31,22,0,12,4,6,25,35,4,4,11,11,10,26
229814,West Texas A & M University,TX,Texas,"Degree-granting, primarily baccalaureate or above",2018,7935,1205,173144773,161755031,32,24,0,13,7,4,19,26,3,3,11,8,7,43
229814,West Texas A & M University,TX,Texas,"Degree-granting, primarily baccalaureate or above",2019,8135,1335,228170712,171278568,26,18,0,11,3,1,40,25,3,2,9,8,7,46
229814,West Texas A & M University,TX,Texas,"Degree-granting, primarily baccalaureate or above",2020,8456,1254,238123034,168112918,26,18,0,12,3,7,35,25,3,2,10,7,8,45
229814,West Texas A & M University,TX,Texas,"Degree-granting, primarily baccalaureate or above",2021,9202,1291,199917508,168770413,31,21,0,20,3,13,12,25,5,2,10,7,8,43
229814,West Texas A & M University,TX,Texas,"Degree-granting, primarily baccalaureate or above",2022,9101,1281,173185261,193137678,35,25,0,27,4,-18,27,23,4,3,11,6,6,47
230603,Southern Utah University,UT,Utah,"Degree-granting, not primarily baccalaureate or above",2015,6300,1427,150026392,134622064,44,22,0,15,3,1,16,50,0,13,8,11,13,5
230603,Southern Utah University,UT,Utah,"Degree-granting, not primarily baccalaureate or above",2016,6530,1523,144368377,138060575,42,24,0,16,3,1,14,40,0,12,8,12,19,10
230603,Southern Utah University,UT,Utah,"Degree-granting, not primarily baccalaureate or above",2017,6676,1895,147224929,135953749,36,26,0,15,4,2,17,39,0,15,11,15,14,6
230603,Southern Utah University,UT,Utah,"Degree-granting, not primarily baccalaureate or above",2018,6770,2073,145696422,141958542,37,28,0,17,3,2,13,37,0,15,10,15,12,10
230603,Southern Utah University,UT,Utah,"Degree-granting, not primarily baccalaureate or above",2019,6770,1884,172312628,159543016,36,25,0,15,3,2,19,36,0,13,9,16,14,12
230603,Southern Utah University,UT,Utah,"Degree-granting, not primarily baccalaureate or above",2020,6770,2204,172867088,169074861,39,28,0,17,2,2,12,37,0,15,10,16,11,12
230603,Southern Utah University,UT,Utah,"Degree-granting, not primarily baccalaureate or above",2021,6726,2564,202011250,170401835,38,27,0,22,3,5,5,40,0,10,9,17,10,13
230603,Southern Utah University,UT,Utah,"Degree-granting, not primarily baccalaureate or above",2022,6770,2160,219227129,201824946,33,25,0,28,2,-4,15,38,0,14,9,15,11,11
230764,University of Utah,UT,Utah,"Degree-granting, primarily baccalaureate or above",2015,8197,3410,1512736000,1757957000,20,19,0,20,13,3,25,22,16,41,6,2,8,5
230764,University of Utah,UT,Utah,"Degree-granting, primarily baccalaureate or above",2016,8518,3601,1576123000,1854851000,20,20,0,19,12,2,27,22,15,42,6,2,7,5
230764,University of Utah,UT,Utah,"Degree-granting, primarily baccalaureate or above",2017,8884,4119,1838177000,1956503000,18,18,0,18,13,5,29,22,16,41,6,2,7,5
230764,University of Utah,UT,Utah,"Degree-granting, primarily baccalaureate or above",2018,9222,4256,2119406000,2011489000,16,16,0,17,14,4,33,22,18,36,7,2,9,5
230764,University of Utah,UT,Utah,"Degree-granting, primarily baccalaureate or above",2019,8615,4249,2102337000,2196096000,17,17,0,18,14,6,27,22,18,32,8,4,11,6
230764,University of Utah,UT,Utah,"Degree-granting, primarily baccalaureate or above",2020,8615,4483,2106705000,2242164000,18,17,0,20,15,4,26,22,18,33,9,4,8,8
230764,University of Utah,UT,Utah,"Degree-granting, primarily baccalaureate or above",2021,8893,5361,2619917000,2627952000,14,14,0,23,8,11,29,19,15,34,7,3,7,16
230764,University of Utah,UT,Utah,"Degree-granting, primarily baccalaureate or above",2022,9315,5520,2354644000,2504137000,17,17,0,23,15,-5,34,21,16,33,8,3,12,7
230728,Utah State University,UT,Utah,"Degree-granting, primarily baccalaureate or above",2015,7260,4751,623898365,543773611,19,29,0,34,5,2,10,34,27,11,8,5,9,6
230728,Utah State University,UT,Utah,"Degree-granting, primarily baccalaureate or above",2016,7426,4466,698853649,584062616,18,27,0,31,5,3,16,35,26,11,8,5,10,5
230728,Utah State University,UT,Utah,"Degree-granting, primarily baccalaureate or above",2017,7870,4242,708370599,620343348,20,28,0,32,4,4,11,35,26,11,8,5,10,6
230728,Utah State University,UT,Utah,"Degree-granting, primarily baccalaureate or above",2018,8138,4429,738120224,668835258,20,28,0,36,4,3,10,36,27,11,7,4,9,7
230728,Utah State University,UT,Utah,"Degree-granting, primarily baccalaureate or above",2019,8402,4411,880040690,752659719,17,25,0,37,4,5,12,32,31,11,7,4,9,6
230728,Utah State University,UT,Utah,"Degree-granting, primarily baccalaureate or above",2020,8764,4547,872776379,763103974,18,24,0,40,4,3,11,31,32,11,7,4,10,6
230728,Utah State University,UT,Utah,"Degree-granting, primarily baccalaureate or above",2021,8960,4223,1016776724,800203799,15,25,0,35,4,7,13,31,32,10,6,4,11,6
230728,Utah State University,UT,Utah,"Degree-granting, primarily baccalaureate or above",2022,9228,4625,962172914,872346021,16,28,0,39,6,-5,16,30,31,11,6,4,12,6
231712,Christopher Newport University,VA,Virginia,"Degree-granting, primarily baccalaureate or above",2015,12526,1224,102714661,83790410,36,30,0,5,2,0,27,57,3,0,13,11,14,2
231712,Christopher Newport University,VA,Virginia,"Degree-granting, primarily baccalaureate or above",2016,13054,1228,88275016,81598971,44,36,0,6,2,0,12,55,3,0,14,11,15,2
231712,Christopher Newport University,VA,Virginia,"Degree-granting, primarily baccalaureate or above",2017,13654,1293,96792263,81478032,40,34,0,5,2,0,19,55,3,0,14,11,15,2
231712,Christopher Newport University,VA,Virginia,"Degree-granting, primarily baccalaureate or above",2018,14754,1228,111997286,84566060,36,30,0,5,2,0,27,55,2,0,14,11,16,2
231712,Christopher Newport University,VA,Virginia,"Degree-granting, primarily baccalaureate or above",2019,14924,1238,105775170,89158907,42,33,0,4,2,1,18,53,3,0,15,11,16,3
231712,Christopher Newport University,VA,Virginia,"Degree-granting, primarily baccalaureate or above",2020,14924,1155,126481265,95451631,34,31,0,4,2,1,29,51,3,0,15,11,15,5
231712,Christopher Newport University,VA,Virginia,"Degree-granting, primarily baccalaureate or above",2021,14924,1012,121803183,98023890,35,33,0,12,2,0,18,49,2,0,14,10,19,5
231712,Christopher Newport University,VA,Virginia,"Degree-granting, primarily baccalaureate or above",2022,15425,1161,117383996,103193144,33,42,0,11,2,0,12,50,4,0,15,11,18,2
232186,George Mason University,VA,Virginia,"Degree-granting, primarily baccalaureate or above",2015,10952,3181,667560852,641626742,47,18,0,20,4,0,12,53,14,3,11,5,9,4
232186,George Mason University,VA,Virginia,"Degree-granting, primarily baccalaureate or above",2016,11300,3214,700696538,648630968,46,18,0,19,4,0,13,54,13,3,11,5,9,5
232186,George Mason University,VA,Virginia,"Degree-granting, primarily baccalaureate or above",2017,11924,3489,730694924,659123309,47,19,0,19,4,0,12,54,13,3,12,5,9,4
232186,George Mason University,VA,Virginia,"Degree-granting, primarily baccalaureate or above",2018,12462,3711,754503941,706549726,49,18,0,21,4,0,7,53,14,4,11,5,9,4
232186,George Mason University,VA,Virginia,"Degree-granting, primarily baccalaureate or above",2019,12564,3763,828546405,764849760,47,17,0,24,4,1,8,51,17,4,12,5,8,4
232186,George Mason University,VA,Virginia,"Degree-granting, primarily baccalaureate or above",2020,13014,3561,887739354,829390326,44,17,0,24,4,1,10,51,16,3,12,5,8,5
232186,George Mason University,VA,Virginia,"Degree-granting, primarily baccalaureate or above",2021,13119,3986,996775693,887438856,41,17,0,28,4,0,10,48,17,4,12,5,9,6
232186,George Mason University,VA,Virginia,"Degree-granting, primarily baccalaureate or above",2022,13401,4144,1011988259,958468281,39,21,0,30,4,0,6,48,15,3,11,4,10,8
232423,James Madison University,VA,Virginia,"Degree-granting, primarily baccalaureate or above",2015,10018,4408,358775354,317706476,53,23,0,9,1,0,14,57,1,5,16,7,11,3
232423,James Madison University,VA,Virginia,"Degree-granting, primarily baccalaureate or above",2016,10390,4505,399297640,327272771,51,22,0,8,1,0,18,57,1,5,16,6,12,3
232423,James Madison University,VA,Virginia,"Degree-granting, primarily baccalaureate or above",2017,10830,4669,364130343,351098001,57,25,0,9,1,0,7,56,1,5,16,6,12,3
232423,James Madison University,VA,Virginia,"Degree-granting, primarily baccalaureate or above",2018,12016,4541,373192606,367113532,59,25,0,9,1,1,5,57,1,5,16,6,12,3
232423,James Madison University,VA,Virginia,"Degree-granting, primarily baccalaureate or above",2019,12206,4456,430474620,372643246,55,22,0,8,1,1,12,56,1,5,16,6,10,6
232423,James Madison University,VA,Virginia,"Degree-granting, primarily baccalaureate or above",2020,12330,4505,454528748,422134805,51,23,0,11,1,1,12,49,1,4,14,6,14,12
232423,James Madison University,VA,Virginia,"Degree-granting, primarily baccalaureate or above",2021,12638,4767,433828401,417811823,52,21,0,15,1,0,10,47,1,5,13,6,14,15
232423,James Madison University,VA,Virginia,"Degree-granting, primarily baccalaureate or above",2022,13092,4863,478904083,441769095,49,29,0,17,1,0,4,50,1,6,13,7,12,12
232566,Longwood University,VA,Virginia,"Degree-granting, primarily baccalaureate or above",2015,11910,1036,83895147,75283579,41,35,0,8,4,0,12,49,0,2,14,7,15,13
232566,Longwood University,VA,Virginia,"Degree-granting, primarily baccalaureate or above",2016,12240,950,88705916,83888409,39,34,0,8,4,0,13,46,0,2,11,6,14,21
232566,Longwood University,VA,Virginia,"Degree-granting, primarily baccalaureate or above",2017,12720,1053,90902394,82753778,39,36,0,8,4,0,13,49,0,2,10,6,16,17
232566,Longwood University,VA,Virginia,"Degree-granting, primarily baccalaureate or above",2018,13340,1007,89077441,83501620,36,37,0,8,5,0,14,50,0,3,11,6,14,16
232566,Longwood University,VA,Virginia,"Degree-granting, primarily baccalaureate or above",2019,13520,799,101983142,74408915,30,33,0,7,7,0,22,55,0,2,12,7,18,5
232566,Longwood University,VA,Virginia,"Degree-granting, primarily baccalaureate or above",2020,13910,819,100209315,87740319,28,37,0,10,6,0,19,42,0,2,8,5,12,30
232566,Longwood University,VA,Virginia,"Degree-granting, primarily baccalaureate or above",2021,14334,718,97722456,90972205,30,40,0,10,7,0,13,39,0,2,8,4,15,32
232566,Longwood University,VA,Virginia,"Degree-granting, primarily baccalaureate or above",2022,14840,794,115690342,84579514,24,37,0,19,14,0,7,49,1,3,11,6,13,17
232937,Norfolk State University,VA,Virginia,"Degree-granting, primarily baccalaureate or above",2015,8366,475,137963455,115073664,19,37,0,22,1,0,21,43,6,1,14,5,17,15
232937,Norfolk State University,VA,Virginia,"Degree-granting, primarily baccalaureate or above",2016,8738,1039,129606111,118422046,21,41,0,22,1,0,14,44,7,1,14,5,14,15
232937,Norfolk State University,VA,Virginia,"Degree-granting, primarily baccalaureate or above",2017,9036,1036,157389244,107623697,16,36,0,21,1,0,26,42,10,1,14,6,15,12
232937,Norfolk State University,VA,Virginia,"Degree-granting, primarily baccalaureate or above",2018,9490,1098,127057479,115604760,21,46,0,23,1,0,9,42,8,1,13,6,18,12
232937,Norfolk State University,VA,Virginia,"Degree-granting, primarily baccalaureate or above",2019,9622,1225,131479128,113903814,21,45,0,26,1,1,6,46,8,0,13,6,18,9
232937,Norfolk State University,VA,Virginia,"Degree-granting, primarily baccalaureate or above",2020,9622,1066,138744584,131208296,20,46,0,25,2,0,8,41,6,0,14,6,19,14
232937,Norfolk State University,VA,Virginia,"Degree-granting, primarily baccalaureate or above",2021,9622,1113,174304877,145341499,15,42,0,17,1,0,24,37,4,0,12,5,21,21
232937,Norfolk State University,VA,Virginia,"Degree-granting, primarily baccalaureate or above",2022,9622,1300,191038164,166644564,15,48,0,15,2,0,19,33,3,0,12,5,28,19
232982,Old Dominion University,VA,Virginia,"Degree-granting, primarily baccalaureate or above",2015,9480,2956,351181818,326758558,40,37,0,11,4,0,8,56,4,0,15,6,10,9
232982,Old Dominion University,VA,Virginia,"Degree-granting, primarily baccalaureate or above",2016,9750,2756,375422277,340489934,38,37,0,11,4,0,10,56,4,0,15,6,11,8
232982,Old Dominion University,VA,Virginia,"Degree-granting, primarily baccalaureate or above",2017,10050,2938,377504829,359111473,38,39,0,11,4,1,7,55,4,0,14,6,11,10
232982,Old Dominion University,VA,Virginia,"Degree-granting, primarily baccalaureate or above",2018,10560,3176,390143470,371220658,38,39,0,11,4,3,5,55,4,0,15,6,11,9
232982,Old Dominion University,VA,Virginia,"Degree-granting, primarily baccalaureate or above",2019,10680,3145,392792827,370491728,38,40,0,11,5,1,5,56,4,0,15,6,11,7
232982,Old Dominion University,VA,Virginia,"Degree-granting, primarily baccalaureate or above",2020,10966,3147,443490164,398483774,34,37,0,12,4,0,13,55,5,0,14,6,11,10
232982,Old Dominion University,VA,Virginia,"Degree-granting, primarily baccalaureate or above",2021,10800,2899,466176237,439435330,33,33,0,19,4,2,10,50,3,0,12,5,18,11
232982,Old Dominion University,VA,Virginia,"Degree-granting, primarily baccalaureate or above",2022,11220,3084,520705032,417370879,27,42,0,9,4,0,18,50,4,0,13,5,16,13
233277,Radford University,VA,Virginia,"Degree-granting, primarily baccalaureate or above",2015,9809,1962,175234090,133522274,34,31,0,10,1,0,23,59,0,3,11,6,17,5
233277,Radford University,VA,Virginia,"Degree-granting, primarily baccalaureate or above",2016,10081,1751,187105056,142724302,34,30,0,9,2,0,25,60,0,2,10,5,17,5
233277,Radford University,VA,Virginia,"Degree-granting, primarily baccalaureate or above",2017,10627,1848,163305221,146471176,37,37,0,11,2,1,12,59,0,3,10,5,18,5
233277,Radford University,VA,Virginia,"Degree-granting, primarily baccalaureate or above",2018,11210,1762,164354294,159136996,38,37,0,13,2,1,10,62,0,2,10,5,17,5
233277,Radford University,VA,Virginia,"Degree-granting, primarily baccalaureate or above",2019,11350,1651,175386395,146272406,36,36,0,13,2,1,12,61,0,3,10,5,17,4
233277,Radford University,VA,Virginia,"Degree-granting, primarily baccalaureate or above",2020,11416,1336,200111338,179846304,38,34,0,13,2,1,12,62,0,2,9,7,16,4
233277,Radford University,VA,Virginia,"Degree-granting, primarily baccalaureate or above",2021,11542,1292,198321626,179952943,35,38,0,13,2,0,12,57,0,2,9,5,20,8
233277,Radford University,VA,Virginia,"Degree-granting, primarily baccalaureate or above",2022,11916,1226,228167892,184263155,25,38,0,8,2,0,27,55,0,2,8,5,19,10
233338,Richard Bland College,VA,Virginia,"Degree-granting, associate's and certificates  ",2015,5493,603,20554940,16172211,13,30,0,27,1,0,29,44,0,0,6,17,28,5
233338,Richard Bland College,VA,Virginia,"Degree-granting, associate's and certificates  ",2016,7140,593,18408996,16885705,14,36,0,27,1,0,22,25,0,0,6,10,29,30
233338,Richard Bland College,VA,Virginia,"Degree-granting, associate's and certificates  ",2017,7823,408,16465177,16547692,22,37,0,14,1,0,25,24,0,0,8,14,24,30
233338,Richard Bland College,VA,Virginia,"Degree-granting, associate's and certificates  ",2018,8100,440,13939211,17518590,21,58,0,14,0,1,6,24,0,0,5,13,23,35
233338,Richard Bland College,VA,Virginia,"Degree-granting, associate's and certificates  ",2019,8100,445,15681215,17688422,27,53,0,14,2,0,4,31,0,0,2,13,18,37
233338,Richard Bland College,VA,Virginia,"Degree-granting, associate's and certificates  ",2020,8100,500,19588461,19180496,22,50,0,17,2,0,10,34,0,0,2,10,17,37
233338,Richard Bland College,VA,Virginia,"Degree-granting, associate's and certificates  ",2021,8100,947,20909744,20529623,23,46,0,27,1,0,1,36,0,0,2,8,19,34
233338,Richard Bland College,VA,Virginia,"Degree-granting, associate's and certificates  ",2022,8250,395,27654111,28371466,24,46,0,18,1,0,11,33,0,0,4,6,17,41
232681,University of Mary Washington,VA,Virginia,"Degree-granting, primarily baccalaureate or above",2015,11130,972,79574196,68828873,40,32,0,4,1,0,23,51,1,1,17,12,17,0
232681,University of Mary Washington,VA,Virginia,"Degree-granting, primarily baccalaureate or above",2016,11630,972,74443797,70787588,41,38,0,6,1,0,14,48,1,1,18,13,18,0
232681,University of Mary Washington,VA,Virginia,"Degree-granting, primarily baccalaureate or above",2017,12128,950,72898001,73682025,40,42,0,7,1,0,10,47,1,1,19,14,18,0
232681,University of Mary Washington,VA,Virginia,"Degree-granting, primarily baccalaureate or above",2018,12714,946,79484637,76123652,36,40,0,6,1,1,16,46,1,1,17,14,18,4
232681,University of Mary Washington,VA,Virginia,"Degree-granting, primarily baccalaureate or above",2019,13270,891,90030667,73813398,31,36,0,6,1,1,25,48,1,1,17,14,18,1
232681,University of Mary Washington,VA,Virginia,"Degree-granting, primarily baccalaureate or above",2020,13845,775,80705174,73341493,33,42,0,9,1,1,14,45,1,1,18,12,17,6
232681,University of Mary Washington,VA,Virginia,"Degree-granting, primarily baccalaureate or above",2021,13830,654,91909558,77890623,27,39,0,15,1,0,18,43,0,1,17,10,21,7
232681,University of Mary Washington,VA,Virginia,"Degree-granting, primarily baccalaureate or above",2022,14234,749,96189011,81094304,21,46,0,8,1,0,23,44,0,1,18,12,23,2
234076,University of Virginia-Main Campus,VA,Virginia,"Degree-granting, primarily baccalaureate or above",2015,15192,3674,1646977639,1248463993,29,8,0,14,13,26,9,35,26,4,15,5,9,6
234076,University of Virginia-Main Campus,VA,Virginia,"Degree-granting, primarily baccalaureate or above",2016,16412,3683,1145993597,1275357159,44,12,0,22,19,-10,12,35,28,4,13,4,10,4
234076,University of Virginia-Main Campus,VA,Virginia,"Degree-granting, primarily baccalaureate or above",2017,16853,3788,2089261285,1473693324,26,7,0,13,11,35,9,34,28,4,14,4,9,6
234076,University of Virginia-Main Campus,VA,Virginia,"Degree-granting, primarily baccalaureate or above",2018,17653,3822,2184951197,1674233704,25,7,0,14,11,35,8,29,26,3,11,4,10,16
234076,University of Virginia-Main Campus,VA,Virginia,"Degree-granting, primarily baccalaureate or above",2019,17798,3920,2064504430,1689884899,28,7,0,15,13,19,17,32,30,3,13,4,13,4
234076,University of Virginia-Main Campus,VA,Virginia,"Degree-granting, primarily baccalaureate or above",2020,18960,3785,2030942844,1741999565,30,8,0,20,14,17,11,30,30,3,14,4,12,7
234076,University of Virginia-Main Campus,VA,Virginia,"Degree-granting, primarily baccalaureate or above",2021,19244,3889,5510934320,1753957429,11,3,0,8,5,68,5,29,28,3,13,4,16,7
234076,University of Virginia-Main Campus,VA,Virginia,"Degree-granting, primarily baccalaureate or above",2022,20342,4022,1398182905,1785049924,47,14,0,30,20,-37,26,32,31,3,13,4,10,7
233897,University of Virginia's College at Wise,VA,Virginia,"Degree-granting, primarily baccalaureate or above",2015,9220,296,49900987,36518868,23,32,0,11,2,9,23,40,0,5,14,6,17,18
233897,University of Virginia's College at Wise,VA,Virginia,"Degree-granting, primarily baccalaureate or above",2016,9539,335,48683497,36705583,23,35,0,11,1,-2,33,44,0,6,13,6,14,17
233897,University of Virginia's College at Wise,VA,Virginia,"Degree-granting, primarily baccalaureate or above",2017,9825,257,48186021,37842467,21,37,0,11,2,14,14,42,0,7,14,6,15,16
233897,University of Virginia's College at Wise,VA,Virginia,"Degree-granting, primarily baccalaureate or above",2018,10119,310,50649600,37507130,19,37,0,10,2,14,18,39,0,6,12,6,14,22
233897,University of Virginia's College at Wise,VA,Virginia,"Degree-granting, primarily baccalaureate or above",2019,10252,282,50288340,40851734,18,43,0,10,3,9,17,41,0,8,15,7,18,10
233897,University of Virginia's College at Wise,VA,Virginia,"Degree-granting, primarily baccalaureate or above",2020,10836,256,52763741,44530475,15,43,0,13,3,7,19,40,1,10,13,6,20,10
233897,University of Virginia's College at Wise,VA,Virginia,"Degree-granting, primarily baccalaureate or above",2021,11162,329,99543895,44196731,9,24,0,12,1,44,10,34,3,7,14,6,24,13
233897,University of Virginia's College at Wise,VA,Virginia,"Degree-granting, primarily baccalaureate or above",2022,11498,251,46201562,44509831,20,56,0,23,3,-14,12,37,7,7,11,6,16,16
234030,Virginia Commonwealth University,VA,Virginia,"Degree-granting, primarily baccalaureate or above",2015,12772,3997,890255313,815610258,35,23,0,22,7,1,12,47,23,1,11,3,10,4
234030,Virginia Commonwealth University,VA,Virginia,"Degree-granting, primarily baccalaureate or above",2016,13130,4150,915859947,859999736,35,23,0,21,7,0,13,48,23,1,12,3,10,4
234030,Virginia Commonwealth University,VA,Virginia,"Degree-granting, primarily baccalaureate or above",2017,13624,4130,998590651,886570229,34,23,0,20,7,2,14,47,23,1,12,3,10,4
234030,Virginia Commonwealth University,VA,Virginia,"Degree-granting, primarily baccalaureate or above",2018,14493,4529,990909896,937414339,35,23,0,20,7,1,14,46,22,1,13,3,10,4
234030,Virginia Commonwealth University,VA,Virginia,"Degree-granting, primarily baccalaureate or above",2019,14596,4401,997264534,949820539,36,24,0,20,8,2,11,46,22,1,14,3,11,4
234030,Virginia Commonwealth University,VA,Virginia,"Degree-granting, primarily baccalaureate or above",2020,14710,3756,1066525994,979784618,32,24,0,23,7,2,12,42,23,1,13,3,9,10
234030,Virginia Commonwealth University,VA,Virginia,"Degree-granting, primarily baccalaureate or above",2021,15319,4084,1202585863,989352500,28,22,0,25,7,6,11,40,22,1,12,3,9,13
234030,Virginia Commonwealth University,VA,Virginia,"Degree-granting, primarily baccalaureate or above",2022,15828,4167,1226611568,1054268469,27,24,0,21,15,0,13,38,25,1,12,3,9,12
234085,Virginia Military Institute,VA,Virginia,"Degree-granting, primarily baccalaureate or above",2015,16536,453,95562001,52908372,27,14,0,1,17,1,41,49,1,3,16,14,16,2
234085,Virginia Military Institute,VA,Virginia,"Degree-granting, primarily baccalaureate or above",2016,17492,472,117313044,53957455,23,12,0,1,13,0,51,48,0,3,17,14,16,2
234085,Virginia Military Institute,VA,Virginia,"Degree-granting, primarily baccalaureate or above",2017,18214,447,82347462,58108949,34,18,0,1,19,2,26,47,0,3,16,14,16,3
234085,Virginia Military Institute,VA,Virginia,"Degree-granting, primarily baccalaureate or above",2018,18862,475,69295242,56883382,42,21,0,2,23,2,10,49,0,3,15,14,16,2
234085,Virginia Military Institute,VA,Virginia,"Degree-granting, primarily baccalaureate or above",2019,19118,482,75656958,58446557,39,20,0,2,22,2,15,49,0,3,13,14,15,6
234085,Virginia Military Institute,VA,Virginia,"Degree-granting, primarily baccalaureate or above",2020,19210,482,115542557,66103317,26,16,0,2,15,0,40,47,0,3,13,12,17,7
234085,Virginia Military Institute,VA,Virginia,"Degree-granting, primarily baccalaureate or above",2021,19670,461,128734533,71241357,23,14,0,5,13,4,39,44,0,2,12,12,18,11
234085,Virginia Military Institute,VA,Virginia,"Degree-granting, primarily baccalaureate or above",2022,19914,358,117348713,71763978,24,18,0,4,16,0,38,46,0,3,14,14,14,9
233921,Virginia Polytechnic Institute and State University,VA,Virginia,"Degree-granting, primarily baccalaureate or above",2015,12485,6324,1117604955,1047825255,37,22,0,24,9,0,8,36,34,11,9,2,6,1
233921,Virginia Polytechnic Institute and State University,VA,Virginia,"Degree-granting, primarily baccalaureate or above",2016,12852,5929,1215810988,1098627629,37,21,0,23,9,0,11,36,34,11,9,2,7,2
233921,Virginia Polytechnic Institute and State University,VA,Virginia,"Degree-granting, primarily baccalaureate or above",2017,13230,6836,1194269415,1134928997,39,22,0,22,9,2,7,37,33,10,9,2,7,2
233921,Virginia Polytechnic Institute and State University,VA,Virginia,"Degree-granting, primarily baccalaureate or above",2018,13620,6285,1264147935,1181447454,40,18,0,21,10,1,9,38,32,10,9,2,8,2
233921,Virginia Polytechnic Institute and State University,VA,Virginia,"Degree-granting, primarily baccalaureate or above",2019,13691,7651,1340415867,1229237411,40,20,0,21,9,2,8,38,31,9,9,2,7,4
233921,Virginia Polytechnic Institute and State University,VA,Virginia,"Degree-granting, primarily baccalaureate or above",2020,13749,6608,1442856220,1306874199,40,21,0,21,9,0,9,37,30,9,9,2,7,6
233921,Virginia Polytechnic Institute and State University,VA,Virginia,"Degree-granting, primarily baccalaureate or above",2021,13750,6758,1605390233,1301619837,36,19,0,21,8,6,10,37,29,8,9,2,8,7
233921,Virginia Polytechnic Institute and State University,VA,Virginia,"Degree-granting, primarily baccalaureate or above",2022,14586,7166,1696800636,1362755948,36,19,0,22,8,0,14,39,31,8,10,3,7,3
234155,Virginia State University,VA,Virginia,"Degree-granting, primarily baccalaureate or above",2015,8226,765,150333485,93632985,17,28,0,22,1,1,31,47,8,9,7,5,20,4
234155,Virginia State University,VA,Virginia,"Degree-granting, primarily baccalaureate or above",2016,8472,1024,135003666,93922549,18,34,0,23,1,0,24,48,8,10,8,4,18,4
234155,Virginia State University,VA,Virginia,"Degree-granting, primarily baccalaureate or above",2017,8726,1145,126606083,97162991,20,37,0,24,3,3,13,47,8,11,8,5,17,4
234155,Virginia State University,VA,Virginia,"Degree-granting, primarily baccalaureate or above",2018,9056,930,120242515,99968218,21,40,0,25,2,2,9,45,8,11,8,5,15,8
234155,Virginia State University,VA,Virginia,"Degree-granting, primarily baccalaureate or above",2019,9154,1066,123874607,97344540,20,40,0,27,1,2,9,44,10,11,9,7,16,4
234155,Virginia State University,VA,Virginia,"Degree-granting, primarily baccalaureate or above",2020,9154,889,129327182,108552728,21,41,0,28,2,0,8,39,9,9,8,6,17,13
234155,Virginia State University,VA,Virginia,"Degree-granting, primarily baccalaureate or above",2021,9154,920,207089663,122144283,12,28,0,13,16,6,24,33,8,8,6,4,21,20
234155,Virginia State University,VA,Virginia,"Degree-granting, primarily baccalaureate or above",2022,9654,1382,172594981,148083967,15,41,0,19,2,0,24,30,7,8,6,4,20,26
231624,William & Mary,VA,Virginia,"Degree-granting, primarily baccalaureate or above",2015,19372,1518,353688090,306148687,44,18,0,12,10,0,15,38,20,0,13,5,12,12
231624,William & Mary,VA,Virginia,"Degree-granting, primarily baccalaureate or above",2016,21234,1507,387741181,326754902,42,17,0,11,11,0,19,38,19,0,13,5,13,11
231624,William & Mary,VA,Virginia,"Degree-granting, primarily baccalaureate or above",2017,22044,1531,400731363,338546595,45,17,0,11,11,2,13,38,18,0,13,5,13,12
231624,William & Mary,VA,Virginia,"Degree-granting, primarily baccalaureate or above",2018,23400,1545,386959534,337749471,43,18,0,11,14,2,12,42,19,0,14,6,13,6
231624,William & Mary,VA,Virginia,"Degree-granting, primarily baccalaureate or above",2019,23628,1530,403798076,333489179,43,18,0,10,16,2,12,42,19,0,14,6,14,4
231624,William & Mary,VA,Virginia,"Degree-granting, primarily baccalaureate or above",2020,23628,1521,417236468,349958145,43,19,0,11,14,1,13,41,19,0,15,5,14,6
231624,William & Mary,VA,Virginia,"Degree-granting, primarily baccalaureate or above",2021,23812,1684,446320386,351410907,43,19,0,12,10,5,11,40,18,0,15,5,15,6
231624,William & Mary,VA,Virginia,"Degree-granting, primarily baccalaureate or above",2022,23970,1642,521223580,396915381,39,18,0,11,11,0,22,35,17,0,13,5,13,17
243665,University of the Virgin Islands,VI,Virgin Islands,"Degree-granting, primarily baccalaureate or above",2015,5014,390,72110385,79353886,20,0,36,36,4,-4,9,25,14,12,8,7,23,11
243665,University of the Virgin Islands,VI,Virgin Islands,"Degree-granting, primarily baccalaureate or above",2016,5235,345,76434646,76685494,21,0,35,34,3,-4,10,22,14,9,7,5,20,23
243665,University of the Virgin Islands,VI,Virgin Islands,"Degree-granting, primarily baccalaureate or above",2017,5235,308,72072185,76227128,19,0,28,40,1,4,8,20,14,9,8,6,16,26
243665,University of the Virgin Islands,VI,Virgin Islands,"Degree-granting, primarily baccalaureate or above",2018,5235,306,75818290,72400693,17,0,33,33,4,4,10,21,17,8,8,7,16,24
243665,University of the Virgin Islands,VI,Virgin Islands,"Degree-granting, primarily baccalaureate or above",2019,5235,382,99554156,84861395,16,0,34,33,1,2,15,18,16,7,8,6,21,24
243665,University of the Virgin Islands,VI,Virgin Islands,"Degree-granting, primarily baccalaureate or above",2020,5235,322,97955200,84794245,14,0,29,42,3,5,8,16,26,7,7,5,16,23
243665,University of the Virgin Islands,VI,Virgin Islands,"Degree-granting, primarily baccalaureate or above",2021,5235,232,168285536,91535478,6,0,21,33,6,1,33,15,20,6,7,5,22,25
243665,University of the Virgin Islands,VI,Virgin Islands,"Degree-granting, primarily baccalaureate or above",2022,5235,251,116234789,74362172,9,0,35,42,4,2,9,21,18,8,8,6,14,24
230834,Castleton University,VT,Vermont,"Degree-granting, primarily baccalaureate or above",2015,11282,445,37080996,40868968,68,13,0,12,2,0,5,39,0,3,10,16,30,2
230834,Castleton University,VT,Vermont,"Degree-granting, primarily baccalaureate or above",2016,11314,476,37961445,40700468,67,13,0,11,2,0,6,41,0,5,10,19,22,3
230834,Castleton University,VT,Vermont,"Degree-granting, primarily baccalaureate or above",2017,11970,376,39313917,43129768,65,13,0,11,2,2,7,39,0,5,10,22,22,2
230834,Castleton University,VT,Vermont,"Degree-granting, primarily baccalaureate or above",2018,12314,424,39135475,40962347,63,14,0,12,3,2,6,41,0,5,9,24,19,3
230834,Castleton University,VT,Vermont,"Degree-granting, primarily baccalaureate or above",2019,12470,397,38638607,39845251,65,14,0,14,2,1,5,39,0,4,10,28,15,3
230834,Castleton University,VT,Vermont,"Degree-granting, primarily baccalaureate or above",2020,13044,298,41912958,40251856,62,15,0,18,1,0,3,40,0,4,10,27,13,6
230834,Castleton University,VT,Vermont,"Degree-granting, primarily baccalaureate or above",2021,13078,391,42685237,37847119,55,16,0,21,1,4,2,41,0,4,10,23,17,6
230834,Castleton University,VT,Vermont,"Degree-granting, primarily baccalaureate or above",2022,13078,422,44590542,42072427,51,18,0,26,2,-2,5,39,0,4,10,27,14,6
230913,Northern Vermont University,VT,Vermont,"Degree-granting, primarily baccalaureate or above",2015,11018,204,25271767,26301872,54,19,0,20,2,0,4,41,0,1,14,13,26,5
230913,Northern Vermont University,VT,Vermont,"Degree-granting, primarily baccalaureate or above",2016,11290,211,24757918,27848020,54,19,0,20,3,0,4,42,0,2,13,14,26,4
230913,Northern Vermont University,VT,Vermont,"Degree-granting, primarily baccalaureate or above",2017,11730,224,25255879,25717491,54,20,0,19,2,2,4,44,0,1,12,14,24,4
230913,Northern Vermont University,VT,Vermont,"Degree-granting, primarily baccalaureate or above",2018,12074,418,48975421,44986576,52,22,0,17,2,2,4,47,0,4,11,13,19,5
230913,Northern Vermont University,VT,Vermont,"Degree-granting, primarily baccalaureate or above",2019,12422,319,48202096,48243403,51,23,0,19,2,1,4,42,0,6,12,18,18,5
230913,Northern Vermont University,VT,Vermont,"Degree-granting, primarily baccalaureate or above",2020,12804,226,46259862,45995612,47,24,0,21,2,0,5,40,0,6,11,19,19,5
230913,Northern Vermont University,VT,Vermont,"Degree-granting, primarily baccalaureate or above",2021,12804,263,47141086,40275913,39,23,0,24,5,6,3,41,0,5,11,18,19,6
230913,Northern Vermont University,VT,Vermont,"Degree-granting, primarily baccalaureate or above",2022,12804,262,41541726,46048738,34,29,0,34,1,-4,6,35,0,6,10,21,22,6
231174,University of Vermont,VT,Vermont,"Degree-granting, primarily baccalaureate or above",2015,16768,2400,554894000,574972000,51,8,0,23,13,1,5,35,17,12,12,8,8,7
231174,University of Vermont,VT,Vermont,"Degree-granting, primarily baccalaureate or above",2016,17300,2496,573550000,578784000,52,7,0,22,13,-1,7,35,17,12,12,9,7,7
231174,University of Vermont,VT,Vermont,"Degree-granting, primarily baccalaureate or above",2017,17740,2642,645876238,609647944,49,7,0,19,12,8,6,34,17,12,12,9,8,8
231174,University of Vermont,VT,Vermont,"Degree-granting, primarily baccalaureate or above",2018,18276,2531,648851000,614813000,50,7,0,19,15,5,4,34,17,12,12,9,8,8
231174,University of Vermont,VT,Vermont,"Degree-granting, primarily baccalaureate or above",2019,18802,2636,670444000,627622000,50,6,0,19,15,4,5,34,17,12,12,8,9,7
231174,University of Vermont,VT,Vermont,"Degree-granting, primarily baccalaureate or above",2020,19062,2487,675264000,645940000,51,8,0,21,14,1,4,31,18,11,14,8,10,8
231174,University of Vermont,VT,Vermont,"Degree-granting, primarily baccalaureate or above",2021,19002,2932,825408000,634829000,40,9,0,19,12,18,3,27,19,12,14,9,12,8
231174,University of Vermont,VT,Vermont,"Degree-granting, primarily baccalaureate or above",2022,18890,3000,652067000,648453000,53,7,0,26,14,-6,6,29,20,11,14,7,10,10
231165,Vermont Technical College,VT,Vermont,"Degree-granting, not primarily baccalaureate or above",2015,13490,215,37829614,43580111,48,19,0,18,6,0,9,48,0,18,10,4,19,1
231165,Vermont Technical College,VT,Vermont,"Degree-granting, not primarily baccalaureate or above",2016,14026,218,37757315,39548255,52,17,0,18,2,0,10,45,0,18,11,5,20,2
231165,Vermont Technical College,VT,Vermont,"Degree-granting, not primarily baccalaureate or above",2017,14690,231,37658217,35894581,55,17,0,16,2,2,8,53,0,15,11,5,15,2
231165,Vermont Technical College,VT,Vermont,"Degree-granting, not primarily baccalaureate or above",2018,15108,230,37796679,37080124,55,18,0,17,1,1,7,55,0,11,11,5,16,2
231165,Vermont Technical College,VT,Vermont,"Degree-granting, not primarily baccalaureate or above",2019,15292,208,38309052,38928652,55,18,0,17,2,1,8,54,0,10,11,7,15,2
231165,Vermont Technical College,VT,Vermont,"Degree-granting, not primarily baccalaureate or above",2020,16044,120,41143662,38293087,53,19,0,20,2,0,6,53,0,10,10,6,18,3
231165,Vermont Technical College,VT,Vermont,"Degree-granting, not primarily baccalaureate or above",2021,16082,142,44772364,36601620,44,17,0,20,2,3,14,56,0,13,11,5,11,4
231165,Vermont Technical College,VT,Vermont,"Degree-granting, not primarily baccalaureate or above",2022,16086,127,49205265,41724678,38,17,0,22,2,-1,22,54,0,15,8,7,12,4
234827,Central Washington University,WA,Washington,"Degree-granting, primarily baccalaureate or above",2015,8688,1661,201079992,167621794,36,19,0,24,3,2,15,56,2,2,9,8,15,9
234827,Central Washington University,WA,Washington,"Degree-granting, primarily baccalaureate or above",2016,7719,1911,219608676,187394343,34,21,0,23,3,4,14,52,2,3,8,8,12,14
234827,Central Washington University,WA,Washington,"Degree-granting, primarily baccalaureate or above",2017,7903,2133,249653353,200470882,28,23,0,19,2,2,27,51,2,3,9,8,14,13
234827,Central Washington University,WA,Washington,"Degree-granting, primarily baccalaureate or above",2018,8072,2234,218651257,201315549,33,27,0,23,3,3,12,53,2,3,8,9,13,12
234827,Central Washington University,WA,Washington,"Degree-granting, primarily baccalaureate or above",2019,8273,2172,215145197,204479222,36,29,0,22,3,3,6,56,2,2,7,8,14,12
234827,Central Washington University,WA,Washington,"Degree-granting, primarily baccalaureate or above",2020,8444,1522,231378690,224447930,35,29,0,24,2,2,7,51,1,2,8,8,15,16
234827,Central Washington University,WA,Washington,"Degree-granting, primarily baccalaureate or above",2021,8685,1371,263782920,227547709,30,27,0,26,1,2,13,46,1,1,7,7,14,23
234827,Central Washington University,WA,Washington,"Degree-granting, primarily baccalaureate or above",2022,8845,1410,252579213,216763200,30,28,0,25,2,1,14,47,2,0,8,8,16,18
235097,Eastern Washington University,WA,Washington,"Degree-granting, primarily baccalaureate or above",2015,7866,1724,199704770,179262697,47,19,0,26,3,2,3,49,1,4,10,12,12,13
235097,Eastern Washington University,WA,Washington,"Degree-granting, primarily baccalaureate or above",2016,6951,1712,204037967,182019437,44,23,0,25,2,2,4,49,1,5,10,12,11,12
235097,Eastern Washington University,WA,Washington,"Degree-granting, primarily baccalaureate or above",2017,7109,1634,209985966,186224553,40,27,0,23,2,2,6,47,1,5,10,13,11,12
235097,Eastern Washington University,WA,Washington,"Degree-granting, primarily baccalaureate or above",2018,7323,1780,211488949,193759766,40,28,0,24,2,2,4,47,1,5,12,13,11,11
235097,Eastern Washington University,WA,Washington,"Degree-granting, primarily baccalaureate or above",2019,7526,1826,227465334,199318376,39,27,0,22,2,3,8,47,1,5,12,13,10,12
235097,Eastern Washington University,WA,Washington,"Degree-granting, primarily baccalaureate or above",2020,7733,1534,255563129,202740240,34,26,0,22,2,2,14,47,0,5,11,11,11,14
235097,Eastern Washington University,WA,Washington,"Degree-granting, primarily baccalaureate or above",2021,7922,1305,248367352,190379442,33,27,0,28,1,2,8,46,0,5,11,10,13,14
235097,Eastern Washington University,WA,Washington,"Degree-granting, primarily baccalaureate or above",2022,8139,1368,251884529,198194790,32,29,0,29,1,0,8,48,1,6,9,12,12,13
235167,The Evergreen State College,WA,Washington,"Degree-granting, primarily baccalaureate or above",2015,8380,595,87774968,80479186,36,23,0,26,4,3,8,46,0,4,11,10,16,13
235167,The Evergreen State College,WA,Washington,"Degree-granting, primarily baccalaureate or above",2016,7414,572,103583341,88222510,30,24,0,22,4,2,18,34,0,3,8,8,13,35
235167,The Evergreen State College,WA,Washington,"Degree-granting, primarily baccalaureate or above",2017,7599,521,102325151,97857145,33,28,0,21,4,3,12,32,0,3,8,8,11,37
235167,The Evergreen State College,WA,Washington,"Degree-granting, primarily baccalaureate or above",2018,7746,309,87486344,85862864,30,33,0,26,4,3,4,37,0,4,9,9,17,24
235167,The Evergreen State College,WA,Washington,"Degree-granting, primarily baccalaureate or above",2019,8217,260,88830193,92181058,29,35,0,27,5,3,2,35,0,4,8,8,10,37
235167,The Evergreen State College,WA,Washington,"Degree-granting, primarily baccalaureate or above",2020,8325,228,92292173,93212264,24,37,0,23,3,4,9,30,0,4,8,8,11,38
235167,The Evergreen State College,WA,Washington,"Degree-granting, primarily baccalaureate or above",2021,8529,234,91551184,80839879,16,39,0,27,3,4,10,29,0,4,9,8,9,40
235167,The Evergreen State College,WA,Washington,"Degree-granting, primarily baccalaureate or above",2022,8750,271,91870562,83906152,19,40,0,33,3,2,4,30,0,4,7,7,8,42
377555,University of Washington-Bothell Campus,WA,Washington,"Degree-granting, primarily baccalaureate or above",2015,11758,694,66021042,60288903,28,8,0,34,9,7,14,42,28,1,13,2,8,5
377555,University of Washington-Bothell Campus,WA,Washington,"Degree-granting, primarily baccalaureate or above",2016,10690,820,64814449,64485231,29,9,0,35,10,1,15,42,27,1,14,2,10,5
377555,University of Washington-Bothell Campus,WA,Washington,"Degree-granting, primarily baccalaureate or above",2017,10911,800,77271222,66183807,24,9,0,30,11,11,15,44,26,1,15,2,8,4
377555,University of Washington-Bothell Campus,WA,Washington,"Degree-granting, primarily baccalaureate or above",2018,11138,781,80294487,68871224,25,9,0,30,11,10,16,44,26,2,15,2,8,4
377555,University of Washington-Bothell Campus,WA,Washington,"Degree-granting, primarily baccalaureate or above",2019,11390,829,80307355,70178877,26,9,0,30,11,8,15,45,24,2,15,2,7,4
377555,University of Washington-Bothell Campus,WA,Washington,"Degree-granting, primarily baccalaureate or above",2020,11649,985,85486879,73797373,25,10,0,30,12,5,19,44,25,2,14,2,8,4
377555,University of Washington-Bothell Campus,WA,Washington,"Degree-granting, primarily baccalaureate or above",2021,11950,900,116632881,77248106,18,8,0,23,9,23,20,44,24,3,14,2,8,6
377555,University of Washington-Bothell Campus,WA,Washington,"Degree-granting, primarily baccalaureate or above",2022,12224,980,85684349,78414190,26,11,0,34,12,-11,27,43,26,3,18,1,4,5
236948,University of Washington-Seattle Campus,WA,Washington,"Degree-granting, primarily baccalaureate or above",2015,11839,6789,3169009999,2893867343,28,8,0,34,9,7,14,42,28,1,13,2,8,5
236948,University of Washington-Seattle Campus,WA,Washington,"Degree-granting, primarily baccalaureate or above",2016,10753,6475,3111093558,3095291099,29,9,0,35,10,1,15,42,27,1,14,2,10,5
236948,University of Washington-Seattle Campus,WA,Washington,"Degree-granting, primarily baccalaureate or above",2017,10974,6793,3709018650,3176822749,24,9,0,30,11,11,15,44,26,1,15,2,8,4
236948,University of Washington-Seattle Campus,WA,Washington,"Degree-granting, primarily baccalaureate or above",2018,11207,7161,3854135362,3305818727,25,9,0,30,11,10,16,44,26,2,15,2,8,4
236948,University of Washington-Seattle Campus,WA,Washington,"Degree-granting, primarily baccalaureate or above",2019,11465,6992,3854753023,3368586112,26,9,0,30,11,8,15,45,24,2,15,2,7,4
236948,University of Washington-Seattle Campus,WA,Washington,"Degree-granting, primarily baccalaureate or above",2020,11745,7027,4103370193,3542273897,25,10,0,30,12,5,19,44,25,2,14,2,8,4
236948,University of Washington-Seattle Campus,WA,Washington,"Degree-granting, primarily baccalaureate or above",2021,12076,7252,5598378287,3707909081,18,8,0,23,9,23,20,44,24,3,14,2,8,6
236948,University of Washington-Seattle Campus,WA,Washington,"Degree-granting, primarily baccalaureate or above",2022,12242,7386,4112848767,3763881123,26,11,0,34,12,-11,27,43,26,3,18,1,4,5
377564,University of Washington-Tacoma Campus,WA,Washington,"Degree-granting, primarily baccalaureate or above",2015,11905,461,66021042,60288903,28,8,0,34,9,7,14,42,28,1,13,2,8,5
377564,University of Washington-Tacoma Campus,WA,Washington,"Degree-granting, primarily baccalaureate or above",2016,10831,534,64814449,64485231,29,9,0,35,10,1,15,42,27,1,14,2,10,5
377564,University of Washington-Tacoma Campus,WA,Washington,"Degree-granting, primarily baccalaureate or above",2017,11046,588,77271222,66183807,24,9,0,30,11,11,15,44,26,1,15,2,8,4
377564,University of Washington-Tacoma Campus,WA,Washington,"Degree-granting, primarily baccalaureate or above",2018,11261,653,80294487,68871224,25,9,0,30,11,10,16,44,26,2,15,2,8,4
377564,University of Washington-Tacoma Campus,WA,Washington,"Degree-granting, primarily baccalaureate or above",2019,11639,655,80307355,70178877,26,9,0,30,11,8,15,45,24,2,15,2,7,4
377564,University of Washington-Tacoma Campus,WA,Washington,"Degree-granting, primarily baccalaureate or above",2020,11889,621,85486879,73797373,25,10,0,30,12,5,19,44,25,2,14,2,8,4
377564,University of Washington-Tacoma Campus,WA,Washington,"Degree-granting, primarily baccalaureate or above",2021,12196,628,116632881,77248106,18,8,0,23,9,23,20,44,24,3,14,2,8,6
377564,University of Washington-Tacoma Campus,WA,Washington,"Degree-granting, primarily baccalaureate or above",2022,12458,625,85684349,78414190,26,11,0,34,12,-11,27,43,26,3,18,1,4,5
236939,Washington State University,WA,Washington,"Degree-granting, primarily baccalaureate or above",2015,11967,4727,915959603,889766967,32,20,0,29,5,5,10,33,26,6,10,4,13,7
236939,Washington State University,WA,Washington,"Degree-granting, primarily baccalaureate or above",2016,11041,4527,932281056,979554170,31,21,0,30,5,3,10,33,26,5,12,4,12,8
236939,Washington State University,WA,Washington,"Degree-granting, primarily baccalaureate or above",2017,11391,4612,1014897153,1238099459,28,22,0,28,4,5,12,38,24,6,11,4,11,5
236939,Washington State University,WA,Washington,"Degree-granting, primarily baccalaureate or above",2018,11584,5164,985404868,982430365,28,24,0,29,5,5,9,30,22,5,10,3,13,18
236939,Washington State University,WA,Washington,"Degree-granting, primarily baccalaureate or above",2019,11841,4812,1089689008,977161460,27,23,0,28,5,6,12,30,24,4,10,3,13,16
236939,Washington State University,WA,Washington,"Degree-granting, primarily baccalaureate or above",2020,12170,4191,1138471529,1004711394,27,23,0,26,4,6,13,30,24,4,10,3,11,17
236939,Washington State University,WA,Washington,"Degree-granting, primarily baccalaureate or above",2021,12417,4007,1281284453,1046587150,25,22,0,25,4,9,16,27,22,3,10,3,14,20
236939,Washington State University,WA,Washington,"Degree-granting, primarily baccalaureate or above",2022,12701,3991,1086153314,1056720880,27,26,0,30,7,-6,15,27,30,2,11,3,8,19
237011,Western Washington University,WA,Washington,"Degree-granting, primarily baccalaureate or above",2015,8611,2809,227124673,219330063,51,22,0,18,1,0,7,59,3,0,7,10,11,8
237011,Western Washington University,WA,Washington,"Degree-granting, primarily baccalaureate or above",2016,7903,2888,258799346,247454951,46,24,0,16,1,0,12,56,4,0,8,11,13,8
237011,Western Washington University,WA,Washington,"Degree-granting, primarily baccalaureate or above",2017,8183,3114,278002447,245596485,39,27,0,15,1,1,15,58,3,0,7,10,13,8
237011,Western Washington University,WA,Washington,"Degree-granting, primarily baccalaureate or above",2018,8126,3147,255725932,263142713,44,31,0,17,2,1,5,57,3,0,7,10,11,12
237011,Western Washington University,WA,Washington,"Degree-granting, primarily baccalaureate or above",2019,8343,3116,271000399,270170323,44,31,0,17,2,1,6,58,3,0,7,10,12,11
237011,Western Washington University,WA,Washington,"Degree-granting, primarily baccalaureate or above",2020,8508,2494,287411974,287050704,41,32,0,18,1,1,7,55,3,0,7,10,13,13
237011,Western Washington University,WA,Washington,"Degree-granting, primarily baccalaureate or above",2021,8703,2874,338224209,281056016,31,28,0,21,2,2,17,56,3,0,7,10,13,11
237011,Western Washington University,WA,Washington,"Degree-granting, primarily baccalaureate or above",2022,8967,3222,319007768,290330802,36,31,0,24,2,0,7,53,3,0,6,9,11,16
240268,University of Wisconsin-Eau Claire,WI,Wisconsin,"Degree-granting, primarily baccalaureate or above",2015,8822,2239,153451673,154478689,44,22,0,10,3,0,21,47,1,2,15,18,9,8
240268,University of Wisconsin-Eau Claire,WI,Wisconsin,"Degree-granting, primarily baccalaureate or above",2016,8812,2318,142380340,150283002,48,20,0,10,3,0,19,49,1,2,14,18,9,8
240268,University of Wisconsin-Eau Claire,WI,Wisconsin,"Degree-granting, primarily baccalaureate or above",2017,8816,2352,146800143,146154078,46,19,0,9,3,0,22,43,1,2,14,18,9,13
240268,University of Wisconsin-Eau Claire,WI,Wisconsin,"Degree-granting, primarily baccalaureate or above",2018,8820,2486,151558312,147249861,47,18,0,9,5,1,21,43,1,2,15,19,11,9
240268,University of Wisconsin-Eau Claire,WI,Wisconsin,"Degree-granting, primarily baccalaureate or above",2019,8840,2433,153094262,148527061,41,20,0,10,6,1,20,45,1,2,15,18,11,8
240268,University of Wisconsin-Eau Claire,WI,Wisconsin,"Degree-granting, primarily baccalaureate or above",2020,8870,2258,164814946,160288329,41,20,0,13,6,1,19,42,1,2,14,18,13,11
240268,University of Wisconsin-Eau Claire,WI,Wisconsin,"Degree-granting, primarily baccalaureate or above",2021,8874,2253,167862602,146514112,39,21,0,16,3,0,20,48,1,2,16,18,16,0
240268,University of Wisconsin-Eau Claire,WI,Wisconsin,"Degree-granting, primarily baccalaureate or above",2022,8914,2134,167837163,157415049,36,23,0,17,4,0,21,50,1,2,14,19,13,2
240277,University of Wisconsin-Green Bay,WI,Wisconsin,"Degree-granting, primarily baccalaureate or above",2015,7824,789,75221603,78186642,35,25,0,15,5,0,22,40,2,6,14,21,11,7
240277,University of Wisconsin-Green Bay,WI,Wisconsin,"Degree-granting, primarily baccalaureate or above",2016,7878,872,78760318,78769266,35,23,0,14,5,0,22,44,2,5,13,21,10,6
240277,University of Wisconsin-Green Bay,WI,Wisconsin,"Degree-granting, primarily baccalaureate or above",2017,7878,975,76928685,79814848,34,23,0,14,5,0,24,37,2,6,14,21,11,10
240277,University of Wisconsin-Green Bay,WI,Wisconsin,"Degree-granting, primarily baccalaureate or above",2018,7878,1330,82321115,78313004,33,22,0,14,8,0,23,36,2,6,15,23,10,8
240277,University of Wisconsin-Green Bay,WI,Wisconsin,"Degree-granting, primarily baccalaureate or above",2019,7873,1346,89625487,85674265,32,25,0,12,9,1,22,35,2,7,13,22,11,10
240277,University of Wisconsin-Green Bay,WI,Wisconsin,"Degree-granting, primarily baccalaureate or above",2020,7873,1269,102400135,96291344,32,25,0,16,5,1,22,37,2,5,15,21,11,8
240277,University of Wisconsin-Green Bay,WI,Wisconsin,"Degree-granting, primarily baccalaureate or above",2021,7873,1208,108554673,96219603,32,25,0,18,6,0,19,40,2,4,18,19,13,3
240277,University of Wisconsin-Green Bay,WI,Wisconsin,"Degree-granting, primarily baccalaureate or above",2022,7873,1137,126579112,109908164,27,23,0,24,5,0,21,38,3,4,17,23,10,5
240329,University of Wisconsin-La Crosse,WI,Wisconsin,"Degree-granting, primarily baccalaureate or above",2015,8832,2071,142125375,137545020,51,18,0,9,3,0,20,51,3,2,14,18,8,4
240329,University of Wisconsin-La Crosse,WI,Wisconsin,"Degree-granting, primarily baccalaureate or above",2016,9091,2093,149589676,140782411,48,14,0,8,3,0,27,55,2,2,14,16,7,3
240329,University of Wisconsin-La Crosse,WI,Wisconsin,"Degree-granting, primarily baccalaureate or above",2017,9096,2119,148277490,142634265,48,14,0,8,3,1,27,50,2,2,15,17,8,7
240329,University of Wisconsin-La Crosse,WI,Wisconsin,"Degree-granting, primarily baccalaureate or above",2018,9107,2179,188758457,140770524,38,12,0,7,2,1,41,51,2,2,15,18,8,4
240329,University of Wisconsin-La Crosse,WI,Wisconsin,"Degree-granting, primarily baccalaureate or above",2019,9127,2203,154421514,152483402,47,17,0,7,3,1,25,49,2,2,14,17,8,8
240329,University of Wisconsin-La Crosse,WI,Wisconsin,"Degree-granting, primarily baccalaureate or above",2020,9160,2141,153345579,150541139,48,17,0,11,3,1,21,51,2,2,13,17,8,7
240329,University of Wisconsin-La Crosse,WI,Wisconsin,"Degree-granting, primarily baccalaureate or above",2021,9195,2217,172633871,144254073,42,17,0,23,2,1,15,50,2,1,14,17,15,1
240329,University of Wisconsin-La Crosse,WI,Wisconsin,"Degree-granting, primarily baccalaureate or above",2022,9232,2326,166727842,148821530,44,19,0,16,3,0,19,52,2,1,14,17,9,4
240444,University of Wisconsin-Madison,WI,Wisconsin,"Degree-granting, primarily baccalaureate or above",2015,10415,6269,2393698986,2292694287,17,16,0,23,22,0,21,25,42,8,9,5,4,7
240444,University of Wisconsin-Madison,WI,Wisconsin,"Degree-granting, primarily baccalaureate or above",2016,10488,6430,2475274126,2447106763,19,14,0,23,22,0,21,26,41,7,8,5,3,9
240444,University of Wisconsin-Madison,WI,Wisconsin,"Degree-granting, primarily baccalaureate or above",2017,10533,6609,2634741772,2526548087,19,14,0,24,23,2,19,24,41,7,8,4,4,13
240444,University of Wisconsin-Madison,WI,Wisconsin,"Degree-granting, primarily baccalaureate or above",2018,10555,6862,2803887907,2568799611,22,13,0,21,22,1,21,24,41,6,8,5,4,11
240444,University of Wisconsin-Madison,WI,Wisconsin,"Degree-granting, primarily baccalaureate or above",2019,10725,7550,2906724756,2814837913,23,13,0,21,22,2,20,24,37,8,8,6,4,13
240444,University of Wisconsin-Madison,WI,Wisconsin,"Degree-granting, primarily baccalaureate or above",2020,10742,7306,3050610643,2957460743,22,14,0,22,21,1,19,24,37,11,9,5,5,10
240444,University of Wisconsin-Madison,WI,Wisconsin,"Degree-granting, primarily baccalaureate or above",2021,10720,8465,3305652083,2831713123,22,14,0,22,22,4,16,27,40,12,9,6,5,1
240444,University of Wisconsin-Madison,WI,Wisconsin,"Degree-granting, primarily baccalaureate or above",2022,10796,8628,3359162576,3050478437,23,14,0,24,23,-2,19,27,40,11,9,6,5,2
240453,University of Wisconsin-Milwaukee,WI,Wisconsin,"Degree-granting, primarily baccalaureate or above",2015,9429,3315,538912963,510261695,37,25,0,14,3,0,21,41,11,4,11,13,9,11
240453,University of Wisconsin-Milwaukee,WI,Wisconsin,"Degree-granting, primarily baccalaureate or above",2016,9493,3118,486362682,491048078,41,22,0,15,4,0,17,43,11,6,11,13,9,8
240453,University of Wisconsin-Milwaukee,WI,Wisconsin,"Degree-granting, primarily baccalaureate or above",2017,9565,3233,463729118,477814310,42,22,0,16,4,0,17,41,11,6,11,13,8,11
240453,University of Wisconsin-Milwaukee,WI,Wisconsin,"Degree-granting, primarily baccalaureate or above",2018,9588,4023,459685804,462605863,39,25,0,15,5,1,15,40,11,6,11,14,8,10
240453,University of Wisconsin-Milwaukee,WI,Wisconsin,"Degree-granting, primarily baccalaureate or above",2019,9526,3760,492712758,493511714,40,24,0,15,7,1,13,41,10,6,10,13,7,13
240453,University of Wisconsin-Milwaukee,WI,Wisconsin,"Degree-granting, primarily baccalaureate or above",2020,9254,3249,507853119,503059961,38,22,0,17,5,0,18,37,11,5,13,14,7,12
240453,University of Wisconsin-Milwaukee,WI,Wisconsin,"Degree-granting, primarily baccalaureate or above",2021,9610,3358,510371062,464928118,35,25,0,19,3,1,17,41,12,5,12,15,9,7
240453,University of Wisconsin-Milwaukee,WI,Wisconsin,"Degree-granting, primarily baccalaureate or above",2022,9620,3349,563590173,497803829,29,24,0,20,7,0,20,40,11,5,12,19,8,4
491288,University of Wisconsin-Milwaukee Flex,WI,Wisconsin,"Degree-granting, primarily baccalaureate or above",2020,6750,2,5129829,5081414,38,22,0,17,5,0,18,37,11,5,13,14,7,12
491288,University of Wisconsin-Milwaukee Flex,WI,Wisconsin,"Degree-granting, primarily baccalaureate or above",2021,6750,11,5155263,4696244,35,25,0,19,3,1,17,41,12,5,12,15,9,7
491288,University of Wisconsin-Milwaukee Flex,WI,Wisconsin,"Degree-granting, primarily baccalaureate or above",2022,6750,3,5692830,5028322,29,24,0,20,7,0,20,40,11,5,12,19,8,4
240365,University of Wisconsin-Oshkosh,WI,Wisconsin,"Degree-granting, primarily baccalaureate or above",2015,7487,1567,164151579,152483128,36,21,0,15,2,0,26,52,2,5,11,15,7,8
240365,University of Wisconsin-Oshkosh,WI,Wisconsin,"Degree-granting, primarily baccalaureate or above",2016,7544,1501,146482982,161256127,38,21,0,15,3,0,23,54,1,4,10,15,8,8
240365,University of Wisconsin-Oshkosh,WI,Wisconsin,"Degree-granting, primarily baccalaureate or above",2017,7587,1519,147555735,156671418,35,21,0,15,5,0,24,51,1,3,10,15,9,10
240365,University of Wisconsin-Oshkosh,WI,Wisconsin,"Degree-granting, primarily baccalaureate or above",2018,7621,2433,147343840,153911789,37,22,0,16,3,0,22,52,1,3,11,17,9,6
240365,University of Wisconsin-Oshkosh,WI,Wisconsin,"Degree-granting, primarily baccalaureate or above",2019,7656,2165,151104152,166276635,39,24,0,15,3,1,18,48,1,3,12,16,9,11
240365,University of Wisconsin-Oshkosh,WI,Wisconsin,"Degree-granting, primarily baccalaureate or above",2020,7717,1854,165996674,164440544,38,22,0,17,3,0,21,51,1,3,12,16,9,8
240365,University of Wisconsin-Oshkosh,WI,Wisconsin,"Degree-granting, primarily baccalaureate or above",2021,7733,1786,165448215,146810921,36,26,0,20,2,0,16,56,2,3,13,18,9,1
240365,University of Wisconsin-Oshkosh,WI,Wisconsin,"Degree-granting, primarily baccalaureate or above",2022,7795,1738,170044815,172949936,32,26,0,23,1,0,18,55,2,3,13,16,9,4
240374,University of Wisconsin-Parkside,WI,Wisconsin,"Degree-granting, primarily baccalaureate or above",2015,7341,620,62210891,60527626,32,33,0,15,2,0,18,37,0,3,17,20,11,11
240374,University of Wisconsin-Parkside,WI,Wisconsin,"Degree-granting, primarily baccalaureate or above",2016,7367,666,59981165,62162072,32,35,0,15,2,0,16,39,0,3,15,19,11,13
240374,University of Wisconsin-Parkside,WI,Wisconsin,"Degree-granting, primarily baccalaureate or above",2017,7389,709,57932833,60575076,32,31,0,15,2,0,19,36,1,3,17,19,11,13
240374,University of Wisconsin-Parkside,WI,Wisconsin,"Degree-granting, primarily baccalaureate or above",2018,7389,649,59839327,58220715,30,33,0,15,2,0,19,37,1,4,17,20,12,10
240374,University of Wisconsin-Parkside,WI,Wisconsin,"Degree-granting, primarily baccalaureate or above",2019,7421,657,61174758,70024394,32,35,0,15,3,1,15,36,1,3,11,21,11,17
240374,University of Wisconsin-Parkside,WI,Wisconsin,"Degree-granting, primarily baccalaureate or above",2020,7444,541,75260189,70213843,30,28,0,14,2,0,25,35,1,4,16,20,13,12
240374,University of Wisconsin-Parkside,WI,Wisconsin,"Degree-granting, primarily baccalaureate or above",2021,7444,467,93932344,72315196,25,25,0,17,2,0,31,36,1,2,15,13,24,9
240374,University of Wisconsin-Parkside,WI,Wisconsin,"Degree-granting, primarily baccalaureate or above",2022,7466,442,86543010,77021808,26,27,0,22,2,0,24,34,2,2,14,13,23,12
240462,University of Wisconsin-Platteville,WI,Wisconsin,"Degree-granting, primarily baccalaureate or above",2015,7488,1621,110650232,112732470,44,19,0,11,2,0,23,42,1,3,20,16,11,7
240462,University of Wisconsin-Platteville,WI,Wisconsin,"Degree-granting, primarily baccalaureate or above",2016,7484,1561,113431800,112151032,45,19,0,10,1,0,25,42,1,3,21,15,11,7
240462,University of Wisconsin-Platteville,WI,Wisconsin,"Degree-granting, primarily baccalaureate or above",2017,7536,1426,109196153,111790714,46,15,0,10,2,1,27,35,1,2,23,15,13,11
240462,University of Wisconsin-Platteville,WI,Wisconsin,"Degree-granting, primarily baccalaureate or above",2018,7796,1688,104054656,108984867,47,20,0,10,2,1,20,35,1,2,25,17,11,8
240462,University of Wisconsin-Platteville,WI,Wisconsin,"Degree-granting, primarily baccalaureate or above",2019,7353,1494,106687363,120117356,43,22,0,9,3,1,21,33,1,2,24,17,12,12
240462,University of Wisconsin-Platteville,WI,Wisconsin,"Degree-granting, primarily baccalaureate or above",2020,7873,1389,139446778,123238919,33,19,0,9,2,0,36,35,1,2,23,17,13,9
240462,University of Wisconsin-Platteville,WI,Wisconsin,"Degree-granting, primarily baccalaureate or above",2021,7844,1265,139154669,111436512,29,22,0,15,2,1,31,39,1,2,22,18,13,4
240462,University of Wisconsin-Platteville,WI,Wisconsin,"Degree-granting, primarily baccalaureate or above",2022,7862,1437,141679440,112428142,26,23,0,16,3,0,33,37,2,2,21,20,14,3
240471,University of Wisconsin-River Falls,WI,Wisconsin,"Degree-granting, primarily baccalaureate or above",2015,7937,1066,97590140,85052171,36,20,0,10,2,0,33,47,1,4,17,17,8,6
240471,University of Wisconsin-River Falls,WI,Wisconsin,"Degree-granting, primarily baccalaureate or above",2016,7981,1219,102139763,84388328,34,18,0,9,2,0,37,49,1,4,14,16,9,6
240471,University of Wisconsin-River Falls,WI,Wisconsin,"Degree-granting, primarily baccalaureate or above",2017,8013,1325,99766445,86216569,34,17,0,9,2,0,37,45,1,3,15,18,7,12
240471,University of Wisconsin-River Falls,WI,Wisconsin,"Degree-granting, primarily baccalaureate or above",2018,8025,1314,89253451,86223695,38,19,0,11,3,0,29,44,1,4,15,19,8,10
240471,University of Wisconsin-River Falls,WI,Wisconsin,"Degree-granting, primarily baccalaureate or above",2019,8037,1203,92802669,88826806,36,20,0,11,3,1,29,45,1,3,15,19,9,9
240471,University of Wisconsin-River Falls,WI,Wisconsin,"Degree-granting, primarily baccalaureate or above",2020,8063,1088,99711048,91795024,34,19,0,13,3,1,31,44,1,2,15,18,9,10
240471,University of Wisconsin-River Falls,WI,Wisconsin,"Degree-granting, primarily baccalaureate or above",2021,8088,1016,94473222,84523916,34,23,0,17,3,0,23,46,1,2,15,23,10,3
240471,University of Wisconsin-River Falls,WI,Wisconsin,"Degree-granting, primarily baccalaureate or above",2022,8135,1014,94841307,90604538,31,25,0,20,3,0,21,42,2,2,14,23,10,6
240480,University of Wisconsin-Stevens Point,WI,Wisconsin,"Degree-granting, primarily baccalaureate or above",2015,7672,1792,140396798,140234372,37,21,0,14,3,0,26,43,2,12,10,16,10,6
240480,University of Wisconsin-Stevens Point,WI,Wisconsin,"Degree-granting, primarily baccalaureate or above",2016,8159,1591,140409600,136734609,37,19,0,13,2,0,28,46,2,9,9,17,11,6
240480,University of Wisconsin-Stevens Point,WI,Wisconsin,"Degree-granting, primarily baccalaureate or above",2017,8209,1560,145623278,138822144,33,18,0,13,2,0,34,40,2,9,11,17,10,11
240480,University of Wisconsin-Stevens Point,WI,Wisconsin,"Degree-granting, primarily baccalaureate or above",2018,8239,1806,164517752,142439183,29,17,0,12,3,0,39,40,3,8,11,16,11,12
240480,University of Wisconsin-Stevens Point,WI,Wisconsin,"Degree-granting, primarily baccalaureate or above",2019,8270,1529,138438824,138025876,29,24,0,13,4,1,30,39,3,9,12,18,11,10
240480,University of Wisconsin-Stevens Point,WI,Wisconsin,"Degree-granting, primarily baccalaureate or above",2020,8300,1838,139632112,135956336,26,26,0,16,4,1,27,40,3,9,12,18,11,8
240480,University of Wisconsin-Stevens Point,WI,Wisconsin,"Degree-granting, primarily baccalaureate or above",2021,8331,1810,143133171,126226057,25,27,0,21,3,0,24,41,3,7,14,22,11,3
240480,University of Wisconsin-Stevens Point,WI,Wisconsin,"Degree-granting, primarily baccalaureate or above",2022,8376,1722,150988123,143203388,25,26,0,22,3,0,23,36,2,8,15,23,9,6
240417,University of Wisconsin-Stout,WI,Wisconsin,"Degree-granting, primarily baccalaureate or above",2015,9203,1575,147161244,122442116,33,18,0,10,2,0,36,51,0,6,13,17,11,3
240417,University of Wisconsin-Stout,WI,Wisconsin,"Degree-granting, primarily baccalaureate or above",2016,9395,1588,138785685,137055657,39,18,0,12,3,0,28,49,0,7,12,15,7,10
240417,University of Wisconsin-Stout,WI,Wisconsin,"Degree-granting, primarily baccalaureate or above",2017,9456,1528,129937172,136131287,37,18,0,13,3,0,29,42,0,7,13,14,10,13
240417,University of Wisconsin-Stout,WI,Wisconsin,"Degree-granting, primarily baccalaureate or above",2018,9457,1406,132447776,133287258,38,18,0,14,3,1,27,43,1,8,13,16,10,10
240417,University of Wisconsin-Stout,WI,Wisconsin,"Degree-granting, primarily baccalaureate or above",2019,9463,1491,127334292,140199717,34,20,0,11,5,1,29,44,0,8,11,15,12,10
240417,University of Wisconsin-Stout,WI,Wisconsin,"Degree-granting, primarily baccalaureate or above",2020,9488,1332,130089272,140458824,34,19,0,13,4,0,29,40,0,7,14,15,14,9
240417,University of Wisconsin-Stout,WI,Wisconsin,"Degree-granting, primarily baccalaureate or above",2021,9553,1324,131655272,125985821,32,22,0,17,4,0,25,40,0,6,14,16,21,2
240417,University of Wisconsin-Stout,WI,Wisconsin,"Degree-granting, primarily baccalaureate or above",2022,9663,1252,136263553,127956912,34,22,0,17,4,0,23,42,0,6,15,17,12,8
240426,University of Wisconsin-Superior,WI,Wisconsin,"Degree-granting, primarily baccalaureate or above",2015,8036,367,55689922,47623995,22,31,0,10,5,0,31,40,5,5,10,21,14,5
240426,University of Wisconsin-Superior,WI,Wisconsin,"Degree-granting, primarily baccalaureate or above",2016,8088,376,49781668,49505821,25,39,0,12,5,0,19,40,5,4,11,22,14,5
240426,University of Wisconsin-Superior,WI,Wisconsin,"Degree-granting, primarily baccalaureate or above",2017,8109,345,46530436,48159459,28,36,0,12,7,1,17,35,5,3,13,22,13,9
240426,University of Wisconsin-Superior,WI,Wisconsin,"Degree-granting, primarily baccalaureate or above",2018,8126,326,46814800,48873173,29,36,0,15,5,1,14,37,6,3,12,22,13,7
240426,University of Wisconsin-Superior,WI,Wisconsin,"Degree-granting, primarily baccalaureate or above",2019,8132,327,51062902,54400559,28,34,0,19,3,1,15,35,4,2,11,23,12,13
240426,University of Wisconsin-Superior,WI,Wisconsin,"Degree-granting, primarily baccalaureate or above",2020,8140,276,49769312,52312737,28,36,0,15,5,0,15,36,5,2,11,21,16,8
240426,University of Wisconsin-Superior,WI,Wisconsin,"Degree-granting, primarily baccalaureate or above",2021,8155,341,53640024,47252828,25,36,0,18,4,1,16,40,7,2,13,20,17,1
240426,University of Wisconsin-Superior,WI,Wisconsin,"Degree-granting, primarily baccalaureate or above",2022,8167,319,59518520,59586755,25,33,0,23,4,0,15,35,9,2,12,21,17,3
240189,University of Wisconsin-Whitewater,WI,Wisconsin,"Degree-granting, primarily baccalaureate or above",2015,7637,2189,145614685,143593928,52,14,0,10,2,0,22,46,0,4,15,18,10,6
240189,University of Wisconsin-Whitewater,WI,Wisconsin,"Degree-granting, primarily baccalaureate or above",2016,7650,2220,148561796,152416698,52,12,0,10,2,0,23,48,0,4,14,17,11,6
240189,University of Wisconsin-Whitewater,WI,Wisconsin,"Degree-granting, primarily baccalaureate or above",2017,7662,2014,153662923,157548549,52,11,0,10,2,0,24,44,0,4,15,17,10,10
240189,University of Wisconsin-Whitewater,WI,Wisconsin,"Degree-granting, primarily baccalaureate or above",2018,7692,2188,153288007,157602164,51,12,0,11,2,1,22,46,1,5,15,17,10,7
240189,University of Wisconsin-Whitewater,WI,Wisconsin,"Degree-granting, primarily baccalaureate or above",2019,7695,2119,165508013,171570993,46,14,0,10,3,1,26,45,1,4,14,16,11,9
240189,University of Wisconsin-Whitewater,WI,Wisconsin,"Degree-granting, primarily baccalaureate or above",2020,7735,2055,167014093,175902163,46,14,0,13,3,1,23,43,1,4,16,18,10,9
240189,University of Wisconsin-Whitewater,WI,Wisconsin,"Degree-granting, primarily baccalaureate or above",2021,7730,2127,175214317,146777729,41,16,0,20,2,0,21,45,1,4,13,24,12,1
240189,University of Wisconsin-Whitewater,WI,Wisconsin,"Degree-granting, primarily baccalaureate or above",2022,7864,2089,175041302,151344598,37,18,0,24,2,0,18,44,1,5,14,27,10,0
237215,Bluefield State University,WV,West Virginia,"Degree-granting, primarily baccalaureate or above",2015,6120,267,19349324,20909561,22,30,0,44,3,0,1,47,0,2,7,11,24,8
237215,Bluefield State University,WV,West Virginia,"Degree-granting, primarily baccalaureate or above",2016,6408,222,19338919,20560483,21,29,0,44,2,0,4,39,0,2,6,9,19,25
237215,Bluefield State University,WV,West Virginia,"Degree-granting, primarily baccalaureate or above",2017,6728,222,19002945,19516370,22,29,0,45,3,0,1,39,0,1,8,10,18,23
237215,Bluefield State University,WV,West Virginia,"Degree-granting, primarily baccalaureate or above",2018,7056,205,19858853,19456290,21,27,0,45,4,0,3,41,0,1,7,10,17,24
237215,Bluefield State University,WV,West Virginia,"Degree-granting, primarily baccalaureate or above",2019,7488,200,21331943,20777443,21,26,0,46,2,0,5,38,0,0,6,10,21,25
237215,Bluefield State University,WV,West Virginia,"Degree-granting, primarily baccalaureate or above",2020,7680,215,21079424,18841011,20,30,0,44,2,0,4,39,0,0,6,8,20,26
237215,Bluefield State University,WV,West Virginia,"Degree-granting, primarily baccalaureate or above",2021,8784,346,47736070,20399743,10,14,0,28,1,0,48,33,1,0,8,10,18,30
237215,Bluefield State University,WV,West Virginia,"Degree-granting, primarily baccalaureate or above",2022,9840,294,26965291,22298793,19,23,0,57,2,0,0,35,1,0,6,9,18,30
237330,Concord University,WV,West Virginia,"Degree-granting, primarily baccalaureate or above",2015,6902,445,30522769,31472114,24,30,0,38,3,0,5,43,1,7,6,11,17,16
237330,Concord University,WV,West Virginia,"Degree-granting, primarily baccalaureate or above",2016,7238,472,30271302,30627893,25,28,0,38,3,0,5,36,0,7,5,10,14,28
237330,Concord University,WV,West Virginia,"Degree-granting, primarily baccalaureate or above",2017,7732,434,30523435,30563215,24,28,0,38,4,1,5,37,0,7,5,9,15,27
237330,Concord University,WV,West Virginia,"Degree-granting, primarily baccalaureate or above",2018,8211,430,30079193,30188600,24,28,0,41,2,1,4,34,0,7,5,9,16,29
237330,Concord University,WV,West Virginia,"Degree-granting, primarily baccalaureate or above",2019,8385,372,29755094,29259656,23,29,0,38,5,1,3,38,1,7,5,9,18,22
237330,Concord University,WV,West Virginia,"Degree-granting, primarily baccalaureate or above",2020,8385,383,30672191,31383433,19,34,0,32,7,1,7,33,0,6,4,9,17,30
237330,Concord University,WV,West Virginia,"Degree-granting, primarily baccalaureate or above",2021,8690,395,35100469,27997912,19,30,0,40,4,4,3,34,2,5,4,8,15,32
237330,Concord University,WV,West Virginia,"Degree-granting, primarily baccalaureate or above",2022,9100,370,36680245,36019898,20,29,0,48,2,-2,3,28,1,7,9,9,13,32
237367,Fairmont State University,WV,West Virginia,"Degree-granting, primarily baccalaureate or above",2015,6620,824,51565160,54215889,23,31,0,29,4,0,13,42,0,1,10,13,20,14
237367,Fairmont State University,WV,West Virginia,"Degree-granting, primarily baccalaureate or above",2016,6950,816,51278170,51731761,27,29,0,28,4,0,11,44,0,1,10,13,18,14
237367,Fairmont State University,WV,West Virginia,"Degree-granting, primarily baccalaureate or above",2017,7296,763,53266103,51956629,26,28,0,29,5,0,11,45,0,2,9,12,16,15
237367,Fairmont State University,WV,West Virginia,"Degree-granting, primarily baccalaureate or above",2018,7514,827,50615223,49135794,26,29,0,28,5,1,11,48,0,2,10,12,15,12
237367,Fairmont State University,WV,West Virginia,"Degree-granting, primarily baccalaureate or above",2019,7738,780,51815169,47663179,24,29,0,28,7,1,10,47,0,2,9,12,16,14
237367,Fairmont State University,WV,West Virginia,"Degree-granting, primarily baccalaureate or above",2020,7738,800,54134921,47397323,24,34,0,28,7,1,5,47,0,2,9,12,16,14
237367,Fairmont State University,WV,West Virginia,"Degree-granting, primarily baccalaureate or above",2021,7892,655,84713805,50470809,16,22,0,21,5,0,36,45,0,2,11,12,18,13
237367,Fairmont State University,WV,West Virginia,"Degree-granting, primarily baccalaureate or above",2022,8008,701,58400566,50847296,21,33,0,38,6,0,2,41,0,2,11,11,17,18
237385,Glenville State University,WV,West Virginia,"Degree-granting, not primarily baccalaureate or above",2015,7032,341,22276185,20143235,21,28,0,26,10,0,14,38,0,0,7,18,22,15
237385,Glenville State University,WV,West Virginia,"Degree-granting, not primarily baccalaureate or above",2016,7344,397,21353210,22365323,26,27,0,28,12,0,7,28,0,0,5,10,15,44
237525,Marshall University,WV,West Virginia,"Degree-granting, primarily baccalaureate or above",2015,6814,1913,243671391,232296702,31,29,0,24,9,1,6,45,6,10,12,6,11,10
237525,Marshall University,WV,West Virginia,"Degree-granting, primarily baccalaureate or above",2016,7154,1889,240115672,237757168,33,27,0,24,10,-1,6,47,6,9,12,6,10,10
237525,Marshall University,WV,West Virginia,"Degree-granting, primarily baccalaureate or above",2017,7798,1801,256258853,244239091,32,26,0,23,9,4,6,46,6,9,12,6,12,10
237525,Marshall University,WV,West Virginia,"Degree-granting, primarily baccalaureate or above",2018,8128,1681,256208952,242274886,33,24,0,23,9,3,7,45,7,8,11,6,11,12
237525,Marshall University,WV,West Virginia,"Degree-granting, primarily baccalaureate or above",2019,8412,1769,256546910,248322448,33,25,0,24,9,2,7,44,7,8,11,7,11,12
237525,Marshall University,WV,West Virginia,"Degree-granting, primarily baccalaureate or above",2020,8512,1728,268128358,271225893,30,25,0,28,9,1,7,43,7,9,11,7,11,13
237525,Marshall University,WV,West Virginia,"Degree-granting, primarily baccalaureate or above",2021,8552,1596,311494589,258752534,25,24,0,32,8,7,4,43,7,11,11,6,12,10
237525,Marshall University,WV,West Virginia,"Degree-granting, primarily baccalaureate or above",2022,8604,1554,268425722,267718171,26,21,0,42,9,-4,5,43,8,10,11,6,13,9
237792,Shepherd University,WV,West Virginia,"Degree-granting, primarily baccalaureate or above",2015,6830,638,42010391,44853935,46,24,0,25,3,0,2,49,0,1,10,11,18,12
237792,Shepherd University,WV,West Virginia,"Degree-granting, primarily baccalaureate or above",2016,7170,564,39883063,44803289,45,24,0,27,3,0,2,51,1,1,10,10,17,10
237792,Shepherd University,WV,West Virginia,"Degree-granting, primarily baccalaureate or above",2017,7328,598,39827233,44748392,44,24,0,26,4,0,2,51,1,1,9,10,18,10
237792,Shepherd University,WV,West Virginia,"Degree-granting, primarily baccalaureate or above",2018,7548,593,39976150,44673484,41,23,0,27,4,0,4,51,1,1,9,9,19,11
237792,Shepherd University,WV,West Virginia,"Degree-granting, primarily baccalaureate or above",2019,7784,494,40416026,44140873,39,25,0,27,5,1,4,52,1,1,9,10,17,11
237792,Shepherd University,WV,West Virginia,"Degree-granting, primarily baccalaureate or above",2020,7784,523,44588378,43392460,36,28,0,28,5,0,2,50,1,1,9,10,17,13
237792,Shepherd University,WV,West Virginia,"Degree-granting, primarily baccalaureate or above",2021,7784,419,44856526,41501166,33,29,0,33,4,0,1,53,1,0,10,10,12,14
237792,Shepherd University,WV,West Virginia,"Degree-granting, primarily baccalaureate or above",2022,8282,553,46220810,43563862,30,27,0,39,4,0,1,49,1,0,8,11,12,18
419031,United Technical Center,WV,West Virginia,"Nondegree-granting, sub-baccalaureate",2015,3500,16,322679,416964,11,0,0,83,0,0,6,75,0,0,4,1,5,15
419031,United Technical Center,WV,West Virginia,"Nondegree-granting, sub-baccalaureate",2016,3500,6,316655,443685,12,0,0,82,0,0,6,76,0,0,5,1,5,13
419031,United Technical Center,WV,West Virginia,"Nondegree-granting, sub-baccalaureate",2017,3500,10,289656,434810,14,0,0,86,0,0,0,76,0,0,4,1,5,14
419031,United Technical Center,WV,West Virginia,"Nondegree-granting, sub-baccalaureate",2018,3900,9,421438,378869,8,0,0,92,0,0,0,66,0,0,7,2,8,17
419031,United Technical Center,WV,West Virginia,"Nondegree-granting, sub-baccalaureate",2019,3900,9,414385,366792,12,0,0,88,0,0,0,66,0,0,5,2,7,20
419031,United Technical Center,WV,West Virginia,"Nondegree-granting, sub-baccalaureate",2020,3900,4,377317,400133,6,0,0,94,0,0,0,63,0,0,5,1,6,25
419031,United Technical Center,WV,West Virginia,"Nondegree-granting, sub-baccalaureate",2021,4400,4,324784,366264,14,0,0,86,0,0,0,71,0,0,5,0,5,19
419031,United Technical Center,WV,West Virginia,"Nondegree-granting, sub-baccalaureate",2022,4400,33,291073,405119,18,0,0,82,0,0,0,68,0,0,4,0,5,23
237932,West Liberty University,WV,West Virginia,"Degree-granting, primarily baccalaureate or above",2015,6702,409,35380540,33541701,39,23,0,25,10,0,2,39,2,0,6,7,16,31
237932,West Liberty University,WV,West Virginia,"Degree-granting, primarily baccalaureate or above",2016,7038,436,29738746,30935658,45,26,0,26,1,0,1,41,2,0,5,8,16,29
237932,West Liberty University,WV,West Virginia,"Degree-granting, primarily baccalaureate or above",2017,7380,495,30681186,30301757,45,25,0,25,2,0,2,37,1,0,6,8,16,32
237932,West Liberty University,WV,West Virginia,"Degree-granting, primarily baccalaureate or above",2018,7680,470,32490386,31096697,44,23,0,25,1,1,6,38,2,0,7,8,17,30
237932,West Liberty University,WV,West Virginia,"Degree-granting, primarily baccalaureate or above",2019,7990,465,33156934,33458001,45,24,0,25,1,1,4,39,2,0,7,7,18,28
237932,West Liberty University,WV,West Virginia,"Degree-granting, primarily baccalaureate or above",2020,8150,416,35130840,33256005,45,26,0,23,1,1,4,41,2,0,7,7,21,21
237932,West Liberty University,WV,West Virginia,"Degree-granting, primarily baccalaureate or above",2021,8345,378,37832209,35254125,42,24,0,20,2,0,12,36,2,0,6,5,17,33
237932,West Liberty University,WV,West Virginia,"Degree-granting, primarily baccalaureate or above",2022,8716,431,38741791,34996169,38,23,0,21,0,0,17,37,2,0,6,6,17,32
237899,West Virginia State University,WV,West Virginia,"Degree-granting, primarily baccalaureate or above",2015,6662,365,42551027,38924889,23,28,0,40,1,0,7,31,15,12,3,6,23,10
237899,West Virginia State University,WV,West Virginia,"Degree-granting, primarily baccalaureate or above",2016,6996,423,42905095,43984091,23,27,0,43,1,0,6,36,12,11,4,5,21,12
237899,West Virginia State University,WV,West Virginia,"Degree-granting, primarily baccalaureate or above",2017,7546,394,46452447,46926672,23,24,0,40,1,0,13,34,14,10,4,5,18,15
237899,West Virginia State University,WV,West Virginia,"Degree-granting, primarily baccalaureate or above",2018,8212,327,46325043,40868871,23,24,0,37,1,0,15,36,20,10,3,5,16,9
237899,West Virginia State University,WV,West Virginia,"Degree-granting, primarily baccalaureate or above",2019,8237,279,45178419,43641435,26,25,0,39,0,0,9,38,14,10,4,5,17,14
237899,West Virginia State University,WV,West Virginia,"Degree-granting, primarily baccalaureate or above",2020,8623,282,46189130,45813446,24,31,0,38,1,0,7,27,11,12,4,5,15,27
237899,West Virginia State University,WV,West Virginia,"Degree-granting, primarily baccalaureate or above",2021,8437,305,49606142,46721433,20,29,0,43,0,0,7,35,11,11,3,4,12,24
237899,West Virginia State University,WV,West Virginia,"Degree-granting, primarily baccalaureate or above",2022,8647,331,51578398,47019274,17,27,0,49,0,0,6,31,12,12,3,4,14,25
238032,West Virginia University,WV,West Virginia,"Degree-granting, primarily baccalaureate or above",2015,7632,4782,894510511,844816885,40,21,0,16,10,0,14,42,18,8,6,5,15,5
238032,West Virginia University,WV,West Virginia,"Degree-granting, primarily baccalaureate or above",2016,7992,5124,999922216,927322796,37,18,0,15,11,0,19,32,14,6,5,5,13,25
238032,West Virginia University,WV,West Virginia,"Degree-granting, primarily baccalaureate or above",2017,8376,5225,917650622,939061442,42,19,0,16,13,1,9,33,14,6,5,4,14,24
238032,West Virginia University,WV,West Virginia,"Degree-granting, primarily baccalaureate or above",2018,8856,4732,935419171,919613302,42,18,0,16,15,1,7,34,14,6,5,4,14,23
238032,West Virginia University,WV,West Virginia,"Degree-granting, primarily baccalaureate or above",2019,8976,4949,945779756,968861469,42,18,0,17,15,1,7,35,13,6,5,4,14,23
238032,West Virginia University,WV,West Virginia,"Degree-granting, primarily baccalaureate or above",2020,8976,4494,1024199646,1005283013,39,17,0,18,20,1,5,34,14,6,5,4,14,24
238032,West Virginia University,WV,West Virginia,"Degree-granting, primarily baccalaureate or above",2021,8976,4313,1129641767,1005516137,35,17,0,19,15,4,10,32,14,6,5,3,14,25
238032,West Virginia University,WV,West Virginia,"Degree-granting, primarily baccalaureate or above",2022,9360,4571,1052347459,1073273748,38,15,0,24,18,-3,7,31,14,6,5,3,13,28
237950,West Virginia University Institute of Technology,WV,West Virginia,"Degree-granting, primarily baccalaureate or above",2015,6336,268,18635636,17600352,40,21,0,16,10,0,14,42,18,8,6,5,15,5
237950,West Virginia University Institute of Technology,WV,West Virginia,"Degree-granting, primarily baccalaureate or above",2016,6648,307,20616953,19120058,37,18,0,15,11,0,19,32,14,6,5,5,13,25
237950,West Virginia University Institute of Technology,WV,West Virginia,"Degree-granting, primarily baccalaureate or above",2017,6960,351,18920631,19362092,42,19,0,16,13,1,9,33,14,6,5,4,14,24
237950,West Virginia University Institute of Technology,WV,West Virginia,"Degree-granting, primarily baccalaureate or above",2018,7464,367,29231849,28737916,42,18,0,16,15,1,7,34,14,6,5,4,14,23
237950,West Virginia University Institute of Technology,WV,West Virginia,"Degree-granting, primarily baccalaureate or above",2019,7560,321,19500614,19976525,42,18,0,17,15,1,7,35,13,6,5,4,14,23
237950,West Virginia University Institute of Technology,WV,West Virginia,"Degree-granting, primarily baccalaureate or above",2020,7560,282,21117518,20727485,39,17,0,18,20,1,5,34,14,6,5,4,14,24
237950,West Virginia University Institute of Technology,WV,West Virginia,"Degree-granting, primarily baccalaureate or above",2021,7728,303,23291583,20732291,35,17,0,19,15,4,10,32,14,6,5,3,14,25
237950,West Virginia University Institute of Technology,WV,West Virginia,"Degree-granting, primarily baccalaureate or above",2022,7848,298,21697886,22129356,38,15,0,24,18,-3,7,31,14,6,5,3,13,28
240727,University of Wyoming,WY,Wyoming,"Degree-granting, primarily baccalaureate or above",2015,4892,1692,520442208,429515053,10,45,0,20,8,1,14,38,20,10,9,4,13,6
240727,University of Wyoming,WY,Wyoming,"Degree-granting, primarily baccalaureate or above",2016,5055,1551,579496817,499818816,9,42,0,20,8,-1,21,32,16,9,9,3,9,21
240727,University of Wyoming,WY,Wyoming,"Degree-granting, primarily baccalaureate or above",2017,5217,1696,612266791,466254903,9,38,0,15,8,4,26,36,17,9,9,4,12,13
240727,University of Wyoming,WY,Wyoming,"Degree-granting, primarily baccalaureate or above",2018,5400,1859,573183973,467303847,12,34,0,19,7,3,25,37,18,13,9,7,14,2
240727,University of Wyoming,WY,Wyoming,"Degree-granting, primarily baccalaureate or above",2019,5581,1760,542513000,487762179,13,39,0,21,8,2,16,36,19,13,8,5,15,3
240727,University of Wyoming,WY,Wyoming,"Degree-granting, primarily baccalaureate or above",2020,5791,1424,518792000,532227000,15,40,0,23,7,3,13,34,20,12,8,4,15,7
240727,University of Wyoming,WY,Wyoming,"Degree-granting, primarily baccalaureate or above",2021,6277,1477,680931000,565986000,10,30,0,17,6,13,25,30,19,11,9,3,14,14
240727,University of Wyoming,WY,Wyoming,"Degree-granting, primarily baccalaureate or above",2022,6621,1627,507894000,526312000,14,40,0,25,8,-7,19,29,21,14,10,3,14,8
